QGPIORecord, QRC v6.1.0, 04-12-2025 @ 22:46:33, Windows 10 Version 2009, 10.0.26100, x86_64
Time, ValueIn0, ValueIn1, ValueIn2, ValueIn3, ValueIn4, ValueIn5, ValueIn6, ValueIn7, ValueIn8, ValueIn9, ValueIn10, ValueIn11
40791, 0, 0.52696, 0, 0, 0, 0, 0, 0, 0, 0, 0, 0
40800, 0, 0.487266, 0, 0, 0, 0, 0, 0, 0, 0, 0, 0
40811, 0, 0.496606, 0, 0, 0, 0, 0, 0, 0, 0, 0, 0
40820, 0, 0.52696, 0, 0, 0, 0, 0, 0, 0, 0, 0, 0
40830, 0, 0.53794, 0, 0, 0, 0, 0, 0, 0, 0, 0, 0
40840, 0, 0.53794, 0, 0, 0, 0, 0, 0, 0, 0, 0, 0
40850, 0, 0.53794, 0, 0, 0, 0, 0, 0, 0, 0, 0, 0
40860, 0, 0.53794, 0, 0, 0, 0, 0, 0, 0, 0, 0, 0
40870, 0, 0.52696, 0, 0, 0, 0, 0, 0, 0, 0, 0, 0
40880, 0, 0.573872, 0, 0, 0, 0, 0, 0, 0, 0, 0, 0
40890, 0, 0.586964, 0, 0, 0, 0, 0, 0, 0, 0, 0, 0
40900, 0, 0.52696, 0, 0, 0, 0, 0, 0, 0, 0, 0, 0
40910, 0, 0.53794, 0, 0, 0, 0, 0, 0, 0, 0, 0, 0
40921, 0, 0.586964, 0, 0, 0, 0, 0, 0, 0, 0, 0, 0
40930, 0, 0.487266, 0, 0, 0, 0, 0, 0, 0, 0, 0, 0
40940, 0, 0.496606, 0, 0, 0, 0, 0, 0, 0, 0, 0, 0
40950, 0, 0.53794, 0, 0, 0, 0, 0, 0, 0, 0, 0, 0
40961, 0, 0.573872, 0, 0, 0, 0, 0, 0, 0, 0, 0, 0
40970, 0, 0.52696, 0, 0, 0, 0, 0, 0, 0, 0, 0, 0
40980, 0, 0.549396, 0, 0, 0, 0, 0, 0, 0, 0, 0, 0
40990, 0, 0.586964, 0, 0, 0, 0, 0, 0, 0, 0, 0, 0
41000, 0, 0.53794, 0, 0, 0, 0, 0, 0, 0, 0, 0, 0
41010, 0, 0.52696, 0, 0, 0, 0, 0, 0, 0, 0, 0, 0
41020, 0, 0.53794, 0, 0, 0, 0, 0, 0, 0, 0, 0, 0
41030, 0, 0.487266, 0, 0, 0, 0, 0, 0, 0, 0, 0, 0
41040, 0, 0.52696, 0, 0, 0, 0, 0, 0, 0, 0, 0, 0
41050, 0, 0.549396, 0, 0, 0, 0, 0, 0, 0, 0, 0, 0
41060, 0, 0.487266, 0, 0, 0, 0, 0, 0, 0, 0, 0, 0
41070, 0, 0.573872, 0, 0, 0, 0, 0, 0, 0, 0, 0, 0
41080, 0, 0.586964, 0, 0, 0, 0, 0, 0, 0, 0, 0, 0
41091, 0, 0.52696, 0, 0, 0, 0, 0, 0, 0, 0, 0, 0
41100, 0, 0.53794, 0, 0, 0, 0, 0, 0, 0, 0, 0, 0
41110, 0, 0.487266, 0, 0, 0, 0, 0, 0, 0, 0, 0, 0
41120, 0, 0.573872, 0, 0, 0, 0, 0, 0, 0, 0, 0, 0
41131, 0, 0.586964, 0, 0, 0, 0, 0, 0, 0, 0, 0, 0
41140, 0, 0.52696, 0, 0, 0, 0, 0, 0, 0, 0, 0, 0
41150, 0, 0.52696, 0, 0, 0, 0, 0, 0, 0, 0, 0, 0
41160, 0, 0.53794, 0, 0, 0, 0, 0, 0, 0, 0, 0, 0
41170, 0, 0.453242, 0, 0, 0, 0, 0, 0, 0, 0, 0, 0
41180, 0, 0.43799, 0, 0, 0, 0, 0, 0, 0, 0, 0, 0
41190, 0, 0.496606, 0, 0, 0, 0, 0, 0, 0, 0, 0, 0
41200, 0, 0.52696, 0, 0, 0, 0, 0, 0, 0, 0, 0, 0
41210, 0, 0.53794, 0, 0, 0, 0, 0, 0, 0, 0, 0, 0
41221, 0, 0.487266, 0, 0, 0, 0, 0, 0, 0, 0, 0, 0
41230, 0, 0.487266, 0, 0, 0, 0, 0, 0, 0, 0, 0, 0
41240, 0, 0.487266, 0, 0, 0, 0, 0, 0, 0, 0, 0, 0
41250, 0, 0.487266, 0, 0, 0, 0, 0, 0, 0, 0, 0, 0
41261, 0, 0.496606, 0, 0, 0, 0, 0, 0, 0, 0, 0, 0
41270, 0, 0.646044, 0, 0, 0, 0, 0, 0, 0, 0, 0, 0
41280, 0, 0.496606, 0, 0, 0, 0, 0, 0, 0, 0, 0, 0
41290, 0, 0.487266, 0, 0, 0, 0, 0, 0, 0, 0, 0, 0
41300, 0, 0.573872, 0, 0, 0, 0, 0, 0, 0, 0, 0, 0
41310, 0, 0.549396, 0, 0, 0, 0, 0, 0, 0, 0, 0, 0
41320, 0, 0.52696, 0, 0, 0, 0, 0, 0, 0, 0, 0, 0
41330, 0, 0.573872, 0, 0, 0, 0, 0, 0, 0, 0, 0, 0
41340, 0, 0.586964, 0, 0, 0, 0, 0, 0, 0, 0, 0, 0
41350, 0, 0.496606, 0, 0, 0, 0, 0, 0, 0, 0, 0, 0
41360, 0, 0.487266, 0, 0, 0, 0, 0, 0, 0, 0, 0, 0
41370, 0, 0.496606, 0, 0, 0, 0, 0, 0, 0, 0, 0, 0
41380, 0, 0.646044, 0, 0, 0, 0, 0, 0, 0, 0, 0, 0
41391, 0, 0.453242, 0, 0, 0, 0, 0, 0, 0, 0, 0, 0
41400, 0, 0.461284, 0, 0, 0, 0, 0, 0, 0, 0, 0, 0
41410, 0, 0.573872, 0, 0, 0, 0, 0, 0, 0, 0, 0, 0
41420, 0, 0.52696, 0, 0, 0, 0, 0, 0, 0, 0, 0, 0
41431, 0, 0.53794, 0, 0, 0, 0, 0, 0, 0, 0, 0, 0
41440, 0, 0.52696, 0, 0, 0, 0, 0, 0, 0, 0, 0, 0
41450, 0, 0.53794, 0, 0, 0, 0, 0, 0, 0, 0, 0, 0
41460, 0, 0.52696, 0, 0, 0, 0, 0, 0, 0, 0, 0, 0
41470, 0, 0.573872, 0, 0, 0, 0, 0, 0, 0, 0, 0, 0
41480, 0, 0.600679, 0, 0, 0, 0, 0, 0, 0, 0, 0, 0
41490, 0, 0.453242, 0, 0, 0, 0, 0, 0, 0, 0, 0, 0
41500, 0, 0.586964, 0, 0, 0, 0, 0, 0, 0, 0, 0, 0
41510, 0, 0.52696, 0, 0, 0, 0, 0, 0, 0, 0, 0, 0
41520, 0, 0.52696, 0, 0, 0, 0, 0, 0, 0, 0, 0, 0
41530, 0, 0.53794, 0, 0, 0, 0, 0, 0, 0, 0, 0, 0
41540, 0, 0.586964, 0, 0, 0, 0, 0, 0, 0, 0, 0, 0
41550, 0, 0.52696, 0, 0, 0, 0, 0, 0, 0, 0, 0, 0
41561, 0, 0.53794, 0, 0, 0, 0, 0, 0, 0, 0, 0, 0
41570, 0, 0.52696, 0, 0, 0, 0, 0, 0, 0, 0, 0, 0
41580, 0, 0.453242, 0, 0, 0, 0, 0, 0, 0, 0, 0, 0
41590, 0, 0.461284, 0, 0, 0, 0, 0, 0, 0, 0, 0, 0
41601, 0, 0.52696, 0, 0, 0, 0, 0, 0, 0, 0, 0, 0
41610, 0, 0.53794, 0, 0, 0, 0, 0, 0, 0, 0, 0, 0
41620, 0, 0.586964, 0, 0, 0, 0, 0, 0, 0, 0, 0, 0
41630, 0, 0.487266, 0, 0, 0, 0, 0, 0, 0, 0, 0, 0
41640, 0, 0.487266, 0, 0, 0, 0, 0, 0, 0, 0, 0, 0
41650, 0, 0.52696, 0, 0, 0, 0, 0, 0, 0, 0, 0, 0
41660, 0, 0.487266, 0, 0, 0, 0, 0, 0, 0, 0, 0, 0
41670, 0, 0.487266, 0, 0, 0, 0, 0, 0, 0, 0, 0, 0
41680, 0, 0.52696, 0, 0, 0, 0, 0, 0, 0, 0, 0, 0
41690, 0, 0.53794, 0, 0, 0, 0, 0, 0, 0, 0, 0, 0
41700, 0, 0.487266, 0, 0, 0, 0, 0, 0, 0, 0, 0, 0
41710, 0, 0.496606, 0, 0, 0, 0, 0, 0, 0, 0, 0, 0
41720, 0, 0.496606, 0, 0, 0, 0, 0, 0, 0, 0, 0, 0
41731, 0, 0.53794, 0, 0, 0, 0, 0, 0, 0, 0, 0, 0
41740, 0, 0.506319, 0, 0, 0, 0, 0, 0, 0, 0, 0, 0
41750, 0, 0.53794, 0, 0, 0, 0, 0, 0, 0, 0, 0, 0
41760, 0, 0.487266, 0, 0, 0, 0, 0, 0, 0, 0, 0, 0
41771, 0, 0.53794, 0, 0, 0, 0, 0, 0, 0, 0, 0, 0
41780, 0, 0.53794, 0, 0, 0, 0, 0, 0, 0, 0, 0, 0
41790, 0, 0.573872, 0, 0, 0, 0, 0, 0, 0, 0, 0, 0
41800, 0, 0.573872, 0, 0, 0, 0, 0, 0, 0, 0, 0, 0
41810, 0, 0.586964, 0, 0, 0, 0, 0, 0, 0, 0, 0, 0
41820, 0, 0.487266, 0, 0, 0, 0, 0, 0, 0, 0, 0, 0
41830, 0, 0.487266, 0, 0, 0, 0, 0, 0, 0, 0, 0, 0
41840, 0, 0.52696, 0, 0, 0, 0, 0, 0, 0, 0, 0, 0
41850, 0, 0.52696, 0, 0, 0, 0, 0, 0, 0, 0, 0, 0
41861, 0, 0.53794, 0, 0, 0, 0, 0, 0, 0, 0, 0, 0
41870, 0, 0.487266, 0, 0, 0, 0, 0, 0, 0, 0, 0, 0
41880, 0, 0.52696, 0, 0, 0, 0, 0, 0, 0, 0, 0, 0
41890, 0, 0.496606, 0, 0, 0, 0, 0, 0, 0, 0, 0, 0
41901, 0, 0.487266, 0, 0, 0, 0, 0, 0, 0, 0, 0, 0
41910, 0, 0.506319, 0, 0, 0, 0, 0, 0, 0, 0, 0, 0
41920, 0, 0.52696, 0, 0, 0, 0, 0, 0, 0, 0, 0, 0
41930, 0, 0.487266, 0, 0, 0, 0, 0, 0, 0, 0, 0, 0
41940, 0, 0.469624, 0, 0, 0, 0, 0, 0, 0, 0, 0, 0
41950, 0, 0.487266, 0, 0, 0, 0, 0, 0, 0, 0, 0, 0
41960, 0, 0.496606, 0, 0, 0, 0, 0, 0, 0, 0, 0, 0
41970, 0, 0.487266, 0, 0, 0, 0, 0, 0, 0, 0, 0, 0
41980, 0, 0.52696, 0, 0, 0, 0, 0, 0, 0, 0, 0, 0
41990, 0, 0.53794, 0, 0, 0, 0, 0, 0, 0, 0, 0, 0
42000, 0, 0.487266, 0, 0, 0, 0, 0, 0, 0, 0, 0, 0
42010, 0, 0.573872, 0, 0, 0, 0, 0, 0, 0, 0, 0, 0
42020, 0, 0.586964, 0, 0, 0, 0, 0, 0, 0, 0, 0, 0
42031, 0, 0.52696, 0, 0, 0, 0, 0, 0, 0, 0, 0, 0
42040, 0, 0.53794, 0, 0, 0, 0, 0, 0, 0, 0, 0, 0
42050, 0, 0.445482, 0, 0, 0, 0, 0, 0, 0, 0, 0, 0
42060, 0, 0.53794, 0, 0, 0, 0, 0, 0, 0, 0, 0, 0
42071, 0, 0.52696, 0, 0, 0, 0, 0, 0, 0, 0, 0, 0
42080, 0, 0.53794, 0, 0, 0, 0, 0, 0, 0, 0, 0, 0
42090, 0, 0.487266, 0, 0, 0, 0, 0, 0, 0, 0, 0, 0
42100, 0, 0.496606, 0, 0, 0, 0, 0, 0, 0, 0, 0, 0
42110, 0, 0.573872, 0, 0, 0, 0, 0, 0, 0, 0, 0, 0
42120, 0, 0.573872, 0, 0, 0, 0, 0, 0, 0, 0, 0, 0
42130, 0, 0.53794, 0, 0, 0, 0, 0, 0, 0, 0, 0, 0
42140, 0, 0.53794, 0, 0, 0, 0, 0, 0, 0, 0, 0, 0
42150, 0, 0.53794, 0, 0, 0, 0, 0, 0, 0, 0, 0, 0
42160, 0, 0.53794, 0, 0, 0, 0, 0, 0, 0, 0, 0, 0
42170, 0, 0.478278, 0, 0, 0, 0, 0, 0, 0, 0, 0, 0
42180, 0, 0.487266, 0, 0, 0, 0, 0, 0, 0, 0, 0, 0
42190, 0, 0.487266, 0, 0, 0, 0, 0, 0, 0, 0, 0, 0
42201, 0, 0.453242, 0, 0, 0, 0, 0, 0, 0, 0, 0, 0
42210, 0, 0.453242, 0, 0, 0, 0, 0, 0, 0, 0, 0, 0
42220, 0, 0.52696, 0, 0, 0, 0, 0, 0, 0, 0, 0, 0
42230, 0, 0.487266, 0, 0, 0, 0, 0, 0, 0, 0, 0, 0
42241, 0, 0.487266, 0, 0, 0, 0, 0, 0, 0, 0, 0, 0
42250, 0, 0.630166, 0, 0, 0, 0, 0, 0, 0, 0, 0, 0
42260, 0, 0.646044, 0, 0, 0, 0, 0, 0, 0, 0, 0, 0
42270, 0, 0.52696, 0, 0, 0, 0, 0, 0, 0, 0, 0, 0
42280, 0, 0.52696, 0, 0, 0, 0, 0, 0, 0, 0, 0, 0
42290, 0, 0.53794, 0, 0, 0, 0, 0, 0, 0, 0, 0, 0
42300, 0, 0.516429, 0, 0, 0, 0, 0, 0, 0, 0, 0, 0
42310, 0, 0.496606, 0, 0, 0, 0, 0, 0, 0, 0, 0, 0
42320, 0, 0.487266, 0, 0, 0, 0, 0, 0, 0, 0, 0, 0
42331, 0, 0.52696, 0, 0, 0, 0, 0, 0, 0, 0, 0, 0
42340, 0, 0.53794, 0, 0, 0, 0, 0, 0, 0, 0, 0, 0
42350, 0, 0.487266, 0, 0, 0, 0, 0, 0, 0, 0, 0, 0
42360, 0, 0.487266, 0, 0, 0, 0, 0, 0, 0, 0, 0, 0
42371, 0, 0.496606, 0, 0, 0, 0, 0, 0, 0, 0, 0, 0
42380, 0, 0.573872, 0, 0, 0, 0, 0, 0, 0, 0, 0, 0
42390, 0, 0.586964, 0, 0, 0, 0, 0, 0, 0, 0, 0, 0
42400, 0, 0.53794, 0, 0, 0, 0, 0, 0, 0, 0, 0, 0
42411, 0, 0.487266, 0, 0, 0, 0, 0, 0, 0, 0, 0, 0
42420, 0, 0.453242, 0, 0, 0, 0, 0, 0, 0, 0, 0, 0
42430, 0, 0.461284, 0, 0, 0, 0, 0, 0, 0, 0, 0, 0
42440, 0, 0.52696, 0, 0, 0, 0, 0, 0, 0, 0, 0, 0
42450, 0, 0.53794, 0, 0, 0, 0, 0, 0, 0, 0, 0, 0
42460, 0, 0.573872, 0, 0, 0, 0, 0, 0, 0, 0, 0, 0
42470, 0, 0.586964, 0, 0, 0, 0, 0, 0, 0, 0, 0, 0
42480, 0, 0.487266, 0, 0, 0, 0, 0, 0, 0, 0, 0, 0
42490, 0, 0.487266, 0, 0, 0, 0, 0, 0, 0, 0, 0, 0
42501, 0, 0.469624, 0, 0, 0, 0, 0, 0, 0, 0, 0, 0
42510, 0, 0.453242, 0, 0, 0, 0, 0, 0, 0, 0, 0, 0
42520, 0, 0.52696, 0, 0, 0, 0, 0, 0, 0, 0, 0, 0
42530, 0, 0.53794, 0, 0, 0, 0, 0, 0, 0, 0, 0, 0
42541, 0, 0.487266, 0, 0, 0, 0, 0, 0, 0, 0, 0, 0
42550, 0, 0.646044, 0, 0, 0, 0, 0, 0, 0, 0, 0, 0
42560, 0, 0.646044, 0, 0, 0, 0, 0, 0, 0, 0, 0, 0
42570, 0, 0.52696, 0, 0, 0, 0, 0, 0, 0, 0, 0, 0
42580, 0, 0.53794, 0, 0, 0, 0, 0, 0, 0, 0, 0, 0
42590, 0, 0.516429, 0, 0, 0, 0, 0, 0, 0, 0, 0, 0
42600, 0, 0.52696, 0, 0, 0, 0, 0, 0, 0, 0, 0, 0
42610, 0, 0.573872, 0, 0, 0, 0, 0, 0, 0, 0, 0, 0
42620, 0, 0.52696, 0, 0, 0, 0, 0, 0, 0, 0, 0, 0
42630, 0, 0.453242, 0, 0, 0, 0, 0, 0, 0, 0, 0, 0
42640, 0, 0.461284, 0, 0, 0, 0, 0, 0, 0, 0, 0, 0
42650, 0, 0.487266, 0, 0, 0, 0, 0, 0, 0, 0, 0, 0
42660, 0, 0.496606, 0, 0, 0, 0, 0, 0, 0, 0, 0, 0
42671, 0, 0.549396, 0, 0, 0, 0, 0, 0, 0, 0, 0, 0
42680, 0, 0.487266, 0, 0, 0, 0, 0, 0, 0, 0, 0, 0
42690, 0, 0.496606, 0, 0, 0, 0, 0, 0, 0, 0, 0, 0
42700, 0, 0.53794, 0, 0, 0, 0, 0, 0, 0, 0, 0, 0
42711, 0, 0.487266, 0, 0, 0, 0, 0, 0, 0, 0, 0, 0
42720, 0, 0.487266, 0, 0, 0, 0, 0, 0, 0, 0, 0, 0
42730, 0, 0.52696, 0, 0, 0, 0, 0, 0, 0, 0, 0, 0
42740, 0, 0.53794, 0, 0, 0, 0, 0, 0, 0, 0, 0, 0
42750, 0, 0.586964, 0, 0, 0, 0, 0, 0, 0, 0, 0, 0
42760, 0, 0.52696, 0, 0, 0, 0, 0, 0, 0, 0, 0, 0
42770, 0, 0.445482, 0, 0, 0, 0, 0, 0, 0, 0, 0, 0
42780, 0, 0.43799, 0, 0, 0, 0, 0, 0, 0, 0, 0, 0
42790, 0, 0.52696, 0, 0, 0, 0, 0, 0, 0, 0, 0, 0
42800, 0, 0.53794, 0, 0, 0, 0, 0, 0, 0, 0, 0, 0
42810, 0, 0.487266, 0, 0, 0, 0, 0, 0, 0, 0, 0, 0
42820, 0, 0.496606, 0, 0, 0, 0, 0, 0, 0, 0, 0, 0
42830, 0, 0.53794, 0, 0, 0, 0, 0, 0, 0, 0, 0, 0
42841, 0, 0.52696, 0, 0, 0, 0, 0, 0, 0, 0, 0, 0
42850, 0, 0.53794, 0, 0, 0, 0, 0, 0, 0, 0, 0, 0
42860, 0, 0.487266, 0, 0, 0, 0, 0, 0, 0, 0, 0, 0
42870, 0, 0.487266, 0, 0, 0, 0, 0, 0, 0, 0, 0, 0
42881, 0, 0.496606, 0, 0, 0, 0, 0, 0, 0, 0, 0, 0
42890, 0, 0.487266, 0, 0, 0, 0, 0, 0, 0, 0, 0, 0
42900, 0, 0.496606, 0, 0, 0, 0, 0, 0, 0, 0, 0, 0
42910, 0, 0.487266, 0, 0, 0, 0, 0, 0, 0, 0, 0, 0
42920, 0, 0.586964, 0, 0, 0, 0, 0, 0, 0, 0, 0, 0
42930, 0, 0.549396, 0, 0, 0, 0, 0, 0, 0, 0, 0, 0
42940, 0, 0.53794, 0, 0, 0, 0, 0, 0, 0, 0, 0, 0
42950, 0, 0.52696, 0, 0, 0, 0, 0, 0, 0, 0, 0, 0
42960, 0, 0.487266, 0, 0, 0, 0, 0, 0, 0, 0, 0, 0
42970, 0, 0.487266, 0, 0, 0, 0, 0, 0, 0, 0, 0, 0
42980, 0, 0.586964, 0, 0, 0, 0, 0, 0, 0, 0, 0, 0
42990, 0, 0.586964, 0, 0, 0, 0, 0, 0, 0, 0, 0, 0
43000, 0, 0.453242, 0, 0, 0, 0, 0, 0, 0, 0, 0, 0
43011, 0, 0.461284, 0, 0, 0, 0, 0, 0, 0, 0, 0, 0
43020, 0, 0.53794, 0, 0, 0, 0, 0, 0, 0, 0, 0, 0
43030, 0, 0.487266, 0, 0, 0, 0, 0, 0, 0, 0, 0, 0
43040, 0, 0.496606, 0, 0, 0, 0, 0, 0, 0, 0, 0, 0
43051, 0, 0.52696, 0, 0, 0, 0, 0, 0, 0, 0, 0, 0
43060, 0, 0.680374, 0, 0, 0, 0, 0, 0, 0, 0, 0, 0
43070, 0, 0.646044, 0, 0, 0, 0, 0, 0, 0, 0, 0, 0
43080, 0, 0.573872, 0, 0, 0, 0, 0, 0, 0, 0, 0, 0
43090, 0, 0.586964, 0, 0, 0, 0, 0, 0, 0, 0, 0, 0
43101, 0, 0.487266, 0, 0, 0, 0, 0, 0, 0, 0, 0, 0
43110, 0, 0.52696, 0, 11.0784, 0, 0, 10.4693, 10.1866, 0, -0.25, 0, 0
43120, 0, 0.52696, 0, 11.0784, 0, 0, 11, 11, 0, -0.25, 0, 0
43130, 0, 0.445482, 0, 7.81928, 6.2902, 5.91503, 4.56081, 4.78266, 0, -0.25, 0, 0
43141, 0, 0.487266, 0, 9.49063, 12.9976, 12.9906, 0.0166559, 0.0739889, 0, -0.25, 0, 0
43151, 0, 0.496606, 0, 9.86422, 12.9626, 13.3167, -0.0903289, -0.361221, 0, -0.25, 0, 0
43160, 0, 0.487266, 0, 9.49063, 6.66186, 7.36311, 5.07518, 4.29721, 0, -0.25, 0, 0
43170, 0, 0.487266, 0, 9.49063, 1.75312, 2.10374, 10.1118, 9.42433, 0, -0.25, 0, 0
43181, 0, 0.516429, 0, 10.6572, 4.20048, 3.84985, 9.98949, 9.90214, 0, -0.25, 0, 0
43191, 0, 0.478278, 0, 9.13113, 9.10922, 8.75859, 4.81651, 4.91678, 0, -0.25, 0, 0
43200, 0, 0.496606, 0, 9.86422, 14.3616, 13.3167, 0.548835, 1.45064, 0, -0.25, 0, 0
43210, 0, 0.53794, 0, 11.5176, 13.3237, 13.3342, 2.45962, 2.48239, 0, -0.25, 0, 0
43220, 0, 0.52696, 0, 11.0784, 7.37363, 8.77612, 7.41353, 6.0212, 0, -0.25, 0, 0
43231, 0, 0.549396, 0, 11.9759, 4.5511, 5.25235, 11, 10.4015, 0, -0.25, 0, 0
43240, 0, 0.445482, 0, 7.81928, 7.71023, 6.99846, 5.58061, 5.89397, 0, -0.25, 0, 0
43250, 0, 0.487266, 0, 9.49063, 12.9766, 11.5916, 2.19859, 3.31965, 0, -0.25, 0, 0
43260, 0, 0.487266, 0, 9.49063, 13.3062, 12.9626, 1.39691, 1.77159, 0, -0.25, 0, 0
43271, 0, 0.487266, 0, 9.49063, 9.47036, 10.5187, 4.48526, 3.54366, 0, -0.25, 0, 0
43281, 0, 0.487266, 0, 9.49063, 5.61349, 6.66537, 8.13291, 6.94616, 0, -0.25, 0, 0
43290, 0, 0.380624, 0, 5.22495, 5.96412, 6.31474, 4.31565, 3.73283, 0, -0.25, 0, 0
43300, 0, 0.52696, 0, 11.0784, 10.1541, 8.75509, 5.78374, 6.72209, 0, -0.25, 0, 0
43311, 0, 0.53794, 0, 11.5176, 10.1576, 9.10571, 6.32544, 7.12141, 0, -0.25, 0, 0
43321, 0, 0.487266, 0, 9.49063, 9.47737, 9.81748, 5.244, 4.93316, 0, -0.25, 0, 0
43330, 0, 0.445482, 0, 7.81928, 9.81046, 11.2305, 3.35164, 2.05235, 0, -0.25, 0, 0
43340, 0, 0.461284, 0, 8.45135, 9.82449, 10.8623, 3.65569, 2.50531, 0, -0.25, 0, 0
43351, 0, 0.487266, 0, 9.49063, 8.41147, 8.06085, 5.78004, 5.70702, 0, -0.25, 0, 0
43361, 0, 0.487266, 0, 9.49063, 8.05734, 6.31124, 6.26646, 7.51143, 0, -0.25, 0, 0
43370, 0, 0.487266, 0, 9.49063, 9.11623, 8.41147, 5.46735, 6.01528, 0, -0.25, 0, 0
43380, 0, 0.453242, 0, 8.12967, 10.5257, 11.2235, 2.90187, 2.32589, 0, -0.25, 0, 0
43390, 0, 0.461284, 0, 8.45135, 10.1716, 11.5741, 3.20358, 1.87595, 0, -0.25, 0, 0
43401, 0, 0.453242, 0, 8.12967, 8.75859, 9.11623, 3.99299, 3.41291, 0, -0.25, 0, 0
43410, 0, 0.423754, 0, 6.95018, 7.36661, 6.31124, 4.10535, 4.77257, 0, -0.25, 0, 0
43420, 0, 0.423754, 0, 6.95018, 8.05384, 6.65485, 3.39735, 4.54404, 0, -0.25, 0, 0
43430, 0, 0.453242, 0, 8.12967, 8.4255, 8.07838, 4.00557, 4.36006, 0, -0.25, 0, 0
43441, 0, 0.453242, 0, 8.12967, 8.06436, 9.11623, 4.30525, 3.41277, 0, -0.25, 0, 0
43451, 0, 0.453242, 0, 8.12967, 7.70672, 8.39745, 4.65241, 3.9387, 0, -0.25, 0, 0
43460, 0, 0.397953, 0, 5.91812, 8.06436, 7.37012, 2.28396, 2.81317, 0, -0.25, 0, 0
43470, 0, 0.375187, 0, 5.00748, 8.06786, 7.36311, 1.11827, 1.7836, 0, -0.25, 0, 0
43481, 0, 0.386225, 0, 5.449, 6.65835, 7.35259, 2.43715, 1.87694, 0, -0.25, 0, 0
43491, 0, 0.423754, 0, 6.95018, 5.25586, 5.60297, 5.0111, 4.60558, 0, -0.25, 0, 0
43500, 0, 0.430751, 0, 7.23006, 4.91224, 4.91926, 5.83857, 5.67595, 0, -0.25, 0, 0
43510, 0, 0.423754, 0, 6.95018, 7.00898, 6.65835, 3.91858, 4.13568, 0, -0.25, 0, 0
43521, 0, 0.423754, 0, 6.95018, 8.75509, 8.75859, 2.26021, 2.24443, 0, -0.25, 0, 0
43531, 0, 0.404096, 0, 6.16385, 8.41498, 8.7621, 1.58471, 1.27073, 0, -0.25, 0, 0
43540, 0, 0.397953, 0, 5.91812, 6.66887, 6.65134, 2.68603, 2.63012, 0, -0.25, 0, 0
43550, 0, 0.397953, 0, 5.91812, 4.90874, 4.56863, 4.2438, 4.44485, 0, -0.25, 0, 0
43560, 0, 0.397953, 0, 5.91812, 5.25586, 4.90523, 4.05771, 4.31999, 0, -0.25, 0, 0
43571, 0, 0.375187, 0, 5.00748, 6.64783, 6.64783, 1.97484, 2.01892, 0, -0.25, 0, 0
43581, 0, 0.375187, 0, 5.00748, 7.37012, 7.71373, 1.06159, 0.814374, 0, -0.25, 0, 0
43590, 0, 0.397953, 0, 5.91812, 5.96412, 6.31474, 2.91861, 2.56779, 0, -0.25, 0, 0
43600, 0, 0.375187, 0, 5.00748, 3.85687, 3.85687, 4.04295, 3.93621, 0, -0.25, 0, 0
43611, 0, 0.375187, 0, 5.00748, 4.55811, 4.20749, 3.54207, 3.77125, 0, -0.25, 0, 0
43621, 0, 0.375187, 0, 5.00748, 6.30072, 5.95009, 1.95848, 2.27838, 0, -0.25, 0, 0
43630, 0, 0.375187, 0, 5.00748, 6.66186, 6.66186, 1.43533, 1.49493, 0, -0.25, 0, 0
43640, 0, 0.375187, 0, 5.00748, 4.90874, 5.60999, 2.85941, 2.23577, 0, -0.25, 0, 0
43651, 0, 0.397953, 0, 5.91812, 3.85687, 3.85687, 4.72789, 4.60267, 0, -0.25, 0, 0
43661, 0, 0.36478, 0, 4.59119, 4.5511, 4.20048, 3.10773, 3.34863, 0, -0.25, 0, 0
43670, 0, 0.375187, 0, 5.00748, 6.31825, 5.97464, 1.83679, 2.15353, 0, -0.25, 0, 0
43680, 0, 0.354951, 0, 4.19802, 6.65485, 6.64783, 0.569421, 0.657887, 0, -0.25, 0, 0
43691, 0, 0.354951, 0, 4.19802, 4.90173, 4.90874, 1.88065, 1.92179, 0, -0.25, 0, 0
43701, 0, 0.354951, 0, 4.19802, 3.15562, 3.15562, 3.43179, 3.43654, 0, -0.25, 0, 0
43710, 0, 0.354951, 0, 4.19802, 3.50274, 3.84635, 3.25035, 2.94405, 0, -0.25, 0, 0
43720, 0, 0.354951, 0, 4.19802, 4.90874, 5.26638, 2.01943, 1.68644, 0, -0.25, 0, 0
43730, 0, 0.336844, 0, 3.47377, 5.617, 5.617, 0.565743, 0.551909, 0, -0.25, 0, 0
43741, 0, 0.336844, 0, 3.47377, 4.5511, 4.19697, 1.27164, 1.56437, 0, -0.25, 0, 0
43750, 0, 0.354951, 0, 4.19802, 3.15562, 2.80499, 3.12332, 3.4113, 0, -0.25, 0, 0
43760, 0, 0.336844, 0, 3.47377, 2.45437, 2.45437, 3.24817, 3.25836, 0, -0.25, 0, 0
43770, 0, 0.328488, 0, 3.1395, 4.20398, 4.55461, 1.42222, 1.1593, 0, -0.25, 0, 0
43781, 0, 0.336844, 0, 3.47377, 5.26287, 5.61349, 0.587758, 0.299385, 0, -0.25, 0, 0
43791, 0, 0.336844, 0, 3.47377, 3.84985, 3.84284, 1.67149, 1.63473, 0, -0.25, 0, 0
43800, 0, 0.354951, 0, 4.19802, 2.45437, 1.75663, 3.62178, 4.16847, 0, -0.25, 0, 0
43810, 0, 0.336844, 0, 3.47377, 2.45437, 2.45437, 3.18255, 3.19499, 0, -0.25, 0, 0
43821, 0, 0.34119, 0, 3.64759, 4.5476, 4.90173, 1.51204, 1.24395, 0, -0.25, 0, 0
43831, 0, 0.336844, 0, 3.47377, 4.90874, 5.60999, 0.879929, 0.261269, 0, -0.25, 0, 0
43840, 0, 0.336844, 0, 3.47377, 4.20398, 3.84985, 1.34414, 1.58742, 0, -0.25, 0, 0
43850, 0, 0.320549, 0, 2.82194, 2.45788, 1.75663, 2.27557, 2.86134, 0, -0.25, 0, 0
43860, 0, 0.336844, 0, 3.47377, 2.44736, 2.45086, 2.95269, 2.96811, 0, -0.25, 0, 0
43871, 0, 0.336844, 0, 3.47377, 3.15562, 3.50624, 2.42771, 2.13765, 0, -0.25, 0, 0
43880, 0, 0.320549, 0, 2.82194, 4.20749, 4.90173, 0.862432, 0.250691, 0, -0.25, 0, 0
43890, 0, 0.332612, 0, 3.30446, 4.20749, 3.86037, 1.12358, 1.36733, 0, -0.25, 0, 0
43900, 0, 0.336844, 0, 3.47377, 2.80499, 2.45437, 2.48197, 2.73976, 0, -0.25, 0, 0
43911, 0, 0.320549, 0, 2.82194, 2.10374, 1.75312, 2.62272, 2.92469, 0, -0.25, 0, 0
43921, 0, 0.336844, 0, 3.47377, 3.15211, 3.50274, 2.34898, 2.06152, 0, -0.25, 0, 0
43930, 0, 0.336844, 0, 3.47377, 3.85687, 4.5511, 1.72821, 1.09358, 0, -0.25, 0, 0
43940, 0, 0.320549, 0, 2.82194, 3.85687, 3.86037, 1.05835, 0.981938, 0, -0.25, 0, 0
43951, 0, 0.320549, 0, 2.82194, 3.15211, 2.80149, 1.57882, 1.8135, 0, -0.25, 0, 0
43961, 0, 0.320549, 0, 2.82194, 2.45437, 1.75312, 2.19176, 2.78028, 0, -0.25, 0, 0
43970, 0, 0.320549, 0, 2.82194, 2.45437, 2.45437, 2.24345, 2.28172, 0, -0.25, 0, 0
43980, 0, 0.320549, 0, 2.82194, 3.49923, 4.20048, 1.30774, 0.726462, 0, -0.25, 0, 0
43991, 0, 0.316726, 0, 2.66905, 3.50975, 3.86037, 1.05806, 0.709977, 0, -0.25, 0, 0
44001, 0, 0.302336, 0, 2.09343, 2.80149, 2.80149, 1.06519, 0.991339, 0, -0.25, 0, 0
44010, 0, 0.305805, 0, 2.2322, 2.10374, 1.4025, 1.75613, 2.30843, 0, -0.25, 0, 0
44020, 0, 0.320549, 0, 2.82194, 2.10374, 1.75312, 2.33151, 2.64183, 0, -0.25, 0, 0
44030, 0, 0.305805, 0, 2.2322, 2.80499, 3.15562, 1.2125, 0.956199, 0, -0.25, 0, 0
44041, 0, 0.309358, 0, 2.3743, 3.15211, 3.85336, 0.938216, 0.318941, 0, -0.25, 0, 0
44050, 0, 0.302336, 0, 2.09343, 2.45437, 2.80149, 1.22278, 0.825501, 0, -0.25, 0, 0
44060, 0, 0.305805, 0, 2.2322, 1.75312, 1.4025, 1.96585, 2.14259, 0, -0.25, 0, 0
44070, 0, 0.286147, 0, 1.44587, 2.10024, 1.05187, 0.962097, 1.85548, 0, -0.25, 0, 0
44081, 0, 0.302336, 0, 2.09343, 2.45086, 2.45086, 1.15069, 1.21846, 0, -0.25, 0, 0
44091, 0, 0.305805, 0, 2.2322, 2.45086, 3.15211, 1.23156, 0.652342, 0, -0.25, 0, 0
44100, 0, 0.302336, 0, 2.09343, 1.75312, 2.45437, 1.72905, 1.04045, 0, -0.25, 0, 0
44110, 0, 0.302336, 0, 2.09343, 1.75312, 1.4025, 1.77691, 1.95827, 0, -0.25, 0, 0
44121, 0, 0.302336, 0, 2.09343, 2.10374, 1.4025, 1.49342, 2.05281, 0, -0.25, 0, 0
44131, 0, 0.302336, 0, 2.09343, 2.45086, 2.45086, 1.16394, 1.18337, 0, -0.25, 0, 0
44140, 0, 0.305805, 0, 2.2322, 2.10374, 2.80499, 1.57284, 0.936434, 0, -0.25, 0, 0
44150, 0, 0.305805, 0, 2.2322, 2.10374, 2.10374, 1.5909, 1.50286, 0, -0.25, 0, 0
44161, 0, 0.286147, 0, 1.44587, 2.10374, 1.75312, 0.865875, 1.1198, 0, -0.25, 0, 0
44171, 0, 0.286147, 0, 1.44587, 2.44385, 2.09673, 0.451956, 0.761809, 0, -0.25, 0, 0
44180, 0, 0.305805, 0, 2.2322, 1.75663, 2.10374, 1.70414, 1.38934, 0, -0.25, 0, 0
44190, 0, 0.286147, 0, 1.44587, 1.4025, 1.75312, 1.36259, 1.00628, 0, -0.25, 0, 0
44200, 0, 0.274435, 0, 0.977414, 1.75312, 1.75312, 0.594645, 0.533494, 0, -0.25, 0, 0
44211, 0, 0.286147, 0, 1.44587, 2.45086, 2.10024, 0.268879, 0.538923, 0, -0.25, 0, 0
44221, 0, 0.286147, 0, 1.44587, 1.4025, 1.39899, 1.11827, 1.09419, 0, -0.25, 0, 0
44230, 0, 0.289239, 0, 1.56956, 1.05187, 0.701248, 1.57261, 1.85591, 0, -0.25, 0, 0
44240, 0, 0.286147, 0, 1.44587, 1.05187, 1.39899, 1.52852, 1.21941, 0, -0.25, 0, 0
44251, 0, 0.286147, 0, 1.44587, 1.75312, 2.10374, 0.921232, 0.5778, 0, -0.25, 0, 0
44261, 0, 0.286147, 0, 1.44587, 2.10024, 1.74961, 0.549993, 0.813408, 0, -0.25, 0, 0
44270, 0, 0.286147, 0, 1.44587, 1.4025, 1.05187, 1.11735, 1.41342, 0, -0.25, 0, 0
44280, 0, 0.286147, 0, 1.44587, 1.04837, 1.04837, 1.45811, 1.47056, 0, -0.25, 0, 0
44291, 0, 0.302336, 0, 2.09343, 1.05187, 1.75312, 2.12265, 1.47236, 0, -0.25, 0, 0
44301, 0, 0.305805, 0, 2.2322, 1.74961, 1.74961, 1.74088, 1.64974, 0, -0.25, 0, 0
44310, 0, 0.286147, 0, 1.44587, 2.45086, 1.74961, 0.402957, 0.992741, 0, -0.25, 0, 0
44320, 0, 0.302336, 0, 2.09343, 2.10374, 2.10374, 1.20162, 1.22099, 0, -0.25, 0, 0
44331, 0, 0.305805, 0, 2.2322, 1.4025, 1.4025, 1.99399, 1.99198, 0, -0.25, 0, 0
44341, 0, 0.286147, 0, 1.44587, 1.39899, 1.74961, 1.37089, 1.0633, 0, -0.25, 0, 0
44350, 0, 0.271662, 0, 0.866466, 2.45437, 2.45437, -0.167408, -0.159052, 0, -0.25, 0, 0
44360, 0, 0.274435, 0, 0.977414, 2.45437, 2.10374, -0.28586, 0.0480942, 0, -0.25, 0, 0
44370, 0, 0.286147, 0, 1.44587, 1.39899, 1.04837, 0.946486, 1.29515, 0, -0.25, 0, 0
44381, 0, 0.274435, 0, 0.977414, 0.347118, 0.347118, 1.50442, 1.56359, 0, -0.25, 0, 0
44391, 0, 0.261127, 0, 0.445082, 1.05187, 1.75312, 0.423989, -0.132469, 0, -0.25, 0, 0
44400, 0, 0.274435, 0, 0.977414, 2.10374, 2.10374, -0.152314, -0.144366, 0, -0.25, 0, 0
44410, 0, 0.274435, 0, 0.977414, 1.4025, 1.4025, 0.351985, 0.34632, 0, -0.25, 0, 0
44421, 0, 0.286147, 0, 1.44587, 0.350624, 0.350624, 1.72894, 1.6861, 0, -0.25, 0, 0
44430, 0, 0.274435, 0, 0.977414, 0, 0, 1.77161, 1.72762, 0, -0.25, 0, 0
44440, 0, 0.274435, 0, 0.977414, 1.4025, 1.39548, 0.583675, 0.578204, 0, -0.25, 0, 0
44450, 0, 0.271662, 0, 0.866466, 1.74961, 2.10024, 0.0910187, -0.229042, 0, -0.25, 0, 0
44461, 0, 0.274435, 0, 0.977414, 1.4025, 1.05187, 0.399705, 0.668136, 0, -0.25, 0, 0
44471, 0, 0.274435, 0, 0.977414, 0.347118, 0.347118, 1.33728, 1.30597, 0, -0.25, 0, 0
44480, 0, 0.271662, 0, 0.866466, 0.350624, 0.350624, 1.31775, 1.28697, 0, -0.25, 0, 0
44490, 0, 0.274435, 0, 0.977414, 1.05187, 1.4025, 0.832448, 0.492372, 0, -0.25, 0, 0
44500, 0, 0.274435, 0, 0.977414, 1.75312, 1.74961, 0.159288, 0.115032, 0, -0.25, 0, 0
44511, 0, 0.271662, 0, 0.866466, 1.4025, 0.701248, 0.276701, 0.871333, 0, -0.25, 0, 0
44520, 0, 0.274435, 0, 0.977414, 0.350624, 0.347118, 1.3002, 1.32158, 0, -0.25, 0, 0
44530, 0, 0.274435, 0, 0.977414, 0, 0.704755, 1.71969, 1.07898, 0, -0.25, 0, 0
44540, 0, 0.274435, 0, 0.977414, 1.04837, 1.39198, 0.866418, 0.484378, 0, -0.25, 0, 0
44551, 0, 0.271662, 0, 0.866466, 2.10374, 1.4025, -0.245755, 0.315965, 0, -0.25, 0, 0
44561, 0, 0.274435, 0, 0.977414, 1.39899, 0.697742, 0.351103, 0.992662, 0, -0.25, 0, 0
44570, 0, 0.274435, 0, 0.977414, 0.350624, 0.350624, 1.28254, 1.35011, 0, -0.25, 0, 0
44580, 0, 0.261127, 0, 0.445082, 0, 0.701248, 1.19897, 0.623987, 0, -0.25, 0, 0
44591, 0, 0.274435, 0, 0.977414, 1.05187, 1.39548, 0.770582, 0.440064, 0, -0.25, 0, 0
44601, 0, 0.274435, 0, 0.977414, 1.39899, 1.04837, 0.43208, 0.702036, 0, -0.25, 0, 0
44610, 0, 0.274435, 0, 0.977414, 1.05187, 0.350624, 0.700827, 1.3339, 0, -0.25, 0, 0
44620, 0, 0.274435, 0, 0.977414, 0.350624, 0.701248, 1.35305, 1.09727, 0, -0.25, 0, 0
44631, 0, 0.274435, 0, 0.977414, 0.701248, 1.05187, 1.10984, 0.812654, 0, -0.25, 0, 0
44641, 0, 0.271662, 0, 0.866466, 1.04837, 1.04837, 0.7158, 0.703673, 0, -0.25, 0, 0
44650, 0, 0.268946, 0, 0.757828, 1.05187, 1.04837, 0.584243, 0.578891, 0, -0.25, 0, 0
44660, 0, 0.26368, 0, 0.547203, 0.701248, 0.701248, 0.675194, 0.664643, 0, -0.25, 0, 0
44670, 0, 0.274435, 0, 0.977414, 0.701248, 0.701248, 1.06009, 1.03915, 0, -0.25, 0, 0
44681, 0, 0.274435, 0, 0.977414, 1.04837, 1.04837, 0.770891, 0.757756, 0, -0.25, 0, 0
44690, 0, 0.26368, 0, 0.547203, 1.05187, 0.701248, 0.351045, 0.671644, 0, -0.25, 0, 0
44700, 0, 0.271662, 0, 0.866466, 0.701248, 0.701248, 0.913128, 0.944129, 0, -0.25, 0, 0
44710, 0, 0.274435, 0, 0.977414, 0.350624, 0.701248, 1.37255, 1.06875, 0, -0.25, 0, 0
44721, 0, 0.26368, 0, 0.547203, 0.697742, 1.04837, 0.72611, 0.391783, 0, -0.25, 0, 0
44731, 0, 0.26368, 0, 0.547203, 1.39899, 0.697742, 0.0422505, 0.64561, 0, -0.25, 0, 0
44740, 0, 0.26368, 0, 0.547203, 0.701248, 0.701248, 0.581844, 0.621788, 0, -0.25, 0, 0
44750, 0, 0.26368, 0, 0.547203, 0.347118, 0.347118, 0.89484, 0.926334, 0, -0.25, 0, 0
44761, 0, 0.253768, 0, 0.150734, 0.350624, 1.05187, 0.544995, -0.0588673, 0, -0.25, 0, 0
44771, 0, 0.274435, 0, 0.977414, 1.04837, 0.697742, 0.638733, 0.90359, 0, -0.25, 0, 0
44780, 0, 0.261127, 0, 0.445082, 0.701248, 0.350624, 0.453726, 0.771553, 0, -0.25, 0, 0
44790, 0, 0.26368, 0, 0.547203, 0.347118, 0.347118, 0.848866, 0.881602, 0, -0.25, 0, 0
44801, 0, 0.261127, 0, 0.445082, 0.350624, 0.701248, 0.777184, 0.489455, 0, -0.25, 0, 0
44811, 0, 0.261127, 0, 0.445082, 0.697742, 0.697742, 0.462436, 0.457628, 0, -0.25, 0, 0
44820, 0, 0.26368, 0, 0.547203, 0.350624, 0.347118, 0.851442, 0.839357, 0, -0.25, 0, 0
44830, 0, 0.26368, 0, 0.547203, 0.701248, 0.350624, 0.547741, 0.86351, 0, -0.25, 0, 0
44840, 0, 0.26368, 0, 0.547203, 0.350624, 0.701248, 0.857423, 0.568008, 0, -0.25, 0, 0
44851, 0, 0.26368, 0, 0.547203, 0.347118, 0.347118, 0.888381, 0.872554, 0, -0.25, 0, 0
44860, 0, 0.26368, 0, 0.547203, 0.701248, 0.350624, 0.581859, 0.896708, 0, -0.25, 0, 0
44870, 0, 0.26368, 0, 0.547203, 0.697742, 0.701248, 0.56351, 0.601205, 0, -0.25, 0, 0
44880, 0, 0.261127, 0, 0.445082, 0.350624, 0.701248, 0.773867, 0.486227, 0, -0.25, 0, 0
44891, 0, 0.26368, 0, 0.547203, 0.350624, 0.701248, 0.883655, 0.545076, 0, -0.25, 0, 0
44901, 0, 0.26368, 0, 0.547203, 0.347118, 0.347118, 0.914612, 0.849622, 0, -0.25, 0, 0
44910, 0, 0.26368, 0, 0.547203, 0.701248, 0.350624, 0.608091, 0.873776, 0, -0.25, 0, 0
44920, 0, 0.26368, 0, 0.547203, 0.701248, 0.701248, 0.586429, 0.578273, 0, -0.25, 0, 0
44931, 0, 0.253768, 0, 0.150734, 0.350624, 0.350624, 0.521442, 0.515041, 0, -0.25, 0, 0
44941, 0, 0.26368, 0, 0.547203, 0.347118, 0.697742, 0.871315, 0.533069, 0, -0.25, 0, 0
44950, 0, 0.26368, 0, 0.547203, 0.701248, 0.350624, 0.564793, 0.831647, 0, -0.25, 0, 0
44960, 0, 0.26368, 0, 0.547203, 0.347118, 0.347118, 0.877789, 0.861768, 0, -0.25, 0, 0
44971, 0, 0.261127, 0, 0.445082, 0.350624, 0.701248, 0.806107, 0.469621, 0, -0.25, 0, 0
44981, 0, 0.261127, 0, 0.445082, 0.697742, 0.697742, 0.491359, 0.437794, 0, -0.25, 0, 0
44990, 0, 0.261127, 0, 0.445082, 0.350624, 0.350624, 0.78386, 0.722399, 0, -0.25, 0, 0
45000, 0, 0.26368, 0, 0.547203, 0.350624, 0.350624, 0.893648, 0.829224, 0, -0.25, 0, 0
45010, 0, 0.26368, 0, 0.547203, 0.701248, 0.701248, 0.589948, 0.533722, 0, -0.25, 0, 0
45021, 0, 0.26368, 0, 0.547203, 0.697742, 0.347118, 0.571598, 0.838268, 0, -0.25, 0, 0
45031, 0, 0.26368, 0, 0.547203, 0.350624, 0.350624, 0.87846, 0.862422, 0, -0.25, 0, 0
45040, 0, 0.26368, 0, 0.547203, 0.350624, 0.701248, 0.906104, 0.566919, 0, -0.25, 0, 0
45050, 0, 0.261127, 0, 0.445082, 0.701248, 0.701248, 0.505898, 0.451941, 0, -0.25, 0, 0
45061, 0, 0.26368, 0, 0.547203, 0.701248, 0.347118, 0.56638, 0.836414, 0, -0.25, 0, 0
45071, 0, 0.251411, 0, 0.0564277, 0.347118, 0.347118, 0.415586, 0.412522, 0, -0.25, 0, 0
45080, 0, 0.26368, 0, 0.547203, 0.350624, 0.701248, 0.835183, 0.498393, 0, -0.25, 0, 0
45090, 0, 0.26368, 0, 0.547203, 0.350624, 0.701248, 0.862827, 0.477315, 0, -0.25, 0, 0
45101, 0, 0.26368, 0, 0.547203, 0.701248, 0, 0.559126, 1.10104, 0, -0.25, 0, 0
45111, 0, 0.251411, 0, 0.0564277, 0.347118, 0.347118, 0.408333, 0.405465, 0, -0.25, 0, 0
45120, 0, 0.242421, 0, -0.303167, 0.350624, 0.697742, 0.0243186, -0.287359, 0, -0.25, 0, 0
45130, 0, 0.261127, 0, 0.445082, 0.350624, 0.350624, 0.639485, 0.582882, 0, -0.25, 0, 0
45140, 0, 0.251411, 0, 0.0564277, 0, 0, 0.616829, 0.560837, 0, -0.25, 0, 0
45151, 0, 0.251411, 0, 0.0564277, 0.347118, 0, 0.296733, 0.568558, 0, -0.25, 0, 0
45160, 0, 0.26368, 0, 0.547203, 0.701248, 0.701248, 0.384986, 0.382748, 0, -0.25, 0, 0
45170, 0, 0.26368, 0, 0.547203, 0, 0, 1.02601, 1.00647, 0, -0.25, 0, 0
45180, 0, 0.26368, 0, 0.547203, 0, 0.350624, 1.10296, 0.758944, 0, -0.25, 0, 0
45191, 0, 0.26368, 0, 0.547203, 0.347118, 0.347118, 0.851882, 0.789066, 0, -0.25, 0, 0
45201, 0, 0.26368, 0, 0.547203, 0.701248, 0.350624, 0.545361, 0.813219, 0, -0.25, 0, 0
45210, 0, 0.261127, 0, 0.445082, 0.350624, 0.701248, 0.758538, 0.423816, 0, -0.25, 0, 0
45220, 0, 0.26368, 0, 0.547203, 0.701248, 0.350624, 0.536981, 0.805066, 0, -0.25, 0, 0
45231, 0, 0.261127, 0, 0.445082, 0.701248, 0.701248, 0.418813, 0.415663, 0, -0.25, 0, 0
45241, 0, 0.251411, 0, 0.0564277, 0.347118, 0.697742, 0.350164, 0.0264666, 0, -0.25, 0, 0
45250, 0, 0.253768, 0, 0.150734, 0.350624, 0, 0.395093, 0.667008, 0, -0.25, 0, 0
45260, 0, 0.251411, 0, 0.0564277, 0.347118, 0, 0.281176, 0.600918, 0, -0.25, 0, 0
45271, 0, 0.253768, 0, 0.150734, 0.347118, 0.697742, 0.329419, 0.0537772, 0, -0.25, 0, 0
45281, 0, 0.253768, 0, 0.150734, 0, 0.350624, 0.629834, 0.298107, 0, -0.25, 0, 0
45290, 0, 0.251411, 0, 0.0564277, 0, 0, 0.56191, 0.506441, 0, -0.25, 0, 0
45300, 0, 0.244605, 0, -0.215812, 0.350624, 0, -0.0187703, 0.263837, 0, -0.25, 0, 0
45310, 0, 0.244605, 0, -0.215812, 0, 0, 0.232919, 0.234307, 0, -0.25, 0, 0
45321, 0, 0.251411, 0, 0.0564277, 0, 0, 0.459841, 0.455104, 0, -0.25, 0, 0
45330, 0, 0.253768, 0, 0.150734, 0, 0, 0.556897, 0.54954, 0, -0.25, 0, 0
45340, 0, 0.251411, 0, 0.0564277, 0, 0, 0.488974, 0.483449, 0, -0.25, 0, 0
45350, 0, 0.253768, 0, 0.150734, 0.350624, 0.347118, 0.254685, 0.258709, 0, -0.25, 0, 0
45361, 0, 0.253768, 0, 0.150734, 0, 0, 0.55792, 0.551015, 0, -0.25, 0, 0
45370, 0, 0.26368, 0, 0.547203, 0, 0, 0.953786, 0.936194, 0, -0.25, 0, 0
45380, 0, 0.26368, 0, 0.547203, 0.350624, 0, 0.699391, 1.01107, 0, -0.25, 0, 0
45390, 0, 0.253768, 0, 0.150734, 0.347118, 0.347118, 0.35568, 0.402209, 0, -0.25, 0, 0
45401, 0, 0.261127, 0, 0.445082, 0, 0.701248, 0.934258, 0.320368, 0, -0.25, 0, 0
45411, 0, 0.26368, 0, 0.547203, 0.347118, 0.347118, 0.765322, 0.704842, 0, -0.25, 0, 0
45420, 0, 0.261127, 0, 0.445082, 0.701248, 0, 0.362295, 0.957495, 0, -0.25, 0, 0
45430, 0, 0.253768, 0, 0.150734, 0.347118, 0.350624, 0.382767, 0.425341, 0, -0.25, 0, 0
45441, 0, 0.251411, 0, 0.0564277, 0.350624, 0.701248, 0.262716, -0.0111252, 0, -0.25, 0, 0
45451, 0, 0.26368, 0, 0.547203, 0.350624, 0.350624, 0.685134, 0.674315, 0, -0.25, 0, 0
45460, 0, 0.26368, 0, 0.547203, 0, 0, 1.04412, 1.02361, 0, -0.25, 0, 0
45470, 0, 0.253768, 0, 0.150734, 0.347118, 0.347118, 0.418373, 0.414755, 0, -0.25, 0, 0
45480, 0, 0.251411, 0, 0.0564277, 0.701248, 0.701248, -0.0330222, -0.0244555, 0, -0.25, 0, 0
45491, 0, 0.234079, 0, -0.636846, 0, 0, -0.116164, -0.105353, 0, -0.25, 0, 0
45500, 0, 0.261127, 0, 0.445082, 0, 0, 0.816717, 0.802345, 0, -0.25, 0, 0
45510, 0, 0.251411, 0, 0.0564277, 0, 0, 0.512023, 0.505876, 0, -0.25, 0, 0
45520, 0, 0.253768, 0, 0.150734, 0.350624, 0.697742, 0.277734, -0.0412643, 0, -0.25, 0, 0
45531, 0, 0.251411, 0, 0.0564277, 0.701248, 0.350624, -0.170841, 0.11635, 0, -0.25, 0, 0
45540, 0, 0.253768, 0, 0.150734, 0, 0, 0.490291, 0.485211, 0, -0.25, 0, 0
45550, 0, 0.253768, 0, 0.150734, 0, 0, 0.511488, 0.505836, 0, -0.25, 0, 0
45560, 0, 0.242421, 0, -0.303167, 0, 0.347118, 0.103742, -0.21008, 0, -0.25, 0, 0
45571, 0, 0.244605, 0, -0.215812, 0.350624, 0, -0.187684, 0.100442, 0, -0.25, 0, 0
45581, 0, 0.26368, 0, 0.547203, 0, 0, 0.785066, 0.772508, 0, -0.25, 0, 0
45590, 0, 0.251411, 0, 0.0564277, 0, 0, 0.398227, 0.396112, 0, -0.25, 0, 0
45600, 0, 0.253768, 0, 0.150734, 0, 0.350624, 0.495283, 0.168147, 0, -0.25, 0, 0
45611, 0, 0.251411, 0, 0.0564277, 0.350624, 0, 0.096014, 0.376482, 0, -0.25, 0, 0
45621, 0, 0.253768, 0, 0.150734, 0, 0, 0.475108, 0.470918, 0, -0.25, 0, 0
45630, 0, 0.253768, 0, 0.150734, 0, 0, 0.496305, 0.491543, 0, -0.25, 0, 0
45640, 0, 0.251411, 0, 0.0564277, 0.347118, 0, 0.10035, 0.425452, 0, -0.25, 0, 0
45650, 0, 0.261127, 0, 0.445082, 0, 0.350624, 0.754787, 0.468142, 0, -0.25, 0, 0
45661, 0, 0.253768, 0, 0.150734, 0, 0, 0.539214, 0.532813, 0, -0.25, 0, 0
45670, 0, 0.253768, 0, 0.150734, 0.350624, 0, 0.229066, 0.553438, 0, -0.25, 0, 0
45680, 0, 0.242421, 0, -0.303167, 0, 0.350624, 0.103358, -0.165702, 0, -0.25, 0, 0
45690, 0, 0.251411, 0, 0.0564277, 0, 0.350624, 0.400547, 0.0754896, 0, -0.25, 0, 0
45701, 0, 0.253768, 0, 0.150734, 0, 0, 0.497603, 0.444351, 0, -0.25, 0, 0
45711, 0, 0.253768, 0, 0.150734, 0.347118, 0, 0.190769, 0.464975, 0, -0.25, 0, 0
45720, 0, 0.251411, 0, 0.0564277, 0, 0, 0.402063, 0.398885, 0, -0.25, 0, 0
45730, 0, 0.253768, 0, 0.150734, 0, 0, 0.499119, 0.493321, 0, -0.25, 0, 0
45741, 0, 0.253768, 0, 0.150734, 0, 0, 0.520316, 0.513946, 0, -0.25, 0, 0
45751, 0, 0.251411, 0, 0.0564277, 0, 0, 0.452392, 0.447856, 0, -0.25, 0, 0
45760, 0, 0.253768, 0, 0.150734, 0, 0.350624, 0.549448, 0.219891, 0, -0.25, 0, 0
45770, 0, 0.251411, 0, 0.0564277, 0.350624, 0, 0.15018, 0.428226, 0, -0.25, 0, 0
45780, 0, 0.253768, 0, 0.150734, 0.350624, 0, 0.197929, 0.522662, 0, -0.25, 0, 0
45791, 0, 0.253768, 0, 0.150734, 0, 0, 0.501164, 0.543287, 0, -0.25, 0, 0
45800, 0, 0.253768, 0, 0.150734, 0, 0.347118, 0.522361, 0.244735, 0, -0.25, 0, 0
45810, 0, 0.253768, 0, 0.150734, 0, 0, 0.543558, 0.53704, 0, -0.25, 0, 0
45820, 0, 0.251411, 0, 0.0564277, 0, 0, 0.475634, 0.47095, 0, -0.25, 0, 0
45831, 0, 0.242421, 0, -0.303167, 0.347118, 0, -0.184284, 0.148022, 0, -0.25, 0, 0
45840, 0, 0.244605, 0, -0.215812, 0, 0.350624, 0.134853, -0.135537, 0, -0.25, 0, 0
45850, 0, 0.251411, 0, 0.0564277, 0, 0, 0.361775, 0.359684, 0, -0.25, 0, 0
45860, 0, 0.251411, 0, 0.0564277, 0, 0, 0.36971, 0.367405, 0, -0.25, 0, 0
45871, 0, 0.242421, 0, -0.303167, 0, 0, 0.0378228, 0.0444771, 0, -0.25, 0, 0
45880, 0, 0.251411, 0, 0.0564277, 0, 0, 0.335012, 0.333644, 0, -0.25, 0, 0
45890, 0, 0.253768, 0, 0.150734, 0, 0, 0.432068, 0.42808, 0, -0.25, 0, 0
45900, 0, 0.253768, 0, 0.150734, 0, 0, 0.453265, 0.448705, 0, -0.25, 0, 0
45911, 0, 0.261127, 0, 0.445082, 0, 0, 0.752625, 0.739984, 0, -0.25, 0, 0
45921, 0, 0.26368, 0, 0.547203, 0.347118, 0, 0.583689, 0.894784, 0, -0.25, 0, 0
45930, 0, 0.251411, 0, 0.0564277, 0, 0.350624, 0.476068, 0.195988, 0, -0.25, 0, 0
45940, 0, 0.251411, 0, 0.0564277, 0, 0.350624, 0.484003, 0.155733, 0, -0.25, 0, 0
45950, 0, 0.253768, 0, 0.150734, 0.350624, 0, 0.249714, 0.524594, 0, -0.25, 0, 0
45961, 0, 0.251411, 0, 0.0564277, 0.347118, 0, 0.135797, 0.458503, 0, -0.25, 0, 0
45970, 0, 0.251411, 0, 0.0564277, 0, 0.350624, 0.42295, 0.143824, 0, -0.25, 0, 0
45980, 0, 0.253768, 0, 0.150734, 0, 0.350624, 0.520006, 0.190285, 0, -0.25, 0, 0
45990, 0, 0.251411, 0, 0.0564277, 0, 0, 0.452082, 0.398619, 0, -0.25, 0, 0
46001, 0, 0.256173, 0, 0.246907, 0.350624, 0, 0.308679, 0.581487, 0, -0.25, 0, 0
46010, 0, 0.251411, 0, 0.0564277, 0, 0, 0.445432, 0.440124, 0, -0.25, 0, 0
46020, 0, 0.251411, 0, 0.0564277, 0, 0, 0.453368, 0.447845, 0, -0.25, 0, 0
46030, 0, 0.242421, 0, -0.303167, 0, 0.350624, 0.121481, -0.197483, 0, -0.25, 0, 0
46041, 0, 0.251411, 0, 0.0564277, 0.350624, 0, 0.0873252, 0.366108, 0, -0.25, 0, 0
46051, 0, 0.253768, 0, 0.150734, 0, 0, 0.466419, 0.460545, 0, -0.25, 0, 0
46060, 0, 0.253768, 0, 0.150734, 0, 0, 0.487616, 0.481169, 0, -0.25, 0, 0
46070, 0, 0.253768, 0, 0.150734, 0, 0, 0.508813, 0.501794, 0, -0.25, 0, 0
46081, 0, 0.253768, 0, 0.150734, 0, 0.350624, 0.53001, 0.200019, 0, -0.25, 0, 0
46091, 0, 0.253768, 0, 0.150734, 0, 0, 0.551207, 0.495068, 0, -0.25, 0, 0
46100, 0, 0.242421, 0, -0.303167, 0.350624, 0, -0.187883, 0.098329, 0, -0.25, 0, 0
46110, 0, 0.244605, 0, -0.215812, 0.350624, 0, -0.197271, 0.13717, 0, -0.25, 0, 0
46120, 0, 0.251411, 0, 0.0564277, 0, 0, 0.311689, 0.357966, 0, -0.25, 0, 0
46131, 0, 0.253768, 0, 0.150734, 0, 0, 0.408745, 0.452403, 0, -0.25, 0, 0
46140, 0, 0.253768, 0, 0.150734, 0, 0, 0.429942, 0.473027, 0, -0.25, 0, 0
46150, 0, 0.251411, 0, 0.0564277, 0, 0, 0.362018, 0.406937, 0, -0.25, 0, 0
46160, 0, 0.253768, 0, 0.150734, 0, 0.347118, 0.459074, 0.182197, 0, -0.25, 0, 0
46171, 0, 0.253768, 0, 0.150734, 0, 0, 0.480271, 0.474502, 0, -0.25, 0, 0
46180, 0, 0.251411, 0, 0.0564277, 0, 0, 0.412347, 0.408412, 0, -0.25, 0, 0
46190, 0, 0.253768, 0, 0.150734, 0.350624, 0, 0.178059, 0.502848, 0, -0.25, 0, 0
46200, 0, 0.251411, 0, 0.0564277, 0, 0, 0.392173, 0.436758, 0, -0.25, 0, 0
46211, 0, 0.253768, 0, 0.150734, 0, 0.350624, 0.489229, 0.208793, 0, -0.25, 0, 0
46221, 0, 0.242421, 0, -0.303167, 0, 0, 0.0814829, 0.0864789, 0, -0.25, 0, 0
46230, 0, 0.251411, 0, 0.0564277, 0, 0, 0.378672, 0.375646, 0, -0.25, 0, 0
46240, 0, 0.256173, 0, 0.246907, 0, 0, 0.566613, 0.558514, 0, -0.25, 0, 0
46251, 0, 0.253768, 0, 0.150734, 0, 0, 0.51045, 0.503866, 0, -0.25, 0, 0
46261, 0, 0.251411, 0, 0.0564277, 0.347118, 0, 0.114494, 0.437776, 0, -0.25, 0, 0
46270, 0, 0.253768, 0, 0.150734, 0, 0.350624, 0.490768, 0.209811, 0, -0.25, 0, 0
46280, 0, 0.251411, 0, 0.0564277, 0, 0, 0.422844, 0.418146, 0, -0.25, 0, 0
46290, 0, 0.251411, 0, 0.0564277, 0, 0, 0.430779, 0.425867, 0, -0.25, 0, 0
46301, 0, 0.251411, 0, 0.0564277, 0, 0, 0.438715, 0.433588, 0, -0.25, 0, 0
46310, 0, 0.251411, 0, 0.0564277, 0, 0, 0.44665, 0.441309, 0, -0.25, 0, 0
46320, 0, 0.253768, 0, 0.150734, 0.350624, 0.347118, 0.212361, 0.216568, 0, -0.25, 0, 0
46330, 0, 0.251411, 0, 0.0564277, 0, 0, 0.426475, 0.422159, 0, -0.25, 0, 0
46341, 0, 0.251411, 0, 0.0564277, 0, 0, 0.43441, 0.429879, 0, -0.25, 0, 0
46350, 0, 0.253768, 0, 0.150734, 0, 0, 0.531467, 0.524316, 0, -0.25, 0, 0
46360, 0, 0.253768, 0, 0.150734, 0.350624, 0, 0.221319, 0.54494, 0, -0.25, 0, 0
46370, 0, 0.251411, 0, 0.0564277, 0, 0, 0.435433, 0.47885, 0, -0.25, 0, 0
46381, 0, 0.253768, 0, 0.150734, 0, 0.347118, 0.532489, 0.25411, 0, -0.25, 0, 0
46391, 0, 0.251411, 0, 0.0564277, 0, 0.347118, 0.464565, 0.140524, 0, -0.25, 0, 0
46400, 0, 0.253768, 0, 0.150734, 0.350624, 0, 0.230277, 0.50664, 0, -0.25, 0, 0
46410, 0, 0.242421, 0, -0.303167, 0, 0, 0.104569, 0.109901, 0, -0.25, 0, 0
46420, 0, 0.251411, 0, 0.0564277, 0, 0, 0.401758, 0.399068, 0, -0.25, 0, 0
46431, 0, 0.253768, 0, 0.150734, 0, 0, 0.498814, 0.493504, 0, -0.25, 0, 0
46440, 0, 0.253768, 0, 0.150734, 0, 0, 0.520011, 0.514129, 0, -0.25, 0, 0
46450, 0, 0.242421, 0, -0.303167, 0, 0, 0.112265, 0.11739, 0, -0.25, 0, 0
46460, 0, 0.244605, 0, -0.215812, 0.350624, 0.347118, -0.179161, -0.162946, 0, -0.25, 0, 0
46471, 0, 0.251411, 0, 0.0564277, 0, 0, 0.329799, 0.329531, 0, -0.25, 0, 0
46480, 0, 0.253768, 0, 0.150734, 0, 0, 0.426855, 0.423967, 0, -0.25, 0, 0
46490, 0, 0.253768, 0, 0.150734, 0, 0, 0.448052, 0.444592, 0, -0.25, 0, 0
46500, 0, 0.251411, 0, 0.0564277, 0, 0, 0.380128, 0.378502, 0, -0.25, 0, 0
46511, 0, 0.253768, 0, 0.150734, 0, 0, 0.477184, 0.472938, 0, -0.25, 0, 0
46520, 0, 0.251411, 0, 0.0564277, 0, 0, 0.409261, 0.406848, 0, -0.25, 0, 0
46530, 0, 0.249098, 0, -0.0360638, 0, 0.350624, 0.32979, 0.00712192, 0, -0.25, 0, 0
46540, 0, 0.253768, 0, 0.150734, 0, 0, 0.501245, 0.448374, 0, -0.25, 0, 0
46551, 0, 0.251411, 0, 0.0564277, 0.347118, 0, 0.10529, 0.382283, 0, -0.25, 0, 0
46561, 0, 0.251411, 0, 0.0564277, 0, 0, 0.392443, 0.390004, 0, -0.25, 0, 0
46570, 0, 0.253768, 0, 0.150734, 0, 0, 0.489499, 0.48444, 0, -0.25, 0, 0
46580, 0, 0.251411, 0, 0.0564277, 0, 0, 0.421575, 0.41835, 0, -0.25, 0, 0
46590, 0, 0.242421, 0, -0.303167, 0, 0, 0.0896881, 0.095422, 0, -0.25, 0, 0
46601, 0, 0.258625, 0, 0.345004, 0, 0, 0.659586, 0.649936, 0, -0.25, 0, 0
46610, 0, 0.251411, 0, 0.0564277, 0, 0, 0.435393, 0.431795, 0, -0.25, 0, 0
46620, 0, 0.253768, 0, 0.150734, 0.350624, 0, 0.201105, 0.526231, 0, -0.25, 0, 0
46630, 0, 0.242421, 0, -0.303167, 0, 0, 0.075397, 0.129492, 0, -0.25, 0, 0
46641, 0, 0.251411, 0, 0.0564277, 0, 0.350624, 0.372586, 0.0962587, 0, -0.25, 0, 0
46650, 0, 0.253768, 0, 0.150734, 0, 0, 0.469642, 0.46512, 0, -0.25, 0, 0
46660, 0, 0.251411, 0, 0.0564277, 0, 0, 0.401718, 0.399029, 0, -0.25, 0, 0
46670, 0, 0.253768, 0, 0.150734, 0, 0, 0.498774, 0.493465, 0, -0.25, 0, 0
46681, 0, 0.253768, 0, 0.150734, 0, 0, 0.519971, 0.51409, 0, -0.25, 0, 0
46691, 0, 0.251411, 0, 0.0564277, 0.347118, 0.347118, 0.124016, 0.128823, 0, -0.25, 0, 0
46700, 0, 0.253768, 0, 0.150734, 0, 0, 0.50029, 0.49494, 0, -0.25, 0, 0
46710, 0, 0.251411, 0, 0.0564277, 0, 0, 0.432366, 0.42885, 0, -0.25, 0, 0
46721, 0, 0.251411, 0, 0.0564277, 0, 0, 0.440301, 0.436571, 0, -0.25, 0, 0
46731, 0, 0.253768, 0, 0.150734, 0, 0, 0.537357, 0.531007, 0, -0.25, 0, 0
46740, 0, 0.251411, 0, 0.0564277, 0.350624, 0.347118, 0.138089, 0.14574, 0, -0.25, 0, 0
46750, 0, 0.253768, 0, 0.150734, 0, 0, 0.517183, 0.511857, 0, -0.25, 0, 0
46760, 0, 0.236107, 0, -0.555701, 0, 0, -0.129211, -0.117089, 0, -0.25, 0, 0
46771, 0, 0.251411, 0, 0.0564277, 0, 0, 0.371114, 0.36973, 0, -0.25, 0, 0
46780, 0, 0.26368, 0, 0.547203, 0, 0, 0.842838, 0.828721, 0, -0.25, 0, 0
46790, 0, 0.253768, 0, 0.150734, 0, 0.350624, 0.54512, 0.216639, 0, -0.25, 0, 0
46800, 0, 0.251411, 0, 0.0564277, 0.350624, 0, 0.145851, 0.424974, 0, -0.25, 0, 0
46811, 0, 0.253768, 0, 0.150734, 0.350624, 0, 0.193601, 0.51941, 0, -0.25, 0, 0
46820, 0, 0.242421, 0, -0.303167, 0, 0, 0.0678932, 0.122671, 0, -0.25, 0, 0
46830, 0, 0.244605, 0, -0.215812, 0, 0.350624, 0.107812, -0.160889, 0, -0.25, 0, 0
46840, 0, 0.253768, 0, 0.150734, 0, 0, 0.423855, 0.421048, 0, -0.25, 0, 0
46851, 0, 0.251411, 0, 0.0564277, 0, 0, 0.355931, 0.354957, 0, -0.25, 0, 0
46861, 0, 0.253768, 0, 0.150734, 0, 0, 0.452987, 0.449394, 0, -0.25, 0, 0
46870, 0, 0.251411, 0, 0.0564277, 0.350624, 0, 0.0537182, 0.383303, 0, -0.25, 0, 0
46880, 0, 0.251411, 0, 0.0564277, 0, 0, 0.343692, 0.391024, 0, -0.25, 0, 0
46891, 0, 0.256173, 0, 0.246907, 0, 0, 0.531633, 0.573892, 0, -0.25, 0, 0
46901, 0, 0.251411, 0, 0.0564277, 0, 0, 0.386348, 0.432529, 0, -0.25, 0, 0
46910, 0, 0.251411, 0, 0.0564277, 0, 0.350624, 0.394283, 0.11785, 0, -0.25, 0, 0
46920, 0, 0.253768, 0, 0.150734, 0, 0, 0.491339, 0.486711, 0, -0.25, 0, 0
46930, 0, 0.251411, 0, 0.0564277, 0, 0, 0.423415, 0.42062, 0, -0.25, 0, 0
46941, 0, 0.242421, 0, -0.303167, 0.347118, 0, -0.236503, 0.0976924, 0, -0.25, 0, 0
46950, 0, 0.240277, 0, -0.388904, 0, 0, -0.0809407, -0.0226253, 0, -0.25, 0, 0
46960, 0, 0.251411, 0, 0.0564277, 0, 0, 0.285215, 0.333646, 0, -0.25, 0, 0
46970, 0, 0.256173, 0, 0.246907, 0, 0, 0.473156, 0.516514, 0, -0.25, 0, 0
46981, 0, 0.251411, 0, 0.0564277, 0, 0, 0.327871, 0.375151, 0, -0.25, 0, 0
46990, 0, 0.251411, 0, 0.0564277, 0, 0, 0.335806, 0.382872, 0, -0.25, 0, 0
47000, 0, 0.253768, 0, 0.150734, 0, 0, 0.432862, 0.477308, 0, -0.25, 0, 0
47010, 0, 0.251411, 0, 0.0564277, 0, 0.350624, 0.364938, 0.0888173, 0, -0.25, 0, 0
47021, 0, 0.253768, 0, 0.150734, 0, 0, 0.461995, 0.457678, 0, -0.25, 0, 0
47031, 0, 0.253768, 0, 0.150734, 0, 0, 0.483192, 0.478303, 0, -0.25, 0, 0
47040, 0, 0.242421, 0, -0.303167, 0, 0, 0.0754454, 0.0815637, 0, -0.25, 0, 0
47050, 0, 0.244605, 0, -0.215812, 0, 0, 0.115364, 0.120405, 0, -0.25, 0, 0
47060, 0, 0.251411, 0, 0.0564277, 0, 0, 0.342286, 0.341201, 0, -0.25, 0, 0
47071, 0, 0.251411, 0, 0.0564277, 0, 0, 0.350221, 0.348922, 0, -0.25, 0, 0
47080, 0, 0.253768, 0, 0.150734, 0, 0, 0.447277, 0.443358, 0, -0.25, 0, 0
47090, 0, 0.249098, 0, -0.0360638, 0, 0, 0.291948, 0.292222, 0, -0.25, 0, 0
47100, 0, 0.253768, 0, 0.150734, 0, 0, 0.463403, 0.459048, 0, -0.25, 0, 0
47111, 0, 0.261127, 0, 0.445082, 0, 0, 0.762763, 0.750327, 0, -0.25, 0, 0
47120, 0, 0.251411, 0, 0.0564277, 0.350624, 0, 0.126724, 0.453858, 0, -0.25, 0, 0
47130, 0, 0.242421, 0, -0.303167, 0, 0.350624, 0.0768751, -0.19147, 0, -0.25, 0, 0
47140, 0, 0.242421, 0, -0.303167, 0, 0, 0.0342423, 0.0414727, 0, -0.25, 0, 0
47151, 0, 0.253768, 0, 0.150734, 0, 0, 0.420552, 0.417355, 0, -0.25, 0, 0
47160, 0, 0.253768, 0, 0.150734, 0, 0, 0.441749, 0.43798, 0, -0.25, 0, 0
47170, 0, 0.251411, 0, 0.0564277, 0, 0, 0.373826, 0.371889, 0, -0.25, 0, 0
47180, 0, 0.253768, 0, 0.150734, 0.350624, 0, 0.139537, 0.466325, 0, -0.25, 0, 0
47191, 0, 0.253768, 0, 0.150734, 0, 0, 0.442772, 0.48695, 0, -0.25, 0, 0
47201, 0, 0.251411, 0, 0.0564277, 0, 0, 0.374848, 0.42086, 0, -0.25, 0, 0
47210, 0, 0.253768, 0, 0.150734, 0, 0.350624, 0.471904, 0.192896, 0, -0.25, 0, 0
47220, 0, 0.261127, 0, 0.445082, 0, 0, 0.771264, 0.758599, 0, -0.25, 0, 0
47230, 0, 0.242421, 0, -0.303167, 0, 0, 0.126748, 0.131481, 0, -0.25, 0, 0
47241, 0, 0.244605, 0, -0.215812, 0.347118, 0, -0.161365, 0.170322, 0, -0.25, 0, 0
47250, 0, 0.251411, 0, 0.0564277, 0, 0.350624, 0.344775, 0.0687184, 0, -0.25, 0, 0
47260, 0, 0.253768, 0, 0.150734, 0, 0, 0.441831, 0.437579, 0, -0.25, 0, 0
47270, 0, 0.253768, 0, 0.150734, 0, 0, 0.463028, 0.458204, 0, -0.25, 0, 0
47281, 0, 0.251411, 0, 0.0564277, 0, 0, 0.395104, 0.392114, 0, -0.25, 0, 0
47290, 0, 0.256173, 0, 0.246907, 0, 0, 0.583045, 0.574982, 0, -0.25, 0, 0
47300, 0, 0.253768, 0, 0.150734, 0, 0, 0.526882, 0.520334, 0, -0.25, 0, 0
47310, 0, 0.251411, 0, 0.0564277, 0.350624, 0.347118, 0.127613, 0.135067, 0, -0.25, 0, 0
47321, 0, 0.242421, 0, -0.303167, 0, 0, 0.0777643, 0.0838199, 0, -0.25, 0, 0
47331, 0, 0.251411, 0, 0.0564277, 0, 0, 0.374954, 0.372987, 0, -0.25, 0, 0
47340, 0, 0.251411, 0, 0.0564277, 0, 0, 0.382889, 0.380708, 0, -0.25, 0, 0
47350, 0, 0.253768, 0, 0.150734, 0.350624, 0, 0.1486, 0.475144, 0, -0.25, 0, 0
47361, 0, 0.251411, 0, 0.0564277, 0, 0, 0.362714, 0.409053, 0, -0.25, 0, 0
47371, 0, 0.253768, 0, 0.150734, 0, 0.347118, 0.45977, 0.184313, 0, -0.25, 0, 0
47380, 0, 0.253768, 0, 0.150734, 0, 0, 0.480967, 0.476619, 0, -0.25, 0, 0
47390, 0, 0.242421, 0, -0.303167, 0, 0, 0.0732214, 0.0798793, 0, -0.25, 0, 0
47400, 0, 0.244605, 0, -0.215812, 0, 0, 0.11314, 0.11872, 0, -0.25, 0, 0
47411, 0, 0.251411, 0, 0.0564277, 0, 0, 0.340062, 0.339517, 0, -0.25, 0, 0
47420, 0, 0.249098, 0, -0.0360638, 0, 0, 0.260591, 0.262191, 0, -0.25, 0, 0
47430, 0, 0.253768, 0, 0.150734, 0, 0, 0.432047, 0.429018, 0, -0.25, 0, 0
47440, 0, 0.251411, 0, 0.0564277, 0, 0, 0.364123, 0.362928, 0, -0.25, 0, 0
47451, 0, 0.253768, 0, 0.150734, 0, 0, 0.461179, 0.457364, 0, -0.25, 0, 0
47460, 0, 0.253768, 0, 0.150734, 0, 0, 0.482376, 0.477989, 0, -0.25, 0, 0
47470, 0, 0.251411, 0, 0.0564277, 0, 0, 0.414452, 0.411899, 0, -0.25, 0, 0
47480, 0, 0.242421, 0, -0.303167, 0.350624, 0, -0.24878, 0.0889706, 0, -0.25, 0, 0
47491, 0, 0.234079, 0, -0.636846, 0, 0, -0.324706, -0.25933, 0, -0.25, 0, 0
47501, 0, 0.251411, 0, 0.0564277, 0, 0, 0.240891, 0.290999, 0, -0.25, 0, 0
47510, 0, 0.253768, 0, 0.150734, -0.350624, 0, 0.669292, 0.385435, 0, -0.25, 0, 0
47520, 0, 0.242421, 0, -0.303167, 0, 0, -0.0204923, -0.0113046, 0, -0.25, 0, 0
47531, 0, 0.244605, 0, -0.215812, 0.350624, 0, -0.311918, 0.0275364, 0, -0.25, 0, 0
47541, 0, 0.253768, 0, 0.150734, 0, 0, 0.286163, 0.335048, 0, -0.25, 0, 0
47550, 0, 0.24683, 0, -0.126794, 0, 0, 0.0450917, 0.100485, 0, -0.25, 0, 0
47560, 0, 0.244605, 0, -0.215812, 0, 0, -0.0568623, 0.00128275, 0, -0.25, 0, 0
47570, 0, 0.253768, 0, 0.150734, 0, 0, 0.259181, 0.308794, 0, -0.25, 0, 0
47581, 0, 0.242421, 0, -0.303167, 0, 0, -0.148565, -0.0879449, 0, -0.25, 0, 0
47590, 0, 0.244605, 0, -0.215812, 0, 0, -0.108647, -0.0491038, 0, -0.25, 0, 0
47600, 0, 0.242421, 0, -0.303167, 0, 0, -0.221547, -0.158956, 0, -0.25, 0, 0
47610, 0, 0.253768, 0, 0.150734, 0, 0, 0.164763, 0.216926, 0, -0.25, 0, 0
47621, 0, 0.249098, 0, -0.0360638, 0, 0, 0.0094337, 0.0657891, 0, -0.25, 0, 0
47630, 0, 0.251411, 0, 0.0564277, 0, 0, 0.091768, 0.145901, 0, -0.25, 0, 0
47640, 0, 0.253768, 0, 0.150734, 0, 0, 0.188824, 0.240337, 0, -0.25, 0, 0
47650, 0, 0.251411, 0, 0.0564277, 0, 0, 0.1209, 0.174247, 0, -0.25, 0, 0
47661, 0, 0.251411, 0, 0.0564277, 0, 0, 0.128835, 0.181968, 0, -0.25, 0, 0
47671, 0, 0.244605, 0, -0.215812, 0, 0, -0.1205, -0.0606374, 0, -0.25, 0, 0
47680, 0, 0.242421, 0, -0.303167, 0, 0, -0.2334, -0.17049, 0, -0.25, 0, 0
47690, 0, 0.242421, 0, -0.303167, 0, 0, -0.276033, -0.211972, 0, -0.25, 0, 0
47700, 0, 0.244605, 0, -0.215812, 0, 0, -0.236115, -0.173131, 0, -0.25, 0, 0
47711, 0, 0.242421, 0, -0.303167, 0, 0, -0.349015, -0.282983, 0, -0.25, 0, 0
47720, 0, 0.244605, 0, -0.215812, -0.347118, 0, 0.0189353, -0.244142, 0, -0.25, 0, 0
47730, 0, 0.253768, 0, 0.150734, 0, 0, 0.0557604, 0.0633694, 0, -0.25, 0, 0
47740, 0, 0.253768, 0, 0.150734, 0, 0, 0.0769574, 0.0839942, 0, -0.25, 0, 0
47751, 0, 0.251411, 0, 0.0564277, 0, 0, 0.00903346, 0.0179038, 0, -0.25, 0, 0
47760, 0, 0.242421, 0, -0.303167, 0, 0, -0.322854, -0.305024, 0, -0.25, 0, 0
47770, 0, 0.253768, 0, 0.150734, 0, 0, 0.0634567, 0.0708579, 0, -0.25, 0, 0
47780, 0, 0.253768, 0, 0.150734, 0, -0.350624, 0.0846537, 0.413883, 0, -0.25, 0, 0
47791, 0, 0.251411, 0, 0.0564277, 0, 0, 0.0167298, 0.0733679, 0, -0.25, 0, 0
47800, 0, 0.253768, 0, 0.150734, 0, 0, 0.113786, 0.167804, 0, -0.25, 0, 0
47810, 0, 0.253768, 0, 0.150734, 0, 0, 0.134983, 0.188429, 0, -0.25, 0, 0
47820, 0, 0.251411, 0, 0.0564277, 0, 0, 0.0670589, 0.122338, 0, -0.25, 0, 0
47831, 0, 0.253768, 0, 0.150734, 0, 0, 0.164115, 0.216775, 0, -0.25, 0, 0
47841, 0, 0.242421, 0, -0.303167, 0, 0, -0.243631, -0.179965, 0, -0.25, 0, 0
47850, 0, 0.242421, 0, -0.303167, 0, 0, -0.286264, -0.221447, 0, -0.25, 0, 0
47860, 0, 0.234079, 0, -0.636846, 0, 0, -0.644228, -0.569748, 0, -0.25, 0, 0
47870, 0, 0.253768, 0, 0.150734, 0, 0, 0.0104898, 0.0672964, 0, -0.25, 0, 0
47881, 0, 0.253768, 0, 0.150734, -0.350624, -0.347118, 0.363032, 0.407097, 0, -0.25, 0, 0
47890, 0, 0.244605, 0, -0.215812, -0.347118, 0, 0.0838301, -0.180999, 0, -0.25, 0, 0
47900, 0, 0.251411, 0, 0.0564277, 0, 0, 0.0315343, 0.0397972, 0, -0.25, 0, 0
47910, 0, 0.253768, 0, 0.150734, 0, 0, 0.12859, 0.134233, 0, -0.25, 0, 0
47921, 0, 0.244605, 0, -0.215812, 0, 0, -0.196604, -0.182183, 0, -0.25, 0, 0
47930, 0, 0.251411, 0, 0.0564277, 0, 0, 0.0303178, 0.0386136, 0, -0.25, 0, 0
47940, 0, 0.253768, 0, 0.150734, 0, 0, 0.127374, 0.13305, 0, -0.25, 0, 0
47950, 0, 0.24683, 0, -0.126794, 0, 0, -0.113697, -0.101514, 0, -0.25, 0, 0
47961, 0, 0.251411, 0, 0.0564277, 0, 0, 0.0416195, 0.0496102, 0, -0.25, 0, 0
47970, 0, 0.244605, 0, -0.215812, 0, 0, -0.207716, -0.192995, 0, -0.25, 0, 0
47980, 0, 0.242421, 0, -0.303167, 0, 0, -0.320616, -0.302847, 0, -0.25, 0, 0
47990, 0, 0.244605, 0, -0.215812, 0, 0, -0.280697, -0.264006, 0, -0.25, 0, 0
48001, 0, 0.253768, 0, 0.150734, 0, 0, 0.0353456, 0.0435056, 0, -0.25, 0, 0
48011, 0, 0.251411, 0, 0.0564277, 0, 0, -0.0325784, -0.0225848, 0, -0.25, 0, 0
48020, 0, 0.253768, 0, 0.150734, 0, 0, 0.0644777, 0.0718514, 0, -0.25, 0, 0
48030, 0, 0.251411, 0, 0.0564277, 0, 0, -0.00344621, 0.00576098, 0, -0.25, 0, 0
48040, 0, 0.251411, 0, 0.0564277, 0, 0, 0.00448894, 0.0134819, 0, -0.25, 0, 0
48051, 0, 0.242421, 0, -0.303167, 0, 0, -0.327398, -0.309446, 0, -0.25, 0, 0
48060, 0, 0.251411, 0, 0.0564277, 0, 0, -0.0302088, -0.0202791, 0, -0.25, 0, 0
48070, 0, 0.253768, 0, 0.150734, 0, 0, 0.0668473, 0.074157, 0, -0.25, 0, 0
48080, 0, 0.249098, 0, -0.0360638, 0, 0, -0.0884824, -0.0769797, 0, -0.25, 0, 0
48091, 0, 0.242421, 0, -0.303167, 0, 0, -0.34597, -0.327517, 0, -0.25, 0, 0
48100, 0, 0.244605, 0, -0.215812, 0, 0, -0.306052, -0.288676, 0, -0.25, 0, 0
48110, 0, 0.251411, 0, 0.0564277, -0.350624, 0, 0.252215, -0.0678793, 0, -0.25, 0, 0
48120, 0, 0.253768, 0, 0.150734, 0, -0.350624, 0.067233, 0.348957, 0, -0.25, 0, 0
48131, 0, 0.253768, 0, 0.150734, 0, 0, 0.08843, 0.0951571, 0, -0.25, 0, 0
48141, 0, 0.251411, 0, 0.0564277, 0, 0, 0.0205061, 0.0290668, 0, -0.25, 0, 0
48150, 0, 0.253768, 0, 0.150734, 0, 0, 0.117562, 0.123503, 0, -0.25, 0, 0
48160, 0, 0.251411, 0, 0.0564277, 0, 0, 0.0496382, 0.0574125, 0, -0.25, 0, 0
48171, 0, 0.251411, 0, 0.0564277, 0, 0, 0.0575734, 0.0651335, 0, -0.25, 0, 0
48181, 0, 0.251411, 0, 0.0564277, 0, 0, 0.0655085, 0.0728544, 0, -0.25, 0, 0
48190, 0, 0.251411, 0, 0.0564277, 0, 0, 0.0734437, 0.0805754, 0, -0.25, 0, 0
48200, 0, 0.251411, 0, 0.0564277, 0, 0, 0.0813788, 0.0882963, 0, -0.25, 0, 0
48210, 0, 0.26368, 0, 0.547203, 0, 0, 0.553103, 0.547287, 0, -0.25, 0, 0
48221, 0, 0.242421, 0, -0.303167, 0, 0, -0.173558, -0.159758, 0, -0.25, 0, 0
48230, 0, 0.242421, 0, -0.303167, 0, 0.350624, -0.216191, -0.523641, 0, -0.25, 0, 0
48240, 0, 0.253768, 0, 0.150734, 0, 0, 0.17012, 0.126666, 0, -0.25, 0, 0
48250, 0, 0.251411, 0, 0.0564277, 0, -0.350624, 0.102196, 0.382976, 0, -0.25, 0, 0
48261, 0, 0.253768, 0, 0.150734, 0, -0.350624, 0.199252, 0.525388, 0, -0.25, 0, 0
48271, 0, 0.253768, 0, 0.150734, 0, 0.347118, 0.220449, -0.0475886, 0, -0.25, 0, 0
48280, 0, 0.251411, 0, 0.0564277, 0, 0.350624, 0.152525, -0.164399, 0, -0.25, 0, 0
48290, 0, 0.253768, 0, 0.150734, 0, 0, 0.249581, 0.204462, 0, -0.25, 0, 0
48301, 0, 0.242421, 0, -0.303167, 0, 0, -0.158165, -0.192277, 0, -0.25, 0, 0
48311, 0, 0.242421, 0, -0.303167, 0, 0, -0.200798, -0.233759, 0, -0.25, 0, 0
48320, 0, 0.244605, 0, -0.215812, 0, 0, -0.160879, -0.194918, 0, -0.25, 0, 0
48330, 0, 0.251411, 0, 0.0564277, 0, 0, 0.0660426, 0.0258783, 0, -0.25, 0, 0
48340, 0, 0.253768, 0, 0.150734, 0, 0, 0.163099, 0.120314, 0, -0.25, 0, 0
48351, 0, 0.253768, 0, 0.150734, 0, 0, 0.184296, 0.140939, 0, -0.25, 0, 0
48360, 0, 0.251411, 0, 0.0564277, 0, 0, 0.116372, 0.0748488, 0, -0.25, 0, 0
48370, 0, 0.253768, 0, 0.150734, 0, 0, 0.213428, 0.169285, 0, -0.25, 0, 0
48380, 0, 0.251411, 0, 0.0564277, 0, 0, 0.145504, 0.103195, 0, -0.25, 0, 0
48391, 0, 0.242421, 0, -0.303167, 0, 0, -0.186383, -0.219733, 0, -0.25, 0, 0
48400, 0, 0.234079, 0, -0.636846, 0, 0, -0.544347, -0.568034, 0, -0.25, 0, 0
48410, 0, 0.251411, 0, 0.0564277, 0, 0, 0.0212498, -0.0177054, 0, -0.25, 0, 0
48420, 0, 0.253768, 0, 0.150734, -0.350624, -0.347118, 0.449651, 0.395907, 0, -0.25, 0, 0
48431, 0, 0.253768, 0, 0.150734, -0.347118, -0.347118, 0.516841, 0.464028, 0, -0.25, 0, 0
48441, 0, 0.242421, 0, -0.303167, 0.347118, 0, -0.498154, -0.204392, 0, -0.25, 0, 0
48450, 0, 0.244605, 0, -0.215812, 0.350624, 0.350624, -0.510363, -0.487952, 0, -0.25, 0, 0
48460, 0, 0.251411, 0, 0.0564277, -0.347118, 0.347118, 0.326629, -0.311907, 0, -0.25, 0, 0
48471, 0, 0.251411, 0, 0.0564277, -0.350624, -0.350624, 0.386691, 0.289895, 0, -0.25, 0, 0
48481, 0, 0.253768, 0, 0.150734, -0.347118, -0.347118, 0.52974, 0.429083, 0, -0.25, 0, 0
48490, 0, 0.251411, 0, 0.0564277, 0.350624, 0, -0.148747, 0.0913119, 0, -0.25, 0, 0
48500, 0, 0.253768, 0, 0.150734, 0.347118, 0, -0.0976835, 0.185748, 0, -0.25, 0, 0
48510, 0, 0.251411, 0, 0.0564277, 0, 0.350624, 0.11361, -0.202743, 0, -0.25, 0, 0
48521, 0, 0.242421, 0, -0.303167, 0, 0, -0.218277, -0.251246, 0, -0.25, 0, 0
48530, 0, 0.244605, 0, -0.215812, 0, 0, -0.178358, -0.212405, 0, -0.25, 0, 0
48541, 0, 0.24683, 0, -0.126794, 0, 0, -0.124583, -0.160081, 0, -0.25, 0, 0
48550, 0, 0.242421, 0, 0, 0, 0, 0, 0, 0, -0.25, 0, 0
48560, 0, 0.244605, 0, 0, 0, 0, 0, 0, 0, -0.25, 0, 0
48570, 0, 0.251411, 0, 0, 0, 0, 0, 0, 0, -0.25, 0, 0
48580, 0, 0.253768, 0, 0, 0, 0, 0, 0, 0, -0.25, 0, 0
48590, 0, 0.242421, 0, 0, 0, 0, 0, 0, 0, -0.25, 0, 0
48601, 0, 0.244605, 0, 0, 0, 0, 0, 0, 0, -0.25, 0, 0
48610, 0, 0.240277, 0, 0, 0, 0, 0, 0, 0, -0.25, 0, 0
48620, 0, 0.253768, 0, 0, 0, 0, 0, 0, 0, -0.25, 0, 0
48630, 0, 0.251411, 0, 0, 0, 0, 0, 0, 0, -0.25, 0, 0
48641, 0, 0.249098, 0, 0, 0, 0, 0, 0, 0, -0.25, 0, 0
48650, 0, 0.251411, 0, 0, 0, 0, 0, 0, 0, -0.25, 0, 0
48660, 0, 0.253768, 0, 0, 0, 0, 0, 0, 0, -0.25, 0, 0
48670, 0, 0.244605, 0, 0, 0, 0, 0, 0, 0, -0.25, 0, 0
48680, 0, 0.242421, 0, 0, 0, 0, 0, 0, 0, -0.25, 0, 0
48690, 0, 0.244605, 0, 0, 0, 0, 0, 0, 0, -0.25, 0, 0
48700, 0, 0.242421, 0, 0, 0, 0, 0, 0, 0, -0.25, 0, 0
48710, 0, 0.242421, 0, 0, 0, 0, 0, 0, 0, -0.25, 0, 0
48720, 0, 0.244605, 0, 0, 0, 0, 0, 0, 0, -0.25, 0, 0
48731, 0, 0.251411, 0, 0, 0, 0, 0, 0, 0, -0.25, 0, 0
48740, 0, 0.251411, 0, 0, 0, 0, 0, 0, 0, -0.25, 0, 0
48750, 0, 0.253768, 0, 0, 0, 0, 0, 0, 0, -0.25, 0, 0
48760, 0, 0.251411, 0, 0, 0, 0, 0, 0, 0, -0.25, 0, 0
48771, 0, 0.244605, 0, 0, 0, 0, 0, 0, 0, -0.25, 0, 0
48780, 0, 0.242421, 0, 0, 0, 0, 0, 0, 0, -0.25, 0, 0
48790, 0, 0.251411, 0, 0, 0, 0, 0, 0, 0, -0.25, 0, 0
48800, 0, 0.253768, 0, 0, 0, 0, 0, 0, 0, -0.25, 0, 0
48811, 0, 0.251411, 0, 0, 0, 0, 0, 0, 0, -0.25, 0, 0
48820, 0, 0.251411, 0, 0, 0, 0, 0, 0, 0, -0.25, 0, 0
48830, 0, 0.253768, 0, 0, 0, 0, 0, 0, 0, -0.25, 0, 0
48840, 0, 0.244605, 0, 0, 0, 0, 0, 0, 0, -0.25, 0, 0
48850, 0, 0.253768, 0, 0, 0, 0, 0, 0, 0, -0.25, 0, 0
48860, 0, 0.253768, 0, 0, 0, 0, 0, 0, 0, -0.25, 0, 0
48870, 0, 0.251411, 0, 0, 0, 0, 0, 0, 0, -0.25, 0, 0
48880, 0, 0.253768, 0, 0, 0, 0, 0, 0, 0, -0.25, 0, 0
48890, 0, 0.242421, 0, 0, 0, 0, 0, 0, 0, -0.25, 0, 0
48901, 0, 0.251411, 0, 0, 0, 0, 0, 0, 0, -0.25, 0, 0
48910, 0, 0.253768, 0, 0, 0, 0, 0, 0, 0, -0.25, 0, 0
48920, 0, 0.251411, 0, 0, 0, 0, 0, 0, 0, -0.25, 0, 0
48930, 0, 0.253768, 0, 0, 0, 0, 0, 0, 0, -0.25, 0, 0
48941, 0, 0.253768, 0, 0, 0, 0, 0, 0, 0, -0.25, 0, 0
48950, 0, 0.251411, 0, 0, 0, 0, 0, 0, 0, -0.25, 0, 0
48960, 0, 0.242421, 0, 0, 0, 0, 0, 0, 0, -0.25, 0, 0
48970, 0, 0.242421, 0, 0, 0, 0, 0, 0, 0, -0.25, 0, 0
48980, 0, 0.251411, 0, 0, 0, 0, 0, 0, 0, -0.25, 0, 0
48990, 0, 0.253768, 0, 0, 0, 0, 0, 0, 0, -0.25, 0, 0
49000, 0, 0.251411, 0, 0, 0, 0, 0, 0, 0, -0.25, 0, 0
49010, 0, 0.253768, 0, 0, 0, 0, 0, 0, 0, -0.25, 0, 0
49020, 0, 0.253768, 0, 0, 0, 0, 0, 0, 0, -0.25, 0, 0
49030, 0, 0.251411, 0, 0, 0, 0, 0, 0, 0, -0.25, 0, 0
49040, 0, 0.253768, 0, 0, 0, 0, 0, 0, 0, -0.25, 0, 0
49050, 0, 0.253768, 0, 0, 0, 0, 0, 0, 0, -0.25, 0, 0
49060, 0, 0.251411, 0, 0, 0, 0, 0, 0, 0, -0.25, 0, 0
49071, 0, 0.251411, 0, 0, 0, 0, 0, 0, 0, -0.25, 0, 0
49080, 0, 0.242421, 0, 0, 0, 0, 0, 0, 0, -0.25, 0, 0
49090, 0, 0.253768, 0, 0, 0, 0, 0, 0, 0, -0.25, 0, 0
49100, 0, 0.251411, 0, 0, 0, 0, 0, 0, 0, -0.25, 0, 0
49111, 0, 0.251411, 0, 0, 0, 0, 0, 0, 0, -0.25, 0, 0
49120, 0, 0.253768, 0, 0, 0, 0, 0, 0, 0, -0.25, 0, 0
49130, 0, 0.234079, 0, 0, 0, 0, 0, 0, 0, -0.25, 0, 0
49140, 0, 0.251411, 0, 0, 0, 0, 0, 0, 0, -0.25, 0, 0
49150, 0, 0.242421, 0, 0, 0, 0, 0, 0, 0, -0.25, 0, 0
49160, 0, 0.251411, 0, 0, 0, 0, 0, 0, 0, -0.25, 0, 0
49170, 0, 0.244605, 0, 0, 0, 0, 0, 0, 0, -0.25, 0, 0
49180, 0, 0.244605, 0, 0, 0, 0, 0, 0, 0, -0.25, 0, 0
49190, 0, 0.251411, 0, 0, 0, 0, 0, 0, 0, -0.25, 0, 0
49200, 0, 0.251411, 0, 0, 0, 0, 0, 0, 0, -0.25, 0, 0
49210, 0, 0.253768, 0, 0, 0, 0, 0, 0, 0, -0.25, 0, 0
49220, 0, 0.242421, 0, 0, 0, 0, 0, 0, 0, -0.25, 0, 0
49230, 0, 0.244605, 0, 0, 0, 0, 0, 0, 0, -0.25, 0, 0
49241, 0, 0.251411, 0, 0, 0, 0, 0, 0, 0, -0.25, 0, 0
49250, 0, 0.251411, 0, 0, 0, 0, 0, 0, 0, -0.25, 0, 0
49260, 0, 0.253768, 0, 0, 0, 0, 0, 0, 0, -0.25, 0, 0
49270, 0, 0.251411, 0, 0, 0, 0, 0, 0, 0, -0.25, 0, 0
49281, 0, 0.253768, 0, 0, 0, 0, 0, 0, 0, -0.25, 0, 0
49290, 0, 0.253768, 0, 0, 0, 0, 0, 0, 0, -0.25, 0, 0
49300, 0, 0.242421, 0, 0, 0, 0, 0, 0, 0, -0.25, 0, 0
49310, 0, 0.244605, 0, 0, 0, 0, 0, 0, 0, -0.25, 0, 0
49320, 0, 0.242421, 0, 0, 0, 0, 0, 0, 0, -0.25, 0, 0
49330, 0, 0.244605, 0, 0, 0, 0, 0, 0, 0, -0.25, 0, 0
49340, 0, 0.244605, 0, 0, 0, 0, 0, 0, 0, -0.25, 0, 0
49350, 0, 0.251411, 0, 0, 0, 0, 0, 0, 0, -0.25, 0, 0
49360, 0, 0.253768, 0, 0, 0, 0, 0, 0, 0, -0.25, 0, 0
49371, 0, 0.244605, 0, 0, 0, 0, 0, 0, 0, -0.25, 0, 0
49380, 0, 0.253768, 0, 0, 0, 0, 0, 0, 0, -0.25, 0, 0
49390, 0, 0.253768, 0, 0, 0, 0, 0, 0, 0, -0.25, 0, 0
49400, 0, 0.251411, 0, 0, 0, 0, 0, 0, 0, -0.25, 0, 0
49411, 0, 0.251411, 0, 0, 0, 0, 0, 0, 0, -0.25, 0, 0
49420, 0, 0.253768, 0, 0, 0, 0, 0, 0, 0, -0.25, 0, 0
49430, 0, 0.251411, 0, 0, 0, 0, 0, 0, 0, -0.25, 0, 0
49440, 0, 0.244605, 0, 0, 0, 0, 0, 0, 0, -0.25, 0, 0
49451, 0, 0.244605, 0, 0, 0, 0, 0, 0, 0, -0.25, 0, 0
49460, 0, 0.251411, 0, 0, 0, 0, 0, 0, 0, -0.25, 0, 0
49470, 0, 0.253768, 0, 0, 0, 0, 0, 0, 0, -0.25, 0, 0
49480, 0, 0.244605, 0, 0, 0, 0, 0, 0, 0, -0.25, 0, 0
49490, 0, 0.242421, 0, 0, 0, 0, 0, 0, 0, -0.25, 0, 0
49500, 0, 0.234079, 0, 0, 0, 0, 0, 0, 0, -0.25, 0, 0
49510, 0, 0.242421, 0, 0, 0, 0, 0, 0, 0, -0.25, 0, 0
49520, 0, 0.251411, 0, 0, 0, 0, 0, 0, 0, -0.25, 0, 0
49530, 0, 0.261127, 0, 0, 0, 0, 0, 0, 0, -0.25, 0, 0
49541, 0, 0.251411, 0, 0, 0, 0, 0, 0, 0, -0.25, 0, 0
49550, 0, 0.253768, 0, 0, 0, 0, 0, 0, 0, -0.25, 0, 0
49560, 0, 0.253768, 0, 0, 0, 0, 0, 0, 0, -0.25, 0, 0
49570, 0, 0.251411, 0, 0, 0, 0, 0, 0, 0, -0.25, 0, 0
49581, 0, 0.253768, 0, 0, 0, 0, 0, 0, 0, -0.25, 0, 0
49590, 0, 0.251411, 0, 0, 0, 0, 0, 0, 0, -0.25, 0, 0
49600, 0, 0.253768, 0, 0, 0, 0, 0, 0, 0, -0.25, 0, 0
49610, 0, 0.253768, 0, 0, 0, 0, 0, 0, 0, -0.25, 0, 0
49620, 0, 0.251411, 0, 0, 0, 0, 0, 0, 0, -0.25, 0, 0
49630, 0, 0.249098, 0, 0, 0, 0, 0, 0, 0, -0.25, 0, 0
49640, 0, 0.251411, 0, 0, 0, 0, 0, 0, 0, -0.25, 0, 0
49650, 0, 0.242421, 0, 0, 0, 0, 0, 0, 0, -0.25, 0, 0
49660, 0, 0.24683, 0, 0, 0, 0, 0, 0, 0, -0.25, 0, 0
49670, 0, 0.253768, 0, 0, 0, 0, 0, 0, 0, -0.25, 0, 0
49680, 0, 0.251411, 0, 0, 0, 0, 0, 0, 0, -0.25, 0, 0
49690, 0, 0.242421, 0, 0, 0, 0, 0, 0, 0, -0.25, 0, 0
49700, 0, 0.251411, 0, 0, 0, 0, 0, 0, 0, -0.25, 0, 0
49711, 0, 0.253768, 0, 0, 0, 0, 0, 0, 0, -0.25, 0, 0
49720, 0, 0.244605, 0, 0, 0, 0, 0, 0, 0, -0.25, 0, 0
49730, 0, 0.251411, 0, 0, 0, 0, 0, 0, 0, -0.25, 0, 0
49740, 0, 0.253768, 0, 0, 0, 0, 0, 0, 0, -0.25, 0, 0
49751, 0, 0.253768, 0, 0, 0, 0, 0, 0, 0, -0.25, 0, 0
49760, 0, 0.251411, 0, 0, 0, 0, 0, 0, 0, -0.25, 0, 0
49770, 0, 0.253768, 0, 0, 0, 0, 0, 0, 0, -0.25, 0, 0
49780, 0, 0.251411, 0, 0, 0, 0, 0, 0, 0, -0.25, 0, 0
49790, 0, 0.251411, 0, 0, 0, 0, 0, 0, 0, -0.25, 0, 0
49800, 0, 0.253768, 0, 0, 0, 0, 0, 0, 0, -0.25, 0, 0
49810, 0, 0.251411, 0, 0, 0, 0, 0, 0, 0, -0.25, 0, 0
49820, 0, 0.253768, 0, 0, 0, 0, 0, 0, 0, -0.25, 0, 0
49830, 0, 0.253768, 0, 0, 0, 0, 0, 0, 0, -0.25, 0, 0
49840, 0, 0.251411, 0, 0, 0, 0, 0, 0, 0, -0.25, 0, 0
49850, 0, 0.253768, 0, 0, 0, 0, 0, 0, 0, -0.25, 0, 0
49860, 0, 0.24683, 0, 0, 0, 0, 0, 0, 0, -0.25, 0, 0
49870, 0, 0.253768, 0, 0, 0, 0, 0, 0, 0, -0.25, 0, 0
49881, 0, 0.253768, 0, 0, 0, 0, 0, 0, 0, -0.25, 0, 0
49890, 0, 0.242421, 0, 0, 0, 0, 0, 0, 0, -0.25, 0, 0
49900, 0, 0.244605, 0, 0, 0, 0, 0, 0, 0, -0.25, 0, 0
49910, 0, 0.253768, 0, 0, 0, 0, 0, 0, 0, -0.25, 0, 0
49921, 0, 0.251411, 0, 0, 0, 0, 0, 0, 0, -0.25, 0, 0
49930, 0, 0.244605, 0, 0, 0, 0, 0, 0, 0, -0.25, 0, 0
49940, 0, 0.242421, 0, 0, 0, 0, 0, 0, 0, -0.25, 0, 0
49950, 0, 0.251411, 0, 0, 0, 0, 0, 0, 0, -0.25, 0, 0
49960, 0, 0.251411, 0, 0, 0, 0, 0, 0, 0, -0.25, 0, 0
49970, 0, 0.253768, 0, 0, 0, 0, 0, 0, 0, -0.25, 0, 0
49980, 0, 0.253768, 0, 0, 0, 0, 0, 0, 0, -0.25, 0, 0
49990, 0, 0.253768, 0, 0, 0, 0, 0, 0, 0, -0.25, 0, 0
50000, 0, 0.251411, 0, 0, 0, 0, 0, 0, 0, -0.25, 0, 0
50010, 0, 0.253768, 0, 0, 0, 0, 0, 0, 0, -0.25, 0, 0
50020, 0, 0.251411, 0, 0, 0, 0, 0, 0, 0, -0.25, 0, 0
50030, 0, 0.251411, 0, 0, 0, 0, 0, 0, 0, -0.25, 0, 0
50040, 0, 0.244605, 0, 0, 0, 0, 0, 0, 0, -0.25, 0, 0
50051, 0, 0.251411, 0, 0, 0, 0, 0, 0, 0, -0.25, 0, 0
50060, 0, 0.251411, 0, 0, 0, 0, 0, 0, 0, -0.25, 0, 0
50070, 0, 0.253768, 0, 0, 0, 0, 0, 0, 0, -0.25, 0, 0
50080, 0, 0.251411, 0, 0, 0, 0, 0, 0, 0, -0.25, 0, 0
50091, 0, 0.253768, 0, 0, 0, 0, 0, 0, 0, -0.25, 0, 0
50100, 0, 0.253768, 0, 0, 0, 0, 0, 0, 0, -0.25, 0, 0
50110, 0, 0.251411, 0, 0, 0, 0, 0, 0, 0, -0.25, 0, 0
50120, 0, 0.253768, 0, 0, 0, 0, 0, 0, 0, -0.25, 0, 0
50130, 0, 0.242421, 0, 0, 0, 0, 0, 0, 0, -0.25, 0, 0
50140, 0, 0.244605, 0, 0, 0, 0, 0, 0, 0, -0.25, 0, 0
50150, 0, 0.244605, 0, 0, 0, 0, 0, 0, 0, -0.25, 0, 0
50160, 0, 0.251411, 0, 0, 0, 0, 0, 0, 0, -0.25, 0, 0
50170, 0, 0.253768, 0, 0, 0, 0, 0, 0, 0, -0.25, 0, 0
50181, 0, 0.244605, 0, 0, 0, 0, 0, 0, 0, -0.25, 0, 0
50190, 0, 0.253768, 0, 0, 0, 0, 0, 0, 0, -0.25, 0, 0
50200, 0, 0.253768, 0, 0, 0, 0, 0, 0, 0, -0.25, 0, 0
50210, 0, 0.242421, 0, 0, 0, 0, 0, 0, 0, -0.25, 0, 0
50221, 0, 0.253768, 0, 0, 0, 0, 0, 0, 0, -0.25, 0, 0
50230, 0, 0.242421, 0, 0, 0, 0, 0, 0, 0, -0.25, 0, 0
50240, 0, 0.251411, 0, 0, 0, 0, 0, 0, 0, -0.25, 0, 0
50250, 0, 0.253768, 0, 0, 0, 0, 0, 0, 0, -0.25, 0, 0
50260, 0, 0.244605, 0, 0, 0, 0, 0, 0, 0, -0.25, 0, 0
50270, 0, 0.244605, 0, 0, 0, 0, 0, 0, 0, -0.25, 0, 0
50280, 0, 0.244605, 0, 0, 0, 0, 0, 0, 0, -0.25, 0, 0
50290, 0, 0.249098, 0, 0, 0, 0, 0, 0, 0, -0.25, 0, 0
50300, 0, 0.242421, 0, 0, 0, 0, 0, 0, 0, -0.25, 0, 0
50310, 0, 0.244605, 0, 0, 0, 0, 0, 0, 0, -0.25, 0, 0
50320, 0, 0.251411, 0, 0, 0, 0, 0, 0, 0, -0.25, 0, 0
50330, 0, 0.253768, 0, 0, 0, 0, 0, 0, 0, -0.25, 0, 0
50340, 0, 0.253768, 0, 0, 0, 0, 0, 0, 0, -0.25, 0, 0
50351, 0, 0.251411, 0, 0, 0, 0, 0, 0, 0, -0.25, 0, 0
50360, 0, 0.253768, 0, 0, 0, 0, 0, 0, 0, -0.25, 0, 0
50370, 0, 0.251411, 0, 0, 0, 0, 0, 0, 0, -0.25, 0, 0
50380, 0, 0.251411, 0, 0, 0, 0, 0, 0, 0, -0.25, 0, 0
50391, 0, 0.253768, 0, 0, 0, 0, 0, 0, 0, -0.25, 0, 0
50400, 0, 0.253768, 0, 0, 0, 0, 0, 0, 0, -0.25, 0, 0
50410, 0, 0.251411, 0, 0, 0, 0, 0, 0, 0, -0.25, 0, 0
50420, 0, 0.261127, 0, 0, 0, 0, 0, 0, 0, -0.25, 0, 0
50430, 0, 0.251411, 0, 0, 0, 0, 0, 0, 0, -0.25, 0, 0
50440, 0, 0.253768, 0, 0, 0, 0, 0, 0, 0, -0.25, 0, 0
50450, 0, 0.253768, 0, 0, 0, 0, 0, 0, 0, -0.25, 0, 0
50460, 0, 0.242421, 0, 0, 0, 0, 0, 0, 0, -0.25, 0, 0
50470, 0, 0.244605, 0, 0, 0, 0, 0, 0, 0, -0.25, 0, 0
50480, 0, 0.242421, 0, 0, 0, 0, 0, 0, 0, -0.25, 0, 0
50490, 0, 0.242421, 0, 0, 0, 0, 0, 0, 0, -0.25, 0, 0
50500, 0, 0.253768, 0, 0, 0, 0, 0, 0, 0, -0.25, 0, 0
50510, 0, 0.253768, 0, 0, 0, 0, 0, 0, 0, -0.25, 0, 0
50521, 0, 0.251411, 0, 0, 0, 0, 0, 0, 0, -0.25, 0, 0
50530, 0, 0.244605, 0, 0, 0, 0, 0, 0, 0, -0.25, 0, 0
50540, 0, 0.242421, 0, 0, 0, 0, 0, 0, 0, -0.25, 0, 0
50550, 0, 0.244605, 0, 0, 0, 0, 0, 0, 0, -0.25, 0, 0
50561, 0, 0.251411, 0, 0, 0, 0, 0, 0, 0, -0.25, 0, 0
50570, 0, 0.242421, 0, 0, 0, 0, 0, 0, 0, -0.25, 0, 0
50580, 0, 0.244605, 0, 0, 0, 0, 0, 0, 0, -0.25, 0, 0
50590, 0, 0.253768, 0, 0, 0, 0, 0, 0, 0, -0.25, 0, 0
50600, 0, 0.244605, 0, 0, 0, 0, 0, 0, 0, -0.25, 0, 0
50610, 0, 0.253768, 0, 0, 0, 0, 0, 0, 0, -0.25, 0, 0
50620, 0, 0.242421, 0, 0, 0, 0, 0, 0, 0, -0.25, 0, 0
50630, 0, 0.244605, 0, 0, 0, 0, 0, 0, 0, -0.25, 0, 0
50640, 0, 0.242421, 0, 0, 0, 0, 0, 0, 0, -0.25, 0, 0
50651, 0, 0.251411, 0, 0, 0, 0, 0, 0, 0, -0.25, 0, 0
50660, 0, 0.253768, 0, 0, 0, 0, 0, 0, 0, -0.25, 0, 0
50670, 0, 0.251411, 0, 0, 0, 0, 0, 0, 0, -0.25, 0, 0
50680, 0, 0.253768, 0, 0, 0, 0, 0, 0, 0, -0.25, 0, 0
50691, 0, 0.253768, 0, 0, 0, 0, 0, 0, 0, -0.25, 0, 0
50700, 0, 0.251411, 0, 0, 0, 0, 0, 0, 0, -0.25, 0, 0
50710, 0, 0.253768, 0, 0, 0, 0, 0, 0, 0, -0.25, 0, 0
50720, 0, 0.240277, 0, 0, 0, 0, 0, 0, 0, -0.25, 0, 0
50731, 0, 0.242421, 0, 0, 0, 0, 0, 0, 0, -0.25, 0, 0
50740, 0, 0.244605, 0, 0, 0, 0, 0, 0, 0, -0.25, 0, 0
50750, 0, 0.242421, 0, 0, 0, 0, 0, 0, 0, -0.25, 0, 0
50760, 0, 0.244605, 0, 0, 0, 0, 0, 0, 0, -0.25, 0, 0
50770, 0, 0.234079, 0, 0, 0, 0, 0, 0, 0, -0.25, 0, 0
50780, 0, 0.251411, 0, 0, 0, 0, 0, 0, 0, -0.25, 0, 0
50790, 0, 0.253768, 0, 0, 0, 0, 0, 0, 0, -0.25, 0, 0
50800, 0, 0.253768, 0, 0, 0, 0, 0, 0, 0, -0.25, 0, 0
50810, 0, 0.251411, 0, 0, 0, 0, 0, 0, 0, -0.25, 0, 0
50821, 0, 0.253768, 0, 0, 0, 0, 0, 0, 0, -0.25, 0, 0
50830, 0, 0.251411, 0, 0, 0, 0, 0, 0, 0, -0.25, 0, 0
50840, 0, 0.253768, 0, 0, 0, 0, 0, 0, 0, -0.25, 0, 0
50850, 0, 0.253768, 0, 0, 0, 0, 0, 0, 0, -0.25, 0, 0
50861, 0, 0.251411, 0, 0, 0, 0, 0, 0, 0, -0.25, 0, 0
50870, 0, 0.253768, 0, 0, 0, 0, 0, 0, 0, -0.25, 0, 0
50880, 0, 0.253768, 0, 0, 0, 0, 0, 0, 0, -0.25, 0, 0
50890, 0, 0.251411, 0, 0, 0, 0, 0, 0, 0, -0.25, 0, 0
50900, 0, 0.253768, 0, 0, 0, 0, 0, 0, 0, -0.25, 0, 0
50910, 0, 0.251411, 0, 0, 0, 0, 0, 0, 0, -0.25, 0, 0
50920, 0, 0.251411, 0, 0, 0, 0, 0, 0, 0, -0.25, 0, 0
50930, 0, 0.253768, 0, 0, 0, 0, 0, 0, 0, -0.25, 0, 0
50940, 0, 0.251411, 0, 0, 0, 0, 0, 0, 0, -0.25, 0, 0
50950, 0, 0.242421, 0, 0, 0, 0, 0, 0, 0, -0.25, 0, 0
50960, 0, 0.242421, 0, 0, 0, 0, 0, 0, 0, -0.25, 0, 0
50970, 0, 0.251411, 0, 0, 0, 0, 0, 0, 0, -0.25, 0, 0
50980, 0, 0.253768, 0, 0, 0, 0, 0, 0, 0, -0.25, 0, 0
50991, 0, 0.242421, 0, 0, 0, 0, 0, 0, 0, -0.25, 0, 0
51000, 0, 0.242421, 0, 0, 0, 0, 0, 0, 0, -0.25, 0, 0
51010, 0, 0.244605, 0, 0, 0, 0, 0, 0, 0, -0.25, 0, 0
51020, 0, 0.242421, 0, 0, 0, 0, 0, 0, 0, -0.25, 0, 0
51031, 0, 0.244605, 0, 0, 0, 0, 0, 0, 0, -0.25, 0, 0
51040, 0, 0.253768, 0, 0, 0, 0, 0, 0, 0, -0.25, 0, 0
51050, 0, 0.240277, 0, 0, 0, 0, 0, 0, 0, -0.25, 0, 0
51060, 0, 0.244605, 0, 0, 0, 0, 0, 0, 0, -0.25, 0, 0
51070, 0, 0.251411, 0, 0, 0, 0, 0, 0, 0, -0.25, 0, 0
51080, 0, 0.251411, 0, 0, 0, 0, 0, 0, 0, -0.25, 0, 0
51090, 0, 0.253768, 0, 0, 0, 0, 0, 0, 0, -0.25, 0, 0
51100, 0, 0.251411, 0, 0, 0, 0, 0, 0, 0, -0.25, 0, 0
51110, 0, 0.253768, 0, 0, 0, 0, 0, 0, 0, -0.25, 0, 0
51120, 0, 0.244605, 0, 0, 0, 0, 0, 0, 0, -0.25, 0, 0
51130, 0, 0.242421, 0, 0, 0, 0, 0, 0, 0, -0.25, 0, 0
51140, 0, 0.232086, 0, 0, 0, 0, 0, 0, 0, -0.25, 0, 0
51150, 0, 0.253768, 0, 0, 0, 0, 0, 0, 0, -0.25, 0, 0
51161, 0, 0.251411, 0, 0, 0, 0, 0, 0, 0, -0.25, 0, 0
51170, 0, 0.253768, 0, 0, 0, 0, 0, 0, 0, -0.25, 0, 0
51180, 0, 0.251411, 0, 0, 0, 0, 0, 0, 0, -0.25, 0, 0
51190, 0, 0.253768, 0, 0, 0, 0, 0, 0, 0, -0.25, 0, 0
51201, 0, 0.244605, 0, 0, 0, 0, 0, 0, 0, -0.25, 0, 0
51210, 0, 0.251411, 0, 0, 0, 0, 0, 0, 0, -0.25, 0, 0
51220, 0, 0.253768, 0, 0, 0, 0, 0, 0, 0, -0.25, 0, 0
51230, 0, 0.244605, 0, 0, 0, 0, 0, 0, 0, -0.25, 0, 0
51240, 0, 0.242421, 0, 0, 0, 0, 0, 0, 0, -0.25, 0, 0
51250, 0, 0.234079, 0, 0, 0, 0, 0, 0, 0, -0.25, 0, 0
51260, 0, 0.242421, 0, 0, 0, 0, 0, 0, 0, -0.25, 0, 0
51270, 0, 0.242421, 0, 0, 0, 0, 0, 0, 0, -0.25, 0, 0
51280, 0, 0.242421, 0, 0, 0, 0, 0, 0, 0, -0.25, 0, 0
51290, 0, 0.242421, 0, 0, 0, 0, 0, 0, 0, -0.25, 0, 0
51300, 0, 0.244605, 0, 0, 0, 0, 0, 0, 0, -0.25, 0, 0
51310, 0, 0.238173, 0, 0, 0, 0, 0, 0, 0, -0.25, 0, 0
51320, 0, 0.242421, 0, 0, 0, 0, 0, 0, 0, -0.25, 0, 0
51331, 0, 0.236107, 0, 0, 0, 0, 0, 0, 0, -0.25, 0, 0
51340, 0, 0.242421, 0, 0, 0, 0, 0, 0, 0, -0.25, 0, 0
51350, 0, 0.244605, 0, 0, 0, 0, 0, 0, 0, -0.25, 0, 0
51360, 0, 0.244605, 0, 0, 0, 0, 0, 0, 0, -0.25, 0, 0
51371, 0, 0.242421, 0, 0, 0, 0, 0, 0, 0, -0.25, 0, 0
51380, 0, 0.240277, 0, 0, 0, 0, 0, 0, 0, -0.25, 0, 0
51390, 0, 0.253768, 0, 0, 0, 0, 0, 0, 0, -0.25, 0, 0
51400, 0, 0.242421, 0, 0, 0, 0, 0, 0, 0, -0.25, 0, 0
51410, 0, 0.244605, 0, 0, 0, 0, 0, 0, 0, -0.25, 0, 0
51420, 0, 0.242421, 0, 0, 0, 0, 0, 0, 0, -0.25, 0, 0
51430, 0, 0.242421, 0, 0, 0, 0, 0, 0, 0, -0.25, 0, 0
51440, 0, 0.242421, 0, 0, 0, 0, 0, 0, 0, -0.25, 0, 0
51450, 0, 0.242421, 0, 0, 0, 0, 0, 0, 0, -0.25, 0, 0
51461, 0, 0.244605, 0, 0, 0, 0, 0, 0, 0, -0.25, 0, 0
51470, 0, 0.244605, 0, 0, 0, 0, 0, 0, 0, -0.25, 0, 0
51480, 0, 0.242421, 0, 0, 0, 0, 0, 0, 0, -0.25, 0, 0
51490, 0, 0.234079, 0, 0, 0, 0, 0, 0, 0, -0.25, 0, 0
51501, 0, 0.234079, 0, 0, 0, 0, 0, 0, 0, -0.25, 0, 0
51510, 0, 0.249098, 0, 0, 0, 0, 0, 0, 0, -0.25, 0, 0
51520, 0, 0.244605, 0, 0, 0, 0, 0, 0, 0, -0.25, 0, 0
51530, 0, 0.242421, 0, 0, 0, 0, 0, 0, 0, -0.25, 0, 0
51540, 0, 0.244605, 0, 0, 0, 0, 0, 0, 0, -0.25, 0, 0
51550, 0, 0.244605, 0, 0, 0, 0, 0, 0, 0, -0.25, 0, 0
51560, 0, 0.242421, 0, 0, 0, 0, 0, 0, 0, -0.25, 0, 0
51570, 0, 0.244605, 0, 0, 0, 0, 0, 0, 0, -0.25, 0, 0
51580, 0, 0.244605, 0, 0, 0, 0, 0, 0, 0, -0.25, 0, 0
51590, 0, 0.242421, 0, 0, 0, 0, 0, 0, 0, -0.25, 0, 0
51600, 0, 0.244605, 0, 0, 0, 0, 0, 0, 0, -0.25, 0, 0
51610, 0, 0.242421, 0, 0, 0, 0, 0, 0, 0, -0.25, 0, 0
51620, 0, 0.244605, 0, 0, 0, 0, 0, 0, 0, -0.25, 0, 0
51631, 0, 0.244605, 0, 0, 0, 0, 0, 0, 0, -0.25, 0, 0
51640, 0, 0.242421, 0, 0, 0, 0, 0, 0, 0, -0.25, 0, 0
51650, 0, 0.244605, 0, 0, 0, 0, 0, 0, 0, -0.25, 0, 0
51660, 0, 0.256173, 0, 0, 0, 0, 0, 0, 0, -0.25, 0, 0
51671, 0, 0.242421, 0, 0, 0, 0, 0, 0, 0, -0.25, 0, 0
51680, 0, 0.234079, 0, 0, 0, 0, 0, 0, 0, -0.25, 0, 0
51690, 0, 0.242421, 0, 0, 0, 0, 0, 0, 0, -0.25, 0, 0
51700, 0, 0.242421, 0, 0, 0, 0, 0, 0, 0, -0.25, 0, 0
51710, 0, 0.240277, 0, 0, 0, 0, 0, 0, 0, -0.25, 0, 0
51720, 0, 0.242421, 0, 0, 0, 0, 0, 0, 0, -0.25, 0, 0
51730, 0, 0.244605, 0, 0, 0, 0, 0, 0, 0, -0.25, 0, 0
51740, 0, 0.253768, 0, 0, 0, 0, 0, 0, 0, -0.25, 0, 0
51750, 0, 0.242421, 0, 0, 0, 0, 0, 0, 0, -0.25, 0, 0
51760, 0, 0.244605, 0, 0, 0, 0, 0, 0, 0, -0.25, 0, 0
51770, 0, 0.242421, 0, 0, 0, 0, 0, 0, 0, -0.25, 0, 0
51780, 0, 0.242421, 0, 0, 0, 0, 0, 0, 0, -0.25, 0, 0
51790, 0, 0.244605, 0, 0, 0, 0, 0, 0, 0, -0.25, 0, 0
51801, 0, 0.242421, 0, 0, 0, 0, 0, 0, 0, -0.25, 0, 0
51810, 0, 0.244605, 0, 0, 0, 0, 0, 0, 0, -0.25, 0, 0
51820, 0, 0.244605, 0, 0, 0, 0, 0, 0, 0, -0.25, 0, 0
51830, 0, 0.242421, 0, 0, 0, 0, 0, 0, 0, -0.25, 0, 0
51841, 0, 0.251411, 0, 0, 0, 0, 0, 0, 0, -0.25, 0, 0
51850, 0, 0.244605, 0, 0, 0, 0, 0, 0, 0, -0.25, 0, 0
51860, 0, 0.242421, 0, 0, 0, 0, 0, 0, 0, -0.25, 0, 0
51870, 0, 0.234079, 0, 0, 0, 0, 0, 0, 0, -0.25, 0, 0
51880, 0, 0.242421, 0, 0, 0, 0, 0, 0, 0, -0.25, 0, 0
51890, 0, 0.244605, 0, 0, 0, 0, 0, 0, 0, -0.25, 0, 0
51900, 0, 0.244605, 0, 0, 0, 0, 0, 0, 0, -0.25, 0, 0
51910, 0, 0.244605, 0, 0, 0, 0, 0, 0, 0, -0.25, 0, 0
51920, 0, 0.244605, 0, 0, 0, 0, 0, 0, 0, -0.25, 0, 0
51931, 0, 0.253768, 0, 0, 0, 0, 0, 0, 0, -0.25, 0, 0
