QGPIORecord, QRC v6.1.0, 01-12-2025 @ 13:51:25, Windows 10 Version 2009, 10.0.26100, x86_64
Time, ValueIn0, ValueIn1, ValueIn2, ValueIn3, ValueIn4, ValueIn5, ValueIn6, ValueIn7, ValueIn8, ValueIn9, ValueIn10, ValueIn11
384030, 0, 0, 0, 0, 0, 0, 0, 0, 0, 0, 0, 0
384041, 0, 0, 0, 0, 0, 0, 0, 0, 0, 0, 0, 0
384050, 0, 0, 0, 0, 0, 0, 0, 0, 0, 0, 0, 0
384060, 0, 0, 0, 0, 0, 0, 0, 0, 0, 0, 0, 0
384070, 0, 0, 0, 0, 0, 0, 0, 0, 0, 0, 0, 0
384080, 0, 0, 0, 0, 0, 0, 0, 0, 0, 0, 0, 0
384091, 0, 0, 0, 0, 0, 0, 0, 0, 0, 0, 0, 0
384100, 0, 0, 0, 0, 0, 0, 0, 0, 0, 0, 0, 0
384110, 0, 0, 0, 0, 0, 0, 0, 0, 0, 0, 0, 0
384120, 0, 0, 0, 0, 0, 0, 0, 0, 0, 0, 0, 0
384131, 0, 0, 0, 0, 0, 0, 0, 0, 0, 0, 0, 0
384140, 0, 0, 0, 0, 0, 0, 0, 0, 0, 0, 0, 0
384150, 0, 0, 0, 0, 0, 0, 0, 0, 0, 0, 0, 0
384160, 0, 0, 0, 0, 0, 0, 0, 0, 0, 0, 0, 0
384171, 0, 0, -0.350624, 0, 0.350624, 0, 0, 0, 0, 0, 0, 0
384180, 0, 0, 0, 0, 0, 0, 0, 0, 0, 0, 0, 0
384190, 0, 0, 0, 0, 0, 0, 0, 0, 0, 0, 0, 0
384200, 0, 0, 0, 0, 0, 0, 0, 0, 0, 0, 0, 0
384210, 0, 0, 0, 0, 0, 0, 0, 0, 0, 0, 0, 0
384220, 0, 0, 0, 0, 0, 0, 0, 0, 0, 0, 0, 0
384230, 0, 0, 0, 0, 0, 0, 0, 0, 0, 0, 0, 0
384240, 0, 0, 0, 0, 0, 0, 0, 0, 0, 0, 0, 0
384250, 0, 0, 0, 0, 0, 0, 0, 0, 0, 0, 0, 0
384261, 0, 0, 0, 0, 0, 0, 0, 0, 0, 0, 0, 0
384270, 0, 0, 0, 0, 0, 0, 0, 0, 0, 0, 0, 0
384280, 0, 0, 0, 0, 0, 0, 0, 0, 0, 0, 0, 0
384290, 0, 0, 0, 0, 0, 0, 0, 0, 0, 0, 0, 0
384301, 0, 0, 0, 0, 0, 0, 0, 0, 0, 0, 0, 0
384310, 0, 0, 0, 0, 0, 0, 0, 0, 0, 0, 0, 0
384320, 0, 0, 0, 0, 0, 0, 0, 0, 0, 0, 0, 0
384330, 0, 0, 0, 0, 0, 0, 0, 0, 0, 0, 0, 0
384340, 0, -0.350624, 0, 0.350624, 0, 0, 0, 0, 0, 0, 0, 0
384350, 0, 0, 0, 0, 0, 0, 0, 0, 0, 0, 0, 0
384360, 0, 0, 0, 0, 0, 0, 0, 0, 0, 0, 0, 0
384370, 0, 0, 0, 0, 0, 0, 0, 0, 0, 0, 0, 0
384380, 0, 0, 0, 0, 0, 0, 0, 0, 0, 0, 0, 0
384391, 0, 0, -0.347118, 0, 0.347118, 0, 0, 0, 0, 0, 0, 0
384400, 0, 0, 0, 0, 0, 0, 0, 0, 0, 0, 0, 0
384410, 0, 0, 0, 0, 0, 0, 0, 0, 0, 0, 0, 0
384420, 0, 0, 0, 0, 0, 0, 0, 0, 0, 0, 0, 0
384431, 0, 0, 0, 0, 0, 0, 0, 0, 0, 0, 0, 0
384440, 0, 0, 0, 0, 0, 0, 0, 0, 0, 0, 0, 0
384450, 0, 0, 0, 0, 0, 0, 0, 0, 0, 0, 0, 0
384460, 0, 0, 0, 0, 0, 0, 0, 0, 0, 0, 0, 0
384471, 0, 0, 0, 0, 0, 0, 0, 0, 0, 0, 0, 0
384480, 0, 0, 0, 0, 0, 0, 0, 0, 0, 0, 0, 0
384490, 0, 0, 0, 0, 0, 0, 0, 0, 0, 0, 0, 0
384500, 0, 0, 0, 0, 0, 0, 0, 0, 0, 0, 0, 0
384510, 0, 0, 0, 0, 0, 0, 0, 0, 0, 0, 0, 0
384520, 0, 0, 0, 0, 0, 0, 0, 0, 0, 0, 0, 0
384530, 0, 0, 0, 0, 0, 0, 0, 0, 0, 0, 0, 0
384540, 0, 0, 0, 0, 0, 0, 0, 0, 0, 0, 0, 0
384550, 0, -0.350624, 0, 0.350624, 0, 0, 0, 0, 0, 0, 0, 0
384561, 0, 0, 0, 0, 0, 0, 0, 0, 0, 0, 0, 0
384570, 0, 0, -0.347118, 0, 0.347118, 0, 0, 0, 0, 0, 0, 0
384580, 0, 0, 0, 0, 0, 0, 0, 0, 0, 0, 0, 0
384590, 0, 0, 0, 0, 0, 0, 0, 0, 0, 0, 0, 0
384601, 0, 0, 0, 0, 0, 0, 0, 0, 0, 0, 0, 0
384610, 0, 0, 0, 0, 0, 0, 0, 0, 0, 0, 0, 0
384620, 0, 0, 0, 0, 0, 0, 0, 0, 0, 0, 0, 0
384630, 0, 0, 0, 0, 0, 0, 0, 0, 0, 0, 0, 0
384641, 0, 0, 0, 0, 0, 0, 0, 0, 0, 0, 0, 0
384650, 0, 0, 0, 0, 0, 0, 0, 0, 0, 0, 0, 0
384660, 0, 0, 0, 0, 0, 0, 0, 0, 0, 0, 0, 0
384670, 0, 0, 0, 0, 0, 0, 0, 0, 0, 0, 0, 0
384680, 0, 0, 0, 0, 0, 0, 0, 0, 0, 0, 0, 0
384690, 0, 0, 0, 0, 0, 0, 0, 0, 0, 0, 0, 0
384700, 0, 0, 0, 0, 0, 0, 0, 0, 0, 0, 0, 0
384710, 0, 0, 0, 0, 0, 0, 0, 0, 0, 0, 0, 0
384720, 0, 0, 0, 0, 0, 0, 0, 0, 0, 0, 0, 0
384731, 0, 0, 0, 0, 0, 0, 0, 0, 0, 0, 0, 0
384740, 0, 0, 0, 0, 0, 0, 0, 0, 0, 0, 0, 0
384750, 0, 0, 0, 0, 0, 0, 0, 0, 0, 0, 0, 0
384760, 0, 0, 0, 0, 0, 0, 0, 0, 0, 0, 0, 0
384771, 0, 0, 0, 0, 0, 0, 0, 0, 0, 0, 0, 0
384780, 0, 0, 0, 0, 0, 0, 0, 0, 0, 0, 0, 0
384790, 0, 0, 0, 0, 0, 0, 0, 0, 0, 0, 0, 0
384800, 0, 0, 0, 0, 0, 0, 0, 0, 0, 0, 0, 0
384811, 0, 0, 0, 0, 0, 0, 0, 0, 0, 0, 0, 0
384820, 0, 0, 0, 0, 0, 0, 0, 0, 0, 0, 0, 0
384830, 0, 0, -0.350624, 0, 0.350624, 0, 0, 0, 0, 0, 0, 0
384840, 0, 0, 0, 0, 0, 0, 0, 0, 0, 0, 0, 0
384850, 0, 0, 0, 0, 0, 0, 0, 0, 0, 0, 0, 0
384860, 0, 0, 0, 0, 0, 0, 0, 0, 0, 0, 0, 0
384870, 0, 0, 0, 0, 0, 0, 0, 0, 0, 0, 0, 0
384880, 0, 0, 0, 0, 0, 0, 0, 0, 0, 0, 0, 0
384890, 0, 0, 0, 0, 0, 0, 0, 0, 0, 0, 0, 0
384901, 0, 0, 0, 0, 0, 0, 0, 0, 0, 0, 0, 0
384910, 0, 0, 0, 0, 0, 0, 0, 0, 0, 0, 0, 0
384920, 0, 0, 0, 0, 0, 0, 0, 0, 0, 0, 0, 0
384930, 0, 0, 0, 0, 0, 0, 0, 0, 0, 0, 0, 0
384941, 0, 0, 0, 0, 0, 0, 0, 0, 0, 0, 0, 0
384950, 0, 0, 0, 0, 0, 0, 0, 0, 0, 0, 0, 0
384960, 0, 0, 0, 0, 0, 0, 0, 0, 0, 0, 0, 0
384970, 0, 0, 0, 0, 0, 0, 0, 0, 0, 0, 0, 0
384980, 0, 0, 0, 0, 0, 0, 0, 0, 0, 0, 0, 0
384990, 0, 0, 0, 0, 0, 0, 0, 0, 0, 0, 0, 0
385000, 0, 0, 0, 0, 0, 0, 0, 0, 0, 0, 0, 0
385010, 0, 0, 0, 0, 0, 0, 0, 0, 0, 0, 0, 0
385020, 0, 0, 0, 0, 0, 0, 0, 0, 0, 0, 0, 0
385030, 0, 0, 0, 0, 0, 0, 0, 0, 0, 0, 0, 0
385040, 0, 0, 0, 0, 0, 0, 0, 0, 0, 0, 0, 0
385050, 0, 0, 0, 0, 0, 0, 0, 0, 0, 0, 0, 0
385060, 0, 0, 0, 0, 0, 0, 0, 0, 0, 0, 0, 0
385071, 0, 0, 0, 0, 0, 0, 0, 0, 0, 0, 0, 0
385080, 0, 0, 0, 0, 0, 0, 0, 0, 0, 0, 0, 0
385090, 0, 0, 0, 0, 0, 0, 0, 0, 0, 0, 0, 0
385100, 0, 0, 0, 0, 0, 0, 0, 0, 0, 0, 0, 0
385111, 0, 0, 0, 0, 0, 0, 0, 0, 0, 0, 0, 0
385120, 0, 0, 0, 0, 0, 0, 0, 0, 0, 0, 0, 0
385130, 0, 0, 0, 0, 0, 0, 0, 0, 0, 0, 0, 0
385140, 0, 0, 0, 0, 0, 0, 0, 0, 0, 0, 0, 0
385150, 0, 0, 0, 0, 0, 0, 0, 0, 0, 0, 0, 0
385160, 0, 0, 0, 0, 0, 0, 0, 0, 0, 0, 0, 0
385170, 0, 0, 0, 0, 0, 0, 0, 0, 0, 0, 0, 0
385180, 0, 0, 0, 0, 0, 0, 0, 0, 0, 0, 0, 0
385190, 0, 0, 0, 0, 0, 0, 0, 0, 0, 0, 0, 0
385201, 0, 0, 0, 0, 0, 0, 0, 0, 0, 0, 0, 0
385210, 0, 0, 0, 0, 0, 0, 0, 0, 0, 0, 0, 0
385220, 0, 0, 0, 0, 0, 0, 0, 0, 0, 0, 0, 0
385230, 0, 0, 0, 0, 0, 0, 0, 0, 0, 0, 0, 0
385241, 0, 0, 0, 0, 0, 0, 0, 0, 0, 0, 0, 0
385250, 0, 0, 0, 0, 0, 0, 0, 0, 0, 0, 0, 0
385260, 0, 0, 0, 0, 0, 0, 0, 0, 0, 0, 0, 0
385270, 0, 0, 0, 0, 0, 0, 0, 0, 0, 0, 0, 0
385281, 0, 0, -0.347118, 0, 0.347118, 0, 0, 0, 0, 0, 0, 0
385290, 0, 0, 0, 0, 0, 0, 0, 0, 0, 0, 0, 0
385300, 0, 0, 0, 0, 0, 0, 0, 0, 0, 0, 0, 0
385310, 0, 0, 0, 0, 0, 0, 0, 0, 0, 0, 0, 0
385320, 0, 0, 0, 0, 0, 0, 0, 0, 0, 0, 0, 0
385330, 0, 0, 0, 0, 0, 0, 0, 0, 0, 0, 0, 0
385340, 0, 0, 0, 0, 0, 0, 0, 0, 0, 0, 0, 0
385350, 0, 0, 0, 0, 0, 0, 0, 0, 0, 0, 0, 0
385360, 0, -0.347118, 0, 0.347118, 0, 0, 0, 0, 0, 0, 0, 0
385371, 0, 0, 0, 0, 0, 0, 0, 0, 0, 0, 0, 0
385380, 0, 0, 0, 0, 0, 0, 0, 0, 0, 0, 0, 0
385390, 0, 0, 0, 0, 0, 0, 0, 0, 0, 0, 0, 0
385400, 0, 0, 0, 0, 0, 0, 0, 0, 0, 0, 0, 0
385411, 0, 0, 0, 0, 0, 0, 0, 0, 0, 0, 0, 0
385420, 0, 0, 0, 0, 0, 0, 0, 1, 0, 0, 0, 0
385430, 0, 0, 0, 0, 0, 0, 0, 1, 0, 0, 0, 0
385440, 0, 0, 0, 0, 0, 0, 0, 1, 0, 0, 0, 0
385451, 0, 0, 0, 0, 0, 0, 0, 1, 0, 0, 0, 0
385460, 0, 0, 0, 0, 0, 0, 0, 1, 0, 0, 0, 0
385470, 0, 0, 0, 0, 0, 0, 0, 1, 0, 0, 0, 0
385480, 0, 0, -0.350624, 0, 0.350624, 0, 0, 1, 0, 0, 0, 0
385490, 0, 0, 0, 0, 0, 0, 0, 1, 0, 0, 0, 0
385500, 0, 0, 0, 0, 0, 0, 0, 1, 0, 0, 0, 0
385510, 0, 0, 0, 0, 0, 0, 0, 1, 0, 0, 0, 0
385520, 0, 0, 0, 0, 0, 0, 0, 1, 0, 0, 0, 0
385530, 0, 0, 0, 0, 0, 0, 0, 1, 0, 0, 0, 0
385541, 0, 0, 0, 0, 0, 0, 0, 1, 0, 0, 0, 0
385550, 0, 0, 0, 0, 0, 0, 0, 1, 0, 0, 0, 0
385560, 0, 0, 0, 0, 0, 0, 0, 1, 0, 0, 0, 0
385570, 0, 0, 0, 0, 0, 0, 0, 1, 0, 0, 0, 0
385581, 0, 0, 0, 0, 0, 0, 0, 1, 0, 0, 0, 0
385590, 0, 0, 0, 0, 0, 0, 0, 1, 0, 0, 0, 0
385600, 0, 0, 0, 0, 0, 0, 0, 1, 0, 0, 0, 0
385610, 0, 0, 0, 0, 0, 0, 0, 1, 0, 0, 0, 0
385620, 0, 0, 0, 0, 0, 0, 0, 1, 0, 0, 0, 0
385630, 0, 0, 0, 0, 0, 0, 0, 1, 0, 0, 0, 0
385640, 0, 0, 0, 0, 0, 0, 0, 1, 0, 0, 0, 0
385650, 0, 0, 0, 0, 0, 0, 0, 1, 0, 0, 0, 0
385660, 0, 0, 0, 0, 0, 0, 0, 1, 0, 0, 0, 0
385671, 0, 0, 0, 0, 0, 0, 0, 1, 0, 0, 0, 0
385680, 0, 0, 0, 0, 0, 0, 0, 1, 0, 0, 0, 0
385690, 0, 0, 0, 0, 0, 0, 0, 1, 0, 0, 0, 0
385700, 0, 0, 0, 0, 0, 0, 0, 1, 0, 0, 0, 0
385711, 0, 0, 0, 0, 0, 0, 0, 1, 0, 0, 0, 0
385720, 0, 0, 0, 0, 0, 0, 0, 1, 0, 0, 0, 0
385730, 0, 0, 0, 0, 0, 0, 0, 1, 0, 0, 0, 0
385740, 0, 0, 0, 0, 0, 0, 0, 1, 0, 0, 0, 0
385751, 0, 0, 0, 0, 0, 0, 0, 1, 0, 0, 0, 0
385760, 0, 0, 0, 0, 0, 0, 0, 1, 0, 0, 0, 0
385770, 0, 0, -0.350624, 0, 0.350624, 0, 0, 1, 0, 0, 0, 0
385780, 0, 0, 0, 0, 0, 0, 0, 1, 0, 0, 0, 0
385790, 0, 0, 0, 0, 0, 0, 0, 1, 0, 0, 0, 0
385800, 0, 0, 0, 0, 0, 0, 0, 1, 0, 0, 0, 0
385810, 0, 0, 0, 0, 0, 0, 0, 1, 0, 0, 0, 0
385820, 0, 0, 0, 0, 0, 0, 0, 1, 0, 0, 0, 0
385830, 0, 0, 0, 0, 0, 0, 0, 1, 0, 0, 0, 0
385841, 0, 0, 0, 0, 0, 0, 0, 1, 0, 0, 0, 0
385850, 0, 0, 0, 0, 0, 0, 0, 1, 0, 0, 0, 0
385860, 0, 0, 0, 0, 0, 0, 0, 1, 0, 0, 0, 0
385870, 0, 0, 0, 0, 0, 0, 0, 1, 0, 0, 0, 0
385881, 0, 0, 0, 0, 0, 0, 0, 1, 0, 0, 0, 0
385890, 0, 0, 0, 0, 0, 0, 0, 1, 0, 0, 0, 0
385900, 0, 0, 0, 0, 0, 0, 0, 1, 0, 0, 0, 0
385910, 0, 0, 0, 0, 0, 0, 0, 1, 0, 0, 0, 0
385921, 0, 0, 0, 0, 0, 0, 0, 1, 0, 0, 0, 0
385930, 0, 0, 0, 0, 0, 0, 0, 1, 0, 0, 0, 0
385940, 0, 0, 0, 0, 0, 0, 0, 1, 0, 0, 0, 0
385950, 0, 0, 0, 0, 0, 0, 0, 1, 0, 0, 0, 0
385960, 0, 0, 0, 0, 0, 0, 0, 1, 0, 0, 0, 0
385970, 0, 0, 0, 0, 0, 0, 0, 1, 0, 0, 0, 0
385980, 0, 0, 0, 0, 0, 0, 0, 1, 0, 0, 0, 0
385990, 0, 0, 0, 0, 0, 0, 0, 1, 0, 0, 0, 0
386000, 0, 0, 0, 0, 0, 0, 0, 1, 0, 0, 0, 0
386011, 0, 0, 0, 0, 0, 0, 0, 1, 0, 0, 0, 0
386020, 0, 0, 0, 0, 0, 0, 0, 1, 0, 0, 0, 0
386030, 0, 0, 0, 0, 0, 0, 0, 1, 0, 0, 0, 0
386040, 0, 0, 0, 0, 0, 0, 0, 1, 0, 0, 0, 0
386051, 0, 0, 0, 0, 0, 0, 0, 1, 0, 0, 0, 0
386060, 0, 0, 0, 0, 0, 0, 0, 1, 0, 0, 0, 0
386070, 0, 0, 0, 0, 0, 0, 0, 1, 0, 0, 0, 0
386080, 0, 0, 0, 0, 0, 0, 0, 1, 0, 0, 0, 0
386091, 0, 0, 0, 0, 0, 0, 0, 1, 0, 0, 0, 0
386100, 0, 0, 0, 0, 0, 0, 0, 1, 0, 0, 0, 0
386110, 0, 0, 0, 0, 0, 0, 0, 1, 0, 0, 0, 0
386120, 0, 0, 0, 0, 0, 0, 0, 1, 0, 0, 0, 0
386130, 0, 0, 0, 0, 0, 0, 0, 1, 0, 0, 0, 0
386140, 0, 0, 0, 0, 0, 0, 0, 1, 0, 0, 0, 0
386150, 0, 0, 0, 0, 0, 0, 0, 1, 0, 0, 0, 0
386160, 0, 0, 0, 0, 0, 0, 0, 1, 0, 0, 0, 0
386170, 0, 0, 0, 0, 0, 0, 0, 1, 0, 0, 0, 0
386181, 0, 0, 0, 0, 0, 0, 0, 1, 0, 0, 0, 0
386190, 0, 0, 0, 0, 0, 0, 0, 1, 0, 0, 0, 0
386200, 0, 0, 0, 0, 0, 0, 0, 1, 0, 0, 0, 0
386210, 0, 0, 0, 0, 0, 0, 0, 1, 0, 0, 0, 0
386221, 0, 0, 0, 0, 0, 0, 0, 1, 0, 0, 0, 0
386230, 0, 0, 0, 0, 0, 0, 0, 1, 0, 0, 0, 0
386240, 0, 0, 0, 0, 0, 0, 0, 1, 0, 0, 0, 0
386250, 0, 0, 0, 0, 0, 0, 0, 1, 0, 0, 0, 0
386260, 0, 0, 0, 0, 0, 0, 0, 1, 0, 0, 0, 0
386270, 0, 0, 0, 0, 0, 0, 0, 1, 0, 0, 0, 0
386280, 0, 0, 0, 0, 0, 0, 0, 1, 0, 0, 0, 0
386290, 0, 0, 0, 0, 0, 0, 0, 1, 0, 0, 0, 0
386300, 0, 0, 0, 0, 0, 0, 0, 1, 0, 0, 0, 0
386311, 0, 0, 0, 0, 0, 0, 0, 1, 0, 0, 0, 0
386320, 0, 0, 0, 0, 0, 0, 0, 1, 0, 0, 0, 0
386330, 0, 0, 0, 0, 0, 0, 0, 1, 0, 0, 0, 0
386340, 0, 0, 0, 0, 0, 0, 0, 1, 0, 0, 0, 0
386351, 0, 0, 0, 0, 0, 0, 0, 1, 0, 0, 0, 0
386360, 0, 0, 0, 0, 0, 0, 0, 1, 0, 0, 0, 0
386370, 0, 0, 0, 0, 0, 0, 0, 1, 0, 0, 0, 0
386380, 0, 0, 0, 0, 0, 0, 0, 1, 0, 0, 0, 0
386391, 0, 0, 0, 0, 0, 0, 0, 1, 0, 0, 0, 0
386400, 0, 0, 0, 0, 0, 0, 0, 1, 0, 0, 0, 0
386410, 0, 0, 0, 0, 0, 0, 0, 1, 0, 0, 0, 0
386420, 0, 0, 0, 0, 0, 0, 0, 1, 0, 0, 0, 0
386430, 0, 0, 0, 0, 0, 0, 0, 1, 0, 0, 0, 0
386440, 0, 0, 0, 0, 0, 0, 0, 1, 0, 0, 0, 0
386450, 0, 0, -0.350624, 0, 0.350624, 0, 0, 1, 0, 0, 0, 0
386460, 0, 0, 0, 0, 0, 0, 0, 1, 0, 0, 0, 0
386470, 0, -0.350624, 0, 0.350624, 0, 0, 0, 1, 0, 0, 0, 0
386481, 0, 0, 0, 0, 0, 0, 0, 1, 0, 0, 0, 0
386490, 0, 0, 0, 0, 0, 0, 0, 1, 0, 0, 0, 0
386500, 0, 0, 0, 0, 0, 0, 0, 1, 0, 0, 0, 0
386510, 0, 0, 0, 0, 0, 0, 0, 1, 0, 0, 0, 0
386521, 0, 0, 0, 0, 0, 0, 0, 1, 0, 0, 0, 0
386530, 0, 0, 0, 0, 0, 0, 0, 1, 0, 0, 0, 0
386540, 0, 0, 0, 0, 0, 0, 0, 1, 0, 0, 0, 0
386550, 0, 0, 0, 0, 0, 0, 0, 1, 0, 0, 0, 0
386561, 0, 0, 0, 0, 0, 0, 0, 1, 0, 0, 0, 0
386570, 0, 0, 0, 0, 0, 0, 0, 1, 0, 0, 0, 0
386580, 0, 0, 0, 0, 0, 0, 0, 1, 0, 0, 0, 0
386590, 0, 0, -0.350624, 0, 0.350624, 0, 0, 1, 0, 0, 0, 0
386600, 0, -0.350624, 0, 0.350624, 0, 0, 0, 1, 0, 0, 0, 0
386610, 0, 0, 0, 0, 0, 0, 0, 1, 0, 0, 0, 0
386620, 0, 0, 0, 0, 0, 0, 0, 1, 0, 0, 0, 0
386630, 0, 0, 0, 0, 0, 0, 0, 1, 0, 0, 0, 0
386640, 0, -0.347118, -0.347118, 0.347118, 0.347118, 0, 0, 1, 0, 0, 0, 0
386651, 0, 0, 0, 0, 0, 0, 0, 1, 0, 0, 0, 0
386660, 0, 0, 0, 0, 0, 0, 0, 1, 0, 0, 0, 0
386670, 0, -0.350624, 0, 0.350624, 0, 0, 0, 1, 0, 0, 0, 0
386680, 0, 0, 0, 0, 0, 0, 0, 1, 0, 0, 0, 0
386691, 0, 0, -0.350624, 0, 0.350624, 0, 0, 1, 0, 0, 0, 0
386700, 0, -0.347118, 0, 0.347118, 0, 0, 0, 1, 0, 0, 0, 0
386710, 0, 0, 0, 0, 0, 0, 0, 1, 0, 0, 0, 0
386720, 0, 0, -0.350624, 0, 0.350624, 0, 0, 1, 0, 0, 0, 0
386731, 0, 0, 0, 0, 0, 0, 0, 1, 0, 0, 0, 0
386740, 0, 0, 0, 0, 0, 0, 0, 1, 0, 0, 0, 0
386750, 0, -0.350624, -0.347118, 0.350624, 0.347118, 0, 0, 1, 0, 0, 0, 0
386760, 0, 0, 0, 0, 0, 0, 0, 1, 0, 0, 0, 0
386770, 0, 0, 0, 0, 0, 0, 0, 1, 0, 0, 0, 0
386781, 0, 0, -0.347118, 0, 0.347118, 0, 0, 1, 0, 0, 0, 0
386790, 0, 0, 0, 0, 0, 0, 0, 1, 0, 0, 0, 0
386800, 0, 0, 0, 0, 0, 0, 0, 1, 0, 0, 0, 0
386810, 0, -0.350624, 0, 0.350624, 0, 0, 0, 1, 0, 0, 0, 0
386821, 0, 0, 0, 0, 0, 0, 0, 1, 0, 0, 0, 0
386830, 0, 0, 0, 0, 0, 0, 0, 1, 0, 0, 0, 0
386840, 0, 0, 0, 0, 0, 0, 0, 1, 0, 0, 0, 0
386850, 0, 0, -0.347118, 0, 0.347118, 0, 0, 1, 0, 0, 0, 0
386861, 0, 0, 0, 0, 0, 0, 0, 1, 0, 0, 0, 0
386870, 0, 0, 0, 0, 0, 0, 0, 1, 0, 0, 0, 0
386880, 0, -0.350624, -0.347118, 0.350624, 0.347118, 0, 0, 1, 0, 0, 0, 0
386890, 0, 0, 0, 0, 0, 0, 0, 1, 0, 0, 0, 0
386900, 0, 0, 0, 0, 0, 0, 0, 1, 0, 0, 0, 0
386910, 0, 0, 0, 0, 0, 0, 0, 1, 0, 0, 0, 0
386920, 0, 0, 0, 0, 0, 0, 0, 1, 0, 0, 0, 0
386930, 0, 0, 0, 0, 0, 0, 0, 1, 0, 0, 0, 0
386940, 0, 0, -0.350624, 0, 0.350624, 0, 0, 1, 0, 0, 0, 0
386951, 0, -0.347118, 0, 0.347118, 0, 0, 0, 1, 0, 0, 0, 0
386960, 0, 0, 0, 0, 0, 0, 0, 1, 0, 0, 0, 0
386970, 0, 0, 0, 0, 0, 0, 0, 1, 0, 0, 0, 0
386980, 0, 0, -0.350624, 0, 0.350624, 0, 0, 1, 0, 0, 0, 0
386991, 0, 0, 0, 0, 0, 0, 0, 1, 0, 0, 0, 0
387000, 0, 0, 0, 0, 0, 0, 0, 1, 0, 0, 0, 0
387010, 0, 0, 0, 0, 0, 0, 0, 1, 0, 0, 0, 0
387020, 0, 0, 0, 0, 0, 0, 0, 1, 0, 0, 0, 0
387031, 0, 0, 0, 0, 0, 0, 0, 1, 0, 0, 0, 0
387040, 0, 0, -0.347118, 0, 0.347118, 0, 0, 1, 0, 0, 0, 0
387050, 0, 0, 0, 0, 0, 0, 0, 1, 0, 0, 0, 0
387060, 0, 0, 0, 0, 0, 0, 0, 1, 0, 0, 0, 0
387070, 0, 0, 0, 0, 0, 0, 0, 1, 0, 0, 0, 0
387081, 0, -0.347118, -0.347118, 0.347118, 0.347118, 0, 0, 1, 0, 0, 0, 0
387090, 0, 0, 0, 0, 0, 0, 0, 1, 0, 0, 0, 0
387100, 0, 0, 0, 0, 0, 0, 0, 1, 0, 0, 0, 0
387110, 0, 0, 0, 0, 0, 0, 0, 1, 0, 0, 0, 0
387121, 0, 0, 0, 0, 0, 0, 0, 1, 0, 0, 0, 0
387130, 0, 0, 0, 0, 0, 0, 0, 1, 0, 0, 0, 0
387140, 0, 0, 0, 0, 0, 0, 0, 1, 0, 0, 0, 0
387150, 0, 0, -0.347118, 0, 0.347118, 0, 0, 1, 0, 0, 0, 0
387161, 0, 0, 0, 0, 0, 0, 0, 1, 0, 0, 0, 0
387170, 0, 0, 0, 0, 0, 0, 0, 1, 0, 0, 0, 0
387180, 0, 0, 0, 0, 0, 0, 0, 1, 0, 0, 0, 0
387190, 0, 0, -0.350624, 0, 0.350624, 0, 0, 1, 0, 0, 0, 0
387201, 0, 0, 0, 0, 0, 0, 0, 1, 0, 0, 0, 0
387210, 0, 0, 0, 0, 0, 0, 0, 1, 0, 0, 0, 0
387220, 0, 0, 0, 0, 0, 0, 0, 1, 0, 0, 0, 0
387230, 0, 0, 0, 0, 0, 0, 0, 1, 0, 0, 0, 0
387240, 0, 0, 0, 0, 0, 0, 0, 1, 0, 0, 0, 0
387250, 0, 0, 0, 0, 0, 0, 0, 1, 0, 0, 0, 0
387260, 0, 0, 0, 0, 0, 0, 0, 1, 0, 0, 0, 0
387270, 0, -0.350624, -0.347118, 0.350624, 0.347118, 0, 0, 1, 0, 0, 0, 0
387280, 0, 0, 0, 0, 0, 0, 0, 1, 0, 0, 0, 0
387291, 0, 0, 0, 0, 0, 0, 0, 1, 0, 0, 0, 0
387300, 0, 0, 0, 0, 0, 0, 0, 1, 0, 0, 0, 0
387310, 0, 0, 0, 0, 0, 0, 0, 1, 0, 0, 0, 0
387320, 0, 0, -0.347118, 0, 0.347118, 0, 0, 1, 0, 0, 0, 0
387331, 0, 0, 0, 0, 0, 0, 0, 1, 0, 0, 0, 0
387340, 0, -0.347118, 0, 0.347118, 0, 0, 0, 1, 0, 0, 0, 0
387350, 0, 0, 0, 0, 0, 0, 0, 1, 0, 0, 0, 0
387360, 0, 0, 0, 0, 0, 0, 0, 1, 0, 0, 0, 0
387371, 0, 0, -0.347118, 0, 0.347118, 0, 0, 1, 0, 0, 0, 0
387380, 0, 0, 0, 0, 0, 0, 0, 1, 0, 0, 0, 0
387390, 0, 0, 0, 0, 0, 0, 0, 1, 0, 0, 0, 0
387400, 0, 0, -0.350624, 0, 0.350624, 0, 0, 1, 0, 0, 0, 0
387410, 0, -0.350624, 0, 0.350624, 0, 0, 0, 1, 0, 0, 0, 0
387420, 0, 0, 0, 0, 0, 0, 0, 1, 0, 0, 0, 0
387430, 0, 0, 0, 0, 0, 0, 0, 1, 0, 0, 0, 0
387440, 0, 0, 0, 0, 0, 0, 0, 1, 0, 0, 0, 0
387450, 0, 0, 0, 0, 0, 0, 0, 1, 0, 0, 0, 0
387461, 0, 0, 0, 0, 0, 0, 0, 1, 0, 0, 0, 0
387470, 0, -0.347118, 0, 0.347118, 0, 0, 0, 1, 0, 0, 0, 0
387480, 0, 0, -0.350624, 0, 0.350624, 0, 0, 1, 0, 0, 0, 0
387490, 0, 0, 0, 0, 0, 0, 0, 1, 0, 0, 0, 0
387501, 0, 0, 0, 0, 0, 0, 0, 1, 0, 0, 0, 0
387510, 0, 0, 0, 0, 0, 0, 0, 1, 0, 0, 0, 0
387520, 0, 0, -0.350624, 0, 0.350624, 0, 0, 1, 0, 0, 0, 0
387530, 0, -0.350624, 0, 0.350624, 0, 0, 0, 1, 0, 0, 0, 0
387540, 0, 0, 0, 0, 0, 0, 0, 1, 0, 0, 0, 0
387550, 0, 0, 0, 0, 0, 0, 0, 1, 0, 0, 0, 0
387560, 0, 0, 0, 0, 0, 0, 0, 1, 0, 0, 0, 0
387570, 0, 0, -0.350624, 0, 0.350624, 0, 0, 1, 0, 0, 0, 0
387580, 0, 0, 0, 0, 0, 0, 0, 1, 0, 0, 0, 0
387591, 0, 0, 0, 0, 0, 0, 0, 1, 0, 0, 0, 0
387600, 0, 0, 0, 0, 0, 0, 0, 1, 0, 0, 0, 0
387610, 0, 0, -0.350624, 0, 0.350624, 0, 0, 1, 0, 0, 0, 0
387620, 0, -0.350624, 0, 0.350624, 0, 0, 0, 1, 0, 0, 0, 0
387631, 0, 0, 0, 0, 0, 0, 0, 1, 0, 0, 0, 0
387640, 0, 0, 0, 0, 0, 0, 0, 1, 0, 0, 0, 0
387650, 0, 0, 0, 0, 0, 0, 0, 1, 0, 0, 0, 0
387660, 0, 0, 0, 0, 0, 0, 0, 1, 0, 0, 0, 0
387671, 0, 0, 0, 0, 0, 0, 0, 1, 0, 0, 0, 0
387680, 0, 0, -0.347118, 0, 0.347118, 0, 0, 1, 0, 0, 0, 0
387690, 0, 0, 0, 0, 0, 0, 0, 1, 0, 0, 0, 0
387700, 0, 0, 0, 0, 0, 0, 0, 1, 0, 0, 0, 0
387710, 0, 0, 0, 0, 0, 0, 0, 1, 0, 0, 0, 0
387721, 0, -0.347118, -0.347118, 0.347118, 0.347118, 0, 0, 1, 0, 0, 0, 0
387730, 0, 0, 0, 0, 0, 0, 0, 1, 0, 0, 0, 0
387740, 0, 0, 0, 0, 0, 0, 0, 1, 0, 0, 0, 0
387750, 0, 0, 0, 0, 0, 0, 0, 1, 0, 0, 0, 0
387761, 0, 0, 0, 0, 0, 0, 0, 1, 0, 0, 0, 0
387770, 0, 0, -0.347118, 0, 0.347118, 0, 0, 1, 0, 0, 0, 0
387780, 0, 0, 0, 0, 0, 0, 0, 1, 0, 0, 0, 0
387790, 0, 0, 0, 0, 0, 0, 0, 1, 0, 0, 0, 0
387801, 0, 0, 0, 0, 0, 0, 0, 1, 0, 0, 0, 0
387810, 10, -0.347118, 0, 10.3471, 10, 5.07726, 4.7909, 1, 0, 0, 0, 0
387820, 10, 0, -0.350624, 10, 10.3506, 4.94949, 4.99904, 1, 0, 0, 0, 0
387830, 10, 3.15562, 2.79097, 6.84438, 7.20903, 3.44218, 3.5355, 1, 0, 0, 0, 0
387841, 10, 5.95009, 5.95009, 4.04991, 4.04991, 2.0991, 2.05095, 1, 0, 0, 0, 0
387851, 10, 5.96061, 6.31124, 4.03939, 3.68876, 2.1106, 1.89419, 1, 0, 0, 0, 0
387860, 10, 4.20749, 4.5511, 5.79251, 5.4489, 2.98745, 2.75227, 1, 0, 0, 0, 0
387870, 10, 3.15562, 3.15912, 6.84438, 6.84088, 3.52742, 3.44104, 1, 0, 0, 0, 0
387880, 10, 3.15211, 3.15211, 6.84789, 6.84789, 3.5573, 3.47187, 1, 0, 0, 0, 0
387891, 10, 3.85336, 3.85336, 6.14664, 6.14664, 3.24136, 3.16341, 1, 0, 0, 0, 0
387900, 10, 4.20749, 4.55811, 5.79251, 5.44189, 3.09288, 2.85045, 1, 0, 0, 0, 0
387910, 10, 4.55461, 4.55811, 5.44539, 5.44189, 2.94637, 2.87231, 1, 0, 0, 0, 0
387920, 10, 4.55811, 4.55811, 5.44189, 5.44189, 2.96705, 2.89416, 1, 0, 0, 0, 0
387931, 10, 4.90173, 4.20398, 5.09827, 5.79602, 2.82082, 3.08568, 1, 0, 0, 0, 0
387941, 10, 4.55811, 4.5511, 5.44189, 5.4489, 3.0104, 2.94265, 1, 0, 0, 0, 0
387950, 10, 4.90874, 4.91224, 5.09126, 5.08776, 2.86073, 2.79152, 1, 0, 0, 0, 0
387960, 10, 4.90523, 4.55461, 5.09477, 5.44539, 2.88339, 2.98329, 1, 0, 0, 0, 0
387971, 10, 4.56162, 4.56162, 5.43838, 5.43838, 3.07296, 3.0018, 1, 0, 0, 0, 0
387981, 10, 4.89822, 4.5476, 5.10178, 5.4524, 2.93016, 3.03036, 1, 0, 0, 0, 0
387990, 10, 4.91575, 4.91224, 5.08425, 5.08776, 2.94254, 2.87756, 1, 0, 0, 0, 0
388000, 10, 4.90523, 4.55811, 5.09477, 5.44189, 2.96861, 3.06765, 1, 0, 0, 0, 0
388011, 10, 4.90173, 4.90173, 5.09827, 5.09827, 2.99129, 2.92488, 1, 0, 0, 0, 0
388021, 10, 4.90874, 4.55811, 5.09126, 5.44189, 3.00882, 3.10998, 1, 0, 0, 0, 0
388030, 10, 4.91224, 4.90874, 5.08776, 5.09126, 3.02803, 2.96385, 1, 0, 0, 0, 0
388040, 10, 5.25936, 4.91224, 4.74064, 5.08776, 2.87863, 2.98262, 1, 0, 0, 0, 0
388050, 10, 4.89822, 4.89471, 5.10178, 5.10529, 3.07534, 3.01145, 1, 0, 0, 0, 0
388061, 10, 5.25235, 4.90874, 4.74765, 5.09126, 2.92256, 3.02523, 1, 0, 0, 0, 0
388071, 10, 4.91575, 4.91224, 5.08425, 5.08776, 3.10725, 3.044, 1, 0, 0, 0, 0
388080, 10, 5.25936, 4.90874, 4.74064, 5.09126, 2.95955, 3.06611, 1, 0, 0, 0, 0
388090, 10, 4.91224, 4.55461, 5.08776, 5.44539, 3.14938, 3.25622, 1, 0, 0, 0, 0
388101, 10, 5.25235, 5.25936, 4.74765, 4.74064, 3.00342, 2.94045, 1, 0, 0, 0, 0
388111, 10, 5.25936, 4.90874, 4.74064, 5.09126, 3.0195, 3.12747, 1, 0, 0, 0, 0
388120, 10, 5.25235, 4.90173, 4.74765, 5.09827, 3.04244, 3.15127, 1, 0, 0, 0, 0
388130, 10, 4.91224, 5.26287, 5.08776, 4.73713, 3.22886, 2.99873, 1, 0, 0, 0, 0
388141, 10, 5.25936, 4.90173, 4.74064, 5.09827, 3.07945, 3.19077, 1, 0, 0, 0, 0
388151, 10, 5.59947, 5.25586, 4.40053, 4.74414, 2.93207, 3.04159, 1, 0, 0, 0, 0
388160, 10, 5.25936, 4.90874, 4.74064, 5.09126, 3.11705, 3.22694, 1, 0, 0, 0, 0
388170, 10, 5.26287, 5.26638, 4.73713, 4.73362, 3.13483, 3.07605, 1, 0, 0, 0, 0
388180, 10, 5.25235, 4.90173, 4.74765, 5.09827, 3.15948, 3.26976, 1, 0, 0, 0, 0
388191, 10, 5.25936, 5.25936, 4.74064, 4.74064, 3.17556, 3.11889, 1, 0, 0, 0, 0
388200, 10, 5.26287, 5.25936, 4.73713, 4.74064, 3.19334, 3.13793, 1, 0, 0, 0, 0
388210, 10, 5.25586, 5.25936, 4.74414, 4.74064, 3.21626, 3.15697, 1, 0, 0, 0, 0
388220, 10, 5.25936, 5.25936, 4.74064, 4.74064, 3.23406, 3.17601, 1, 0, 0, 0, 0
388231, 10, 5.59246, 5.24183, 4.40754, 4.75817, 3.09011, 3.20344, 1, 0, 0, 0, 0
388241, 10, 5.27339, 5.26287, 4.72661, 4.73713, 3.2648, 3.21247, 1, 0, 0, 0, 0
388250, 10, 5.25586, 5.26287, 4.74414, 4.73713, 3.29284, 3.2315, 1, 0, 0, 0, 0
388260, 10, 5.60297, 5.60297, 4.39703, 4.39703, 3.14203, 3.08758, 1, 0, 0, 0, 0
388271, 10, 5.60999, 5.25936, 4.39001, 4.74064, 3.15667, 3.26986, 1, 0, 0, 0, 0
388281, 10, 5.25586, 5.60999, 4.74414, 4.39001, 3.3485, 3.12092, 1, 0, 0, 0, 0
388290, 10, 5.61349, 5.26287, 4.38651, 4.73713, 3.19252, 3.30485, 1, 0, 0, 0, 0
388300, 10, 5.60297, 5.60297, 4.39703, 4.39703, 3.21572, 3.16093, 1, 0, 0, 0, 0
388311, 10, 5.26287, 5.26287, 4.73713, 4.73713, 3.4007, 3.34153, 1, 0, 0, 0, 0
388321, 10, 5.60297, 5.60297, 4.39703, 4.39703, 3.25329, 3.19762, 1, 0, 0, 0, 0
388330, 10, 5.61349, 5.25936, 4.38651, 4.74064, 3.26622, 3.37989, 1, 0, 0, 0, 0
388340, 10, 5.60297, 5.60648, 4.39703, 4.39352, 3.28942, 3.23263, 1, 0, 0, 0, 0
388350, 10, 5.60648, 5.60648, 4.39352, 4.39352, 3.30578, 3.25028, 1, 0, 0, 0, 0
388361, 10, 5.60999, 5.60999, 4.39001, 4.39001, 3.32213, 3.26624, 1, 0, 0, 0, 0
388370, 10, 5.26988, 5.60999, 4.73012, 4.39001, 3.50708, 3.28387, 1, 0, 0, 0, 0
388380, 10, 5.60297, 5.60999, 4.39703, 4.39001, 3.36309, 3.3015, 1, 0, 0, 0, 0
388390, 10, 5.95009, 5.60297, 4.04991, 4.39703, 3.21084, 3.32249, 1, 0, 0, 0, 0
388401, 10, 5.61349, 5.61349, 4.38651, 4.38651, 3.39267, 3.33511, 1, 0, 0, 0, 0
388411, 10, 5.60297, 5.60297, 4.39703, 4.39703, 3.41587, 3.35777, 1, 0, 0, 0, 0
388420, 10, 5.61349, 5.61349, 4.38651, 4.38651, 3.42879, 3.37039, 1, 0, 0, 0, 0
388430, 10, 5.60297, 5.60297, 4.39703, 4.39703, 3.452, 3.39304, 1, 0, 0, 0, 0
388441, 10, 5.61349, 5.96412, 4.38651, 4.03588, 3.46492, 3.23768, 1, 0, 0, 0, 0
388451, 10, 5.60297, 5.95009, 4.39703, 4.04991, 3.48812, 3.26061, 1, 0, 0, 0, 0
388460, 10, 5.96412, 5.61349, 4.03588, 4.38651, 3.329, 3.43813, 1, 0, 0, 0, 0
388470, 10, 5.61349, 5.96412, 4.38651, 4.03588, 3.51765, 3.28777, 1, 0, 0, 0, 0
388481, 10, 5.60297, 5.60297, 4.39703, 4.39703, 3.54085, 3.477, 1, 0, 0, 0, 0
388491, 10, 5.9536, 5.9536, 4.0464, 4.0464, 3.38689, 3.32667, 1, 0, 0, 0, 0
388500, 10, 5.96762, 5.61349, 4.03238, 4.38651, 3.39665, 3.50587, 1, 0, 0, 0, 0
388510, 10, 5.60648, 5.96061, 4.39352, 4.03939, 3.59044, 3.35718, 1, 0, 0, 0, 0
388520, 10, 5.95009, 5.95009, 4.04991, 4.04991, 3.43991, 3.37844, 1, 0, 0, 0, 0
388531, 10, 5.96762, 5.96762, 4.03238, 4.03238, 3.44796, 3.38631, 1, 0, 0, 0, 0
388540, 10, 5.61349, 5.9536, 4.38651, 4.0464, 3.63831, 3.40922, 1, 0, 0, 0, 0
388550, 10, 5.96061, 5.96762, 4.03939, 4.03238, 3.48603, 3.41875, 1, 0, 0, 0, 0
388560, 10, 5.9571, 5.9571, 4.0429, 4.0429, 3.50436, 3.43999, 1, 0, 0, 0, 0
388571, 10, 5.95009, 6.30072, 4.04991, 3.69928, 3.52443, 3.2916, 1, 0, 0, 0, 0
388581, 10, 5.617, 5.96762, 4.383, 4.03238, 3.70454, 3.46604, 1, 0, 0, 0, 0
388590, 10, 5.9571, 5.9571, 4.0429, 4.0429, 3.55568, 3.48727, 1, 0, 0, 0, 0
388600, 10, 5.96061, 6.30773, 4.03939, 3.69227, 3.57058, 3.33553, 1, 0, 0, 0, 0
388611, 10, 6.30773, 5.96061, 3.69227, 4.03939, 3.41687, 3.51666, 1, 0, 0, 0, 0
388621, 10, 5.9536, 5.9571, 4.0464, 4.0429, 3.60582, 3.53456, 1, 0, 0, 0, 0
388630, 10, 5.96061, 6.30773, 4.03939, 3.69227, 3.61903, 3.38282, 1, 0, 0, 0, 0
388640, 10, 5.96762, 5.96762, 4.03238, 4.03238, 3.6322, 3.56059, 1, 0, 0, 0, 0
388651, 10, 5.95009, 6.30072, 4.04991, 3.69928, 3.65739, 3.4172, 1, 0, 0, 0, 0
388661, 10, 5.96412, 5.96412, 4.03588, 4.03588, 3.66716, 3.59332, 1, 0, 0, 0, 0
388670, 10, 6.30422, 6.30072, 3.69578, 3.69928, 3.51687, 3.44826, 1, 0, 0, 0, 0
388680, 10, 5.96412, 6.31825, 4.03588, 3.68175, 3.69896, 3.45472, 1, 0, 0, 0, 0
388690, 10, 5.96061, 6.30072, 4.03939, 3.69928, 3.71728, 3.47791, 1, 0, 0, 0, 0
388701, 10, 6.31124, 6.31474, 3.68876, 3.68526, 3.56185, 3.48604, 1, 0, 0, 0, 0
388710, 10, 6.31474, 5.96412, 3.68526, 4.03588, 3.5753, 3.66882, 1, 0, 0, 0, 0
388720, 10, 5.9536, 6.31124, 4.0464, 3.68876, 3.76767, 3.51873, 1, 0, 0, 0, 0
388730, 10, 6.30773, 6.30773, 3.69227, 3.69227, 3.61054, 3.53522, 1, 0, 0, 0, 0
388741, 10, 6.31124, 6.31124, 3.68876, 3.68876, 3.62401, 3.54837, 1, 0, 0, 0, 0
388751, 10, 5.96061, 6.64783, 4.03939, 3.35217, 3.81123, 3.40193, 1, 0, 0, 0, 0
388760, 10, 6.31124, 6.31825, 3.68876, 3.68175, 3.65579, 3.57329, 1, 0, 0, 0, 0
388770, 10, 6.31124, 5.96762, 3.68876, 4.03238, 3.67096, 3.75606, 1, 0, 0, 0, 0
388781, 10, 6.30072, 6.65134, 3.69928, 3.34866, 3.6913, 3.44469, 1, 0, 0, 0, 0
388791, 10, 6.30773, 6.30773, 3.69227, 3.69227, 3.70307, 3.62276, 1, 0, 0, 0, 0
388800, 10, 6.31124, 6.31124, 3.68876, 3.68876, 3.71654, 3.63591, 1, 0, 0, 0, 0
388810, 10, 5.96061, 6.31124, 4.03939, 3.68876, 3.90376, 3.65072, 1, 0, 0, 0, 0
388820, 10, 6.31825, 6.31825, 3.68175, 3.68175, 3.74488, 3.66217, 1, 0, 0, 0, 0
388831, 10, 6.30422, 6.65485, 3.69578, 3.34515, 3.76691, 3.5157, 1, 0, 0, 0, 0
388840, 10, 6.31825, 6.31474, 3.68175, 3.68526, 3.77522, 3.69207, 1, 0, 0, 0, 0
388850, 10, 6.31124, 6.65835, 3.68876, 3.34165, 3.79381, 3.54225, 1, 0, 0, 0, 0
388860, 10, 6.65134, 6.30773, 3.34866, 3.69227, 3.64209, 3.72365, 1, 0, 0, 0, 0
388871, 10, 6.31124, 6.31124, 3.68876, 3.68876, 3.82275, 3.7368, 1, 0, 0, 0, 0
388881, 10, 6.31474, 6.65485, 3.68526, 3.34515, 3.83621, 3.587, 1, 0, 0, 0, 0
388890, 10, 6.64783, 6.65835, 3.35217, 3.34165, 3.68792, 3.59875, 1, 0, 0, 0, 0
388900, 10, 6.32526, 6.32526, 3.67474, 3.67474, 3.85999, 3.77175, 1, 0, 0, 0, 0
388911, 10, 6.30773, 6.65835, 3.69227, 3.34165, 3.88371, 3.62693, 1, 0, 0, 0, 0
388921, 10, 6.65134, 6.64783, 3.34866, 3.35217, 3.73028, 3.64539, 1, 0, 0, 0, 0
388930, 10, 6.66186, 6.66887, 3.33814, 3.33113, 3.73889, 3.64877, 1, 0, 0, 0, 0
388940, 10, 6.66186, 6.66186, 3.33814, 3.33814, 3.75262, 3.66551, 1, 0, 0, 0, 0
388951, 10, 6.31474, 6.66186, 3.68526, 3.33814, 3.93668, 3.67891, 1, 0, 0, 0, 0
388961, 10, 6.64433, 6.64433, 3.35567, 3.35567, 3.79011, 3.70072, 1, 0, 0, 0, 0
388970, 10, 6.67588, 6.67238, 3.32412, 3.32762, 3.78843, 3.70076, 1, 0, 0, 0, 0
388980, 10, 6.65485, 6.65835, 3.34515, 3.34165, 3.81243, 3.72084, 1, 0, 0, 0, 0
388990, 10, 6.30773, 7.01248, 3.69227, 2.98752, 3.99651, 3.5646, 1, 0, 0, 0, 0
389001, 10, 7.00547, 6.65134, 2.99453, 3.34866, 3.66932, 3.74962, 1, 0, 0, 0, 0
389010, 10, 6.66537, 6.66186, 3.33463, 3.33814, 3.84853, 3.75803, 1, 0, 0, 0, 0
389020, 10, 6.31474, 6.66537, 3.68526, 3.33463, 4.03429, 3.76975, 1, 0, 0, 0, 0
389030, 10, 6.66186, 6.66887, 3.33814, 3.33113, 3.87912, 3.78147, 1, 0, 0, 0, 0
389041, 10, 6.66186, 6.99846, 3.33814, 3.00154, 3.89285, 3.63694, 1, 0, 0, 0, 0
389051, 10, 6.65835, 6.67238, 3.34165, 3.32762, 3.9083, 3.80522, 1, 0, 0, 0, 0
389060, 10, 6.65485, 6.64783, 3.34515, 3.35217, 3.92376, 3.83034, 1, 0, 0, 0, 0
389070, 10, 6.66887, 6.67588, 3.33113, 3.32412, 3.93064, 3.83036, 1, 0, 0, 0, 0
389081, 10, 6.66186, 6.65134, 3.33814, 3.34866, 3.94778, 3.85547, 1, 0, 0, 0, 0
389091, 10, 7.00547, 7.00547, 2.99453, 2.99453, 3.7929, 3.69926, 1, 0, 0, 0, 0
389100, 10, 6.65835, 6.66537, 3.34165, 3.33463, 3.97555, 3.87423, 1, 0, 0, 0, 0
389110, 10, 6.67238, 6.67238, 3.32762, 3.32762, 3.98241, 3.88426, 1, 0, 0, 0, 0
389121, 10, 6.65134, 7.00197, 3.34866, 2.99803, 4.00642, 3.73972, 1, 0, 0, 0, 0
389131, 10, 6.66186, 6.99846, 3.33814, 3.00154, 4.01503, 3.75344, 1, 0, 0, 0, 0
389140, 10, 7.01248, 6.67238, 2.98752, 3.32762, 3.85671, 3.92172, 1, 0, 0, 0, 0
389150, 10, 6.66186, 6.66537, 3.33814, 3.33463, 4.04105, 3.93844, 1, 0, 0, 0, 0
389160, 10, 6.99846, 7.34908, 3.00154, 2.65092, 3.88961, 3.62427, 1, 0, 0, 0, 0
389171, 10, 6.66186, 6.66537, 3.33814, 3.33463, 4.06712, 3.96248, 1, 0, 0, 0, 0
389180, 10, 7.01599, 7.00898, 2.98401, 2.99102, 3.90709, 3.81125, 1, 0, 0, 0, 0
389190, 10, 6.66186, 7.0195, 3.33814, 2.9805, 4.09313, 3.81822, 1, 0, 0, 0, 0
389200, 10, 6.99846, 6.99495, 3.00154, 3.00505, 3.94169, 3.84195, 1, 0, 0, 0, 0
389211, 10, 6.67238, 7.01248, 3.32762, 2.98752, 4.11404, 3.84562, 1, 0, 0, 0, 0
389221, 10, 7.00898, 7.00898, 2.99102, 2.99102, 3.96256, 3.8593, 1, 0, 0, 0, 0
389230, 10, 7.01248, 6.67588, 2.98752, 3.32412, 3.97314, 4.03089, 1, 0, 0, 0, 0
389240, 10, 7.00898, 7.01248, 2.99102, 2.98752, 3.98715, 3.88298, 1, 0, 0, 0, 0
389251, 10, 7.00547, 7.35259, 2.99453, 2.64741, 4.00117, 3.73204, 1, 0, 0, 0, 0
389261, 10, 6.66186, 6.66186, 3.33814, 3.33814, 4.1821, 4.07359, 1, 0, 0, 0, 0
389270, 10, 7.01599, 7.01599, 2.98401, 2.98401, 4.02206, 3.91734, 1, 0, 0, 0, 0
389280, 10, 7.00197, 7.35259, 2.99803, 2.64741, 4.04121, 3.76806, 1, 0, 0, 0, 0
389291, 10, 7.01248, 7.01248, 2.98752, 2.98752, 4.04838, 3.94163, 1, 0, 0, 0, 0
389301, 10, 7.01248, 7.00898, 2.98752, 2.99102, 4.06067, 3.95531, 1, 0, 0, 0, 0
389310, 10, 7.0195, 7.01248, 2.9805, 2.98752, 4.06952, 3.96564, 1, 0, 0, 0, 0
389320, 10, 7.01248, 7.36661, 2.98752, 2.63339, 4.08522, 3.80798, 1, 0, 0, 0, 0
389330, 10, 7.01248, 7.01248, 2.98752, 2.98752, 4.0975, 3.98821, 1, 0, 0, 0, 0
389341, 10, 7.00898, 7.00197, 2.99102, 2.99803, 4.11151, 4.00525, 1, 0, 0, 0, 0
389350, 10, 7.00547, 7.3596, 2.99453, 2.6404, 4.12553, 3.84595, 1, 0, 0, 0, 0
389360, 10, 7.37012, 7.37363, 2.62988, 2.62637, 3.95892, 3.84984, 1, 0, 0, 0, 0
389370, 10, 7.01248, 7.01248, 2.98752, 2.98752, 4.14523, 4.0334, 1, 0, 0, 0, 0
389381, 10, 7.00197, 7.34207, 2.99803, 2.65793, 4.16268, 3.8875, 1, 0, 0, 0, 0
389391, 10, 7.3561, 7.01599, 2.6439, 2.98401, 4.00124, 4.0544, 1, 0, 0, 0, 0
389400, 10, 7.0195, 7.36661, 2.9805, 2.63339, 4.17728, 3.8984, 1, 0, 0, 0, 0
389410, 10, 7.01599, 7.01599, 2.98401, 2.98401, 4.19126, 4.07696, 1, 0, 0, 0, 0
389421, 10, 7.00197, 7.35259, 2.99803, 2.64741, 4.21041, 3.92768, 1, 0, 0, 0, 0
389431, 10, 7.36661, 7.36311, 2.63339, 2.63689, 4.04381, 3.93327, 1, 0, 0, 0, 0
389440, 10, 6.99846, 7.34558, 3.00154, 2.65442, 4.23529, 3.95226, 1, 0, 0, 0, 0
389450, 10, 7.38064, 7.03001, 2.61936, 2.96999, 4.06011, 4.1141, 1, 0, 0, 0, 0
389460, 10, 7.36311, 7.36311, 2.63689, 2.63689, 4.07948, 3.96645, 1, 0, 0, 0, 0
389471, 10, 6.99846, 7.34558, 3.00154, 2.65442, 4.26926, 3.98544, 1, 0, 0, 0, 0
389480, 10, 7.023, 7.36661, 2.977, 2.63339, 4.26956, 3.98602, 1, 0, 0, 0, 0
389490, 10, 7.01248, 7.01248, 2.98752, 2.98752, 4.28697, 4.16625, 1, 0, 0, 0, 0
389500, 10, 7.3561, 7.36311, 2.6439, 2.63689, 4.13065, 4.01027, 1, 0, 0, 0, 0
389511, 10, 7.3596, 7.70321, 2.6404, 2.29679, 4.1398, 3.85792, 1, 0, 0, 0, 0
389521, 10, 7.01599, 7.37012, 2.98401, 2.62988, 4.31927, 4.02673, 1, 0, 0, 0, 0
389530, 10, 7.34558, 7.34908, 2.65442, 2.65092, 4.16982, 4.04737, 1, 0, 0, 0, 0
389540, 10, 7.02651, 7.37713, 2.97349, 2.62287, 4.3373, 4.04457, 1, 0, 0, 0, 0
389551, 10, 7.3596, 7.35259, 2.6404, 2.64741, 4.18608, 4.06687, 1, 0, 0, 0, 0
389561, 10, 7.35259, 7.3596, 2.64741, 2.6404, 4.20038, 4.07414, 1, 0, 0, 0, 0
389570, 10, 7.0195, 7.37363, 2.9805, 2.62637, 4.37472, 4.07802, 1, 0, 0, 0, 0
389580, 10, 7.36311, 7.35259, 2.63689, 2.64741, 4.21837, 4.09865, 1, 0, 0, 0, 0
389591, 10, 7.71373, 7.37363, 2.28627, 2.62637, 4.05716, 4.0992, 1, 0, 0, 0, 0
389601, 10, 7.00197, 7.68919, 2.99803, 2.31081, 4.41583, 3.95857, 1, 0, 0, 0, 0
389610, 10, 7.3596, 7.36661, 2.6404, 2.63339, 4.25267, 4.12239, 1, 0, 0, 0, 0
389620, 10, 7.37363, 7.37713, 2.62637, 2.62287, 4.25665, 4.12793, 1, 0, 0, 0, 0
389630, 10, 7.34558, 7.6962, 2.65442, 2.3038, 4.28121, 3.9856, 1, 0, 0, 0, 0
389641, 10, 7.36661, 7.37012, 2.63339, 2.62988, 4.28181, 4.15107, 1, 0, 0, 0, 0
389650, 10, 7.36661, 7.71373, 2.63339, 2.28627, 4.29264, 3.99701, 1, 0, 0, 0, 0
389660, 10, 7.36311, 7.36661, 2.63689, 2.63339, 4.30519, 4.17249, 1, 0, 0, 0, 0
389670, 10, 7.36311, 7.70321, 2.63689, 2.29679, 4.31603, 4.02181, 1, 0, 0, 0, 0
389681, 10, 7.36311, 7.70672, 2.63689, 2.29328, 4.32688, 4.02935, 1, 0, 0, 0, 0
389691, 10, 7.70672, 7.36661, 2.29328, 2.63339, 4.16912, 4.2015, 1, 0, 0, 0, 0
389700, 10, 7.36661, 7.71724, 2.63339, 2.28276, 4.34544, 4.0441, 1, 0, 0, 0, 0
389710, 10, 7.36311, 7.36311, 2.63689, 2.63689, 4.35799, 4.22293, 1, 0, 0, 0, 0
389721, 10, 7.71023, 7.70321, 2.28977, 2.29679, 4.19851, 4.07058, 1, 0, 0, 0, 0
389731, 10, 7.36311, 7.71373, 2.63689, 2.28627, 4.37825, 4.07476, 1, 0, 0, 0, 0
389740, 10, 7.36661, 7.36311, 2.63339, 2.63689, 4.38738, 4.25192, 1, 0, 0, 0, 0
389750, 10, 7.69971, 7.36311, 2.30029, 2.63689, 4.23476, 4.26251, 1, 0, 0, 0, 0
389761, 10, 7.71373, 7.71373, 2.28627, 2.28627, 4.23734, 4.10512, 1, 0, 0, 0, 0
389771, 10, 7.3596, 7.71023, 2.6404, 2.28977, 4.42051, 4.11598, 1, 0, 0, 0, 0
389780, 10, 7.71373, 7.70672, 2.28627, 2.29328, 4.2576, 4.12686, 1, 0, 0, 0, 0
389790, 10, 7.37012, 7.38064, 2.62988, 2.61936, 4.43562, 4.29229, 1, 0, 0, 0, 0
389800, 10, 7.3596, 7.71023, 2.6404, 2.28977, 4.45159, 4.14491, 1, 0, 0, 0, 0
389811, 10, 7.71023, 7.71023, 2.28977, 2.28977, 4.29041, 4.1541, 1, 0, 0, 0, 0
389820, 10, 7.71023, 7.70672, 2.28977, 2.29328, 4.29982, 4.16498, 1, 0, 0, 0, 0
389830, 10, 7.3596, 7.71373, 2.6404, 2.28627, 4.48129, 4.17083, 1, 0, 0, 0, 0
389840, 10, 8.06436, 7.70672, 1.93564, 2.29328, 4.14633, 4.18337, 1, 0, 0, 0, 0
389851, 10, 7.71023, 7.71724, 2.28977, 2.28276, 4.32806, 4.18754, 1, 0, 0, 0, 0
389861, 10, 7.36661, 8.06436, 2.63339, 1.93564, 4.50609, 4.03041, 1, 0, 0, 0, 0
389870, 10, 7.71373, 7.70672, 2.28627, 2.29328, 4.34659, 4.20952, 1, 0, 0, 0, 0
389880, 10, 8.05384, 7.71373, 1.94616, 2.28627, 4.18911, 4.21537, 1, 0, 0, 0, 0
389891, 10, 7.71724, 7.71373, 2.28276, 2.28627, 4.36228, 4.22455, 1, 0, 0, 0, 0
389901, 10, 7.71023, 7.70672, 2.28977, 2.29328, 4.37511, 4.23709, 1, 0, 0, 0, 0
389910, 10, 7.37012, 7.37012, 2.62988, 2.62988, 4.55141, 4.40756, 1, 0, 0, 0, 0
389920, 10, 7.70672, 8.06436, 2.29328, 1.93564, 4.39706, 4.08552, 1, 0, 0, 0, 0
389931, 10, 7.71373, 7.71023, 2.28627, 2.28977, 4.40305, 4.26296, 1, 0, 0, 0, 0
389941, 10, 7.70321, 7.71023, 2.29679, 2.28977, 4.41762, 4.27215, 1, 0, 0, 0, 0
389950, 10, 7.72425, 7.71373, 2.27575, 2.28627, 4.41674, 4.27967, 1, 0, 0, 0, 0
389960, 10, 7.70321, 7.71373, 2.29679, 2.28627, 4.43643, 4.28885, 1, 0, 0, 0, 0
389970, 10, 7.36311, 7.71724, 2.63689, 2.28276, 4.61276, 4.29635, 1, 0, 0, 0, 0
389981, 10, 8.06436, 7.71373, 1.93564, 2.28627, 4.27951, 4.3072, 1, 0, 0, 0, 0
389990, 10, 7.71373, 8.05734, 2.28627, 1.94266, 4.45952, 4.15176, 1, 0, 0, 0, 0
390000, 10, 7.71373, 7.71724, 2.28627, 2.28276, 4.46892, 4.3225, 1, 0, 0, 0, 0
390010, 10, 7.71023, 8.05734, 2.28977, 1.94266, 4.48004, 4.16873, 1, 0, 0, 0, 0
390021, 10, 8.06085, 8.06085, 1.93915, 1.93915, 4.31741, 4.17485, 1, 0, 0, 0, 0
390031, 10, 7.71373, 7.71373, 2.28627, 2.28627, 4.49572, 4.34894, 1, 0, 0, 0, 0
390040, 10, 7.72074, 7.72425, 2.27926, 2.27575, 4.50168, 4.35308, 1, 0, 0, 0, 0
390050, 10, 8.06436, 7.71373, 1.93564, 2.28627, 4.34245, 4.36726, 1, 0, 0, 0, 0
390061, 10, 8.04683, 8.04332, 1.95317, 1.95668, 4.35901, 4.21854, 1, 0, 0, 0, 0
390071, 10, 7.71023, 7.71373, 2.28977, 2.28627, 4.53221, 4.3843, 1, 0, 0, 0, 0
390080, 10, 7.73126, 7.73126, 2.26874, 2.26874, 4.53131, 4.38508, 1, 0, 0, 0, 0
390090, 10, 8.06436, 8.40446, 1.93564, 1.59554, 4.37719, 4.07167, 1, 0, 0, 0, 0
390100, 10, 7.69971, 7.70321, 2.30029, 2.29679, 4.56408, 4.41404, 1, 0, 0, 0, 0
390111, 10, 8.06085, 7.71373, 1.93915, 2.28627, 4.39633, 4.41823, 1, 0, 0, 0, 0
390120, 10, 7.72425, 8.41498, 2.27575, 1.58502, 4.56948, 4.09145, 1, 0, 0, 0, 0
390130, 10, 8.05384, 7.71373, 1.94616, 2.28627, 4.41711, 4.43377, 1, 0, 0, 0, 0
390140, 10, 7.72074, 7.71373, 2.27926, 2.28627, 4.58856, 4.44295, 1, 0, 0, 0, 0
390151, 10, 8.05033, 8.06085, 1.94967, 1.93915, 4.43621, 4.28584, 1, 0, 0, 0, 0
390161, 10, 7.71373, 8.06436, 2.28627, 1.93564, 4.6094, 4.29194, 1, 0, 0, 0, 0
390170, 10, 8.07137, 7.72074, 1.92863, 2.27926, 4.44331, 4.46434, 1, 0, 0, 0, 0
390180, 10, 8.05384, 8.39745, 1.94616, 1.60255, 4.45984, 4.14929, 1, 0, 0, 0, 0
390191, 10, 7.72074, 8.07838, 2.27926, 1.92162, 4.6313, 4.30859, 1, 0, 0, 0, 0
390201, 10, 8.06085, 7.71023, 1.93915, 2.28977, 4.47378, 4.49268, 1, 0, 0, 0, 0
390210, 10, 8.06085, 8.05384, 1.93915, 1.94616, 4.48176, 4.33726, 1, 0, 0, 0, 0
390220, 10, 7.71724, 8.07487, 2.28276, 1.92513, 4.65834, 4.335, 1, 0, 0, 0, 0
390231, 10, 8.06436, 8.05033, 1.93564, 1.94967, 4.4974, 4.35449, 1, 0, 0, 0, 0
390241, 10, 8.05734, 7.72425, 1.94266, 2.27575, 4.5088, 4.51854, 1, 0, 0, 0, 0
390250, 10, 8.06436, 8.40096, 1.93564, 1.59904, 4.51335, 4.20347, 1, 0, 0, 0, 0
390260, 10, 7.71373, 7.71724, 2.28627, 2.28276, 4.69336, 4.53746, 1, 0, 0, 0, 0
390270, 10, 8.05384, 8.06085, 1.94616, 1.93915, 4.53588, 4.382, 1, 0, 0, 0, 0
390281, 10, 8.06436, 8.41498, 1.93564, 1.58502, 4.53872, 4.22013, 1, 0, 0, 0, 0
390290, 10, 8.05734, 8.05384, 1.94266, 1.94616, 4.55013, 4.39952, 1, 0, 0, 0, 0
390300, 10, 7.72776, 8.08189, 2.27224, 1.91811, 4.71984, 4.3939, 1, 0, 0, 0, 0
390310, 10, 8.05384, 8.05384, 1.94616, 1.94616, 4.56918, 4.41504, 1, 0, 0, 0, 0
390321, 10, 8.06085, 8.06436, 1.93915, 1.93564, 4.57374, 4.41781, 1, 0, 0, 0, 0
390331, 10, 8.06786, 8.41498, 1.93214, 1.58502, 4.57828, 4.25761, 1, 0, 0, 0, 0
390340, 10, 8.06085, 8.06085, 1.93915, 1.93915, 4.58967, 4.43363, 1, 0, 0, 0, 0
390350, 10, 8.06436, 8.06085, 1.93564, 1.93915, 4.59592, 4.44142, 1, 0, 0, 0, 0
390361, 10, 8.06085, 8.06786, 1.93915, 1.93214, 4.6056, 4.44585, 1, 0, 0, 0, 0
390371, 10, 8.06436, 8.39745, 1.93564, 1.60255, 4.61186, 4.29571, 1, 0, 0, 0, 0
390380, 10, 8.06786, 8.08539, 1.93214, 1.91461, 4.6181, 4.45164, 1, 0, 0, 0, 0
390390, 10, 8.06436, 8.06436, 1.93564, 1.93564, 4.62777, 4.46941, 1, 0, 0, 0, 0
390401, 10, 8.05384, 8.40446, 1.94616, 1.59554, 4.64089, 4.31424, 1, 0, 0, 0, 0
390411, 10, 8.40797, 8.40096, 1.59203, 1.59904, 4.47513, 4.32233, 1, 0, 0, 0, 0
390420, 10, 8.07838, 8.07838, 1.92162, 1.92162, 4.6434, 4.4833, 1, 0, 0, 0, 0
390430, 10, 8.05384, 8.05033, 1.94616, 1.94967, 4.66335, 4.50445, 1, 0, 0, 0, 0
390440, 10, 8.06436, 8.07838, 1.93564, 1.92162, 4.66619, 4.49884, 1, 0, 0, 0, 0
390451, 10, 8.05734, 8.40446, 1.94266, 1.59554, 4.67759, 4.35034, 1, 0, 0, 0, 0
390460, 10, 8.07487, 8.07137, 1.92513, 1.92863, 4.67698, 4.51633, 1, 0, 0, 0, 0
390470, 10, 8.40096, 8.40797, 1.59904, 1.59203, 4.52489, 4.36281, 1, 0, 0, 0, 0
390480, 10, 8.05734, 8.40797, 1.94266, 1.59203, 4.70008, 4.3692, 1, 0, 0, 0, 0
390491, 10, 8.07838, 8.06786, 1.92162, 1.93214, 4.69774, 4.53854, 1, 0, 0, 0, 0
390501, 10, 8.41147, 8.41498, 1.58853, 1.58502, 4.5422, 4.38, 1, 0, 0, 0, 0
390510, 10, 8.05033, 8.05384, 1.94967, 1.94616, 4.72594, 4.55938, 1, 0, 0, 0, 0
390520, 10, 8.41849, 8.41147, 1.58151, 1.58853, 4.55331, 4.39586, 1, 0, 0, 0, 0
390531, 10, 8.07137, 8.06786, 1.92863, 1.93214, 4.73015, 4.56686, 1, 0, 0, 0, 0
390541, 10, 8.06085, 8.41849, 1.93915, 1.58151, 4.74324, 4.40664, 1, 0, 0, 0, 0
390550, 10, 8.40096, 8.05384, 1.59904, 1.94616, 4.58433, 4.58769, 1, 0, 0, 0, 0
390560, 10, 8.07838, 8.07838, 1.92162, 1.92162, 4.74919, 4.58375, 1, 0, 0, 0, 0
390571, 10, 8.06436, 8.41498, 1.93564, 1.58502, 4.76398, 4.4302, 1, 0, 0, 0, 0
390581, 10, 8.40096, 8.40096, 1.59904, 1.59904, 4.60677, 4.44329, 1, 0, 0, 0, 0
390590, 10, 8.41849, 8.41498, 1.58151, 1.58502, 4.60474, 4.44299, 1, 0, 0, 0, 0
390600, 10, 8.06436, 8.06436, 1.93564, 1.93564, 4.78502, 4.61734, 1, 0, 0, 0, 0
390610, 10, 8.06436, 8.41498, 1.93564, 1.58502, 4.79298, 4.45713, 1, 0, 0, 0, 0
390621, 10, 8.40446, 8.75158, 1.59554, 1.24842, 4.63405, 4.30223, 1, 0, 0, 0, 0
390630, 10, 8.42901, 8.07487, 1.57099, 1.92513, 4.62857, 4.63145, 1, 0, 0, 0, 0
390640, 10, 8.39745, 8.40446, 1.60255, 1.59554, 4.65052, 4.48128, 1, 0, 0, 0, 0
390650, 10, 8.41498, 8.41498, 1.58502, 1.58502, 4.64851, 4.48265, 1, 0, 0, 0, 0
390661, 10, 8.41498, 8.41498, 1.58502, 1.58502, 4.65503, 4.48901, 1, 0, 0, 0, 0
390671, 10, 8.40446, 8.40446, 1.59554, 1.59554, 4.66671, 4.50042, 1, 0, 0, 0, 0
390680, 10, 8.41849, 8.41498, 1.58151, 1.58502, 4.66639, 4.50179, 1, 0, 0, 0, 0
390690, 10, 8.41498, 8.41498, 1.58502, 1.58502, 4.67461, 4.50815, 1, 0, 0, 0, 0
390701, 10, 8.07838, 8.41147, 1.92162, 1.58853, 4.8463, 4.5162, 1, 0, 0, 0, 0
390711, 10, 8.40797, 8.07137, 1.59203, 1.92863, 4.69248, 4.68552, 1, 0, 0, 0, 0
390720, 10, 8.41849, 8.41849, 1.58151, 1.58151, 4.69386, 4.52696, 1, 0, 0, 0, 0
390730, 10, 8.41147, 8.41498, 1.58853, 1.58502, 4.70381, 4.53499, 1, 0, 0, 0, 0
390740, 10, 8.06436, 8.41498, 1.93564, 1.58502, 4.88067, 4.54136, 1, 0, 0, 0, 0
390751, 10, 8.40446, 8.40096, 1.59554, 1.59904, 4.72174, 4.55444, 1, 0, 0, 0, 0
390760, 10, 8.41498, 8.41498, 1.58502, 1.58502, 4.72315, 4.55415, 1, 0, 0, 0, 0
390770, 10, 8.41498, 8.41498, 1.58502, 1.58502, 4.72966, 4.56051, 1, 0, 0, 0, 0
390780, 10, 8.41498, 8.41498, 1.58502, 1.58502, 4.73618, 4.56688, 1, 0, 0, 0, 0
390791, 10, 8.41498, 8.41498, 1.58502, 1.58502, 4.7427, 4.57324, 1, 0, 0, 0, 0
390801, 10, 8.41498, 8.41498, 1.58502, 1.58502, 4.74922, 4.57961, 1, 0, 0, 0, 0
390810, 10, 8.41498, 8.41849, 1.58502, 1.58151, 4.75574, 4.58429, 1, 0, 0, 0, 0
390820, 10, 8.7656, 8.41498, 1.2344, 1.58502, 4.59021, 4.59232, 1, 0, 0, 0, 0
390831, 10, 8.41498, 8.41498, 1.58502, 1.58502, 4.76734, 4.59869, 1, 0, 0, 0, 0
390841, 10, 8.40797, 8.40446, 1.59203, 1.59554, 4.7773, 4.61009, 1, 0, 0, 0, 0
390850, 10, 8.41498, 8.7621, 1.58502, 1.2379, 4.78041, 4.44516, 1, 0, 0, 0, 0
390860, 10, 8.41849, 8.07487, 1.58151, 1.92513, 4.7852, 4.77937, 1, 0, 0, 0, 0
390871, 10, 8.40797, 8.75158, 1.59203, 1.24842, 4.79687, 4.4629, 1, 0, 0, 0, 0
390881, 10, 8.40446, 8.41147, 1.59554, 1.58853, 4.80514, 4.63086, 1, 0, 0, 0, 0
390890, 10, 8.41849, 8.41498, 1.58151, 1.58502, 4.80482, 4.63556, 1, 0, 0, 0, 0
390900, 10, 8.41849, 8.4255, 1.58151, 1.5745, 4.81132, 4.63688, 1, 0, 0, 0, 0
390910, 10, 8.41498, 8.75859, 1.58502, 1.24141, 4.81955, 4.48363, 1, 0, 0, 0, 0
390921, 10, 8.74807, 8.40096, 1.25193, 1.59904, 4.66262, 4.65995, 1, 0, 0, 0, 0
390930, 10, 8.4255, 8.77262, 1.5745, 1.22738, 4.82606, 4.48831, 1, 0, 0, 0, 0
390940, 10, 8.75859, 8.42199, 1.24141, 1.57801, 4.66909, 4.66122, 1, 0, 0, 0, 0
390950, 10, 8.41498, 8.40446, 1.58502, 1.59554, 4.8428, 4.67596, 1, 0, 0, 0, 0
390961, 10, 8.7656, 8.41849, 1.2344, 1.58151, 4.67727, 4.67565, 1, 0, 0, 0, 0
390971, 10, 8.41147, 8.7621, 1.58853, 1.2379, 4.85611, 4.51738, 1, 0, 0, 0, 0
390980, 10, 8.42199, 8.42199, 1.57801, 1.57801, 4.85749, 4.68529, 1, 0, 0, 0, 0
390990, 10, 8.41498, 8.7621, 1.58502, 1.2379, 4.86742, 4.52869, 1, 0, 0, 0, 0
391001, 10, 8.7656, 8.77612, 1.2344, 1.22388, 4.70189, 4.52694, 1, 0, 0, 0, 0
391011, 10, 8.40797, 8.39745, 1.59203, 1.60255, 4.88246, 4.71327, 1, 0, 0, 0, 0
391020, 10, 8.41498, 8.41498, 1.58502, 1.58502, 4.88556, 4.71131, 1, 0, 0, 0, 0
391030, 10, 8.75158, 8.75859, 1.24842, 1.24141, 4.72691, 4.55306, 1, 0, 0, 0, 0
391041, 10, 8.42199, 8.42199, 1.57801, 1.57801, 4.89377, 4.7193, 1, 0, 0, 0, 0
391051, 10, 8.40797, 8.75859, 1.59203, 1.24141, 4.90715, 4.56438, 1, 0, 0, 0, 0
391060, 10, 8.41498, 8.7656, 1.58502, 1.2344, 4.91025, 4.566, 1, 0, 0, 0, 0
391070, 10, 8.7621, 8.41498, 1.2379, 1.58502, 4.74644, 4.73894, 1, 0, 0, 0, 0
391080, 10, 8.76911, 8.7656, 1.23089, 1.2344, 4.7481, 4.57733, 1, 0, 0, 0, 0
391091, 10, 8.39745, 8.74807, 1.60255, 1.25193, 4.93553, 4.59068, 1, 0, 0, 0, 0
391100, 10, 8.43251, 8.4255, 1.56749, 1.5745, 4.92492, 4.75025, 1, 0, 0, 0, 0
391110, 10, 8.76911, 8.77612, 1.23089, 1.22388, 4.7662, 4.5886, 1, 0, 0, 0, 0
391120, 10, 8.41147, 8.75509, 1.58853, 1.24491, 4.94675, 4.60359, 1, 0, 0, 0, 0
391131, 10, 8.75158, 8.41147, 1.24842, 1.58853, 4.7864, 4.77321, 1, 0, 0, 0, 0
391141, 10, 8.41498, 8.7656, 1.58502, 1.2344, 4.9567, 4.60993, 1, 0, 0, 0, 0
391150, 10, 8.41849, 8.41849, 1.58151, 1.58151, 4.96149, 4.78119, 1, 0, 0, 0, 0
391160, 10, 8.7656, 8.76911, 1.2344, 1.23089, 4.79767, 4.61956, 1, 0, 0, 0, 0
391171, 10, 8.42199, 8.7656, 1.57801, 1.2344, 4.97136, 4.62618, 1, 0, 0, 0, 0
391181, 10, 8.73755, 8.74807, 1.26245, 1.25193, 4.823, 4.63954, 1, 0, 0, 0, 0
391190, 10, 8.43602, 8.78664, 1.56398, 1.21336, 4.97616, 4.62609, 1, 0, 0, 0, 0
391200, 10, 8.75859, 8.75859, 1.24141, 1.24141, 4.82431, 4.6444, 1, 0, 0, 0, 0
391211, 10, 8.7621, 8.7656, 1.2379, 1.2344, 4.82769, 4.64602, 1, 0, 0, 0, 0
391221, 10, 8.7621, 8.7621, 1.2379, 1.2379, 4.83278, 4.65266, 1, 0, 0, 0, 0
391230, 10, 8.77612, 8.76911, 1.22388, 1.23089, 4.83099, 4.65427, 1, 0, 0, 0, 0
391240, 10, 8.41498, 8.7656, 1.58502, 1.2344, 5.01324, 4.6609, 1, 0, 0, 0, 0
391250, 10, 8.75509, 8.41498, 1.24491, 1.58502, 4.85287, 4.83384, 1, 0, 0, 0, 0
391261, 10, 8.7621, 8.75859, 1.2379, 1.24141, 4.85455, 4.67558, 1, 0, 0, 0, 0
391271, 10, 8.4255, 8.77612, 1.5745, 1.22388, 5.02481, 4.67217, 1, 0, 0, 0, 0
391280, 10, 9.1022, 8.7621, 0.897797, 1.2379, 4.69923, 4.6838, 1, 0, 0, 0, 0
391290, 10, 8.77262, 8.77262, 1.22738, 1.22738, 4.86465, 4.68373, 1, 0, 0, 0, 0
391301, 10, 8.41498, 8.75509, 1.58502, 1.24491, 5.04518, 4.69706, 1, 0, 0, 0, 0
391311, 10, 8.74457, 8.75859, 1.25543, 1.24141, 4.88998, 4.70038, 1, 0, 0, 0, 0
391320, 10, 8.78664, 8.78314, 1.21336, 1.21686, 4.87449, 4.69361, 1, 0, 0, 0, 0
391330, 10, 8.75158, 8.75158, 1.24842, 1.24842, 4.89669, 4.71361, 1, 0, 0, 0, 0
391341, 10, 8.78314, 8.78664, 1.21686, 1.21336, 4.88634, 4.70183, 1, 0, 0, 0, 0
391351, 10, 8.40797, 8.73755, 1.59203, 1.26245, 5.07544, 4.73022, 1, 0, 0, 0, 0
391360, 10, 8.76911, 8.79015, 1.23089, 1.20985, 4.90478, 4.71009, 1, 0, 0, 0, 0
391370, 10, 9.09519, 8.74457, 0.904809, 1.25543, 4.74983, 4.73679, 1, 0, 0, 0, 0
391380, 10, 8.78664, 8.78664, 1.21336, 1.21336, 4.90496, 4.72167, 1, 0, 0, 0, 0
391391, 10, 8.74106, 8.74457, 1.25894, 1.25543, 4.93231, 4.7467, 1, 0, 0, 0, 0
391400, 10, 8.77963, 9.12324, 1.22037, 0.876759, 4.91857, 4.57033, 1, 0, 0, 0, 0
391410, 10, 8.7656, 8.76911, 1.2344, 1.23089, 4.93047, 4.74351, 1, 0, 0, 0, 0
391420, 10, 8.7621, 8.7656, 1.2379, 1.2344, 4.93727, 4.75013, 1, 0, 0, 0, 0
391431, 10, 8.7621, 8.75859, 1.2379, 1.24141, 4.94236, 4.75845, 1, 0, 0, 0, 0
391441, 10, 8.7656, 8.75859, 1.2344, 1.24141, 4.94573, 4.76343, 1, 0, 0, 0, 0
391450, 10, 8.77612, 8.78664, 1.22388, 1.21336, 4.94564, 4.75498, 1, 0, 0, 0, 0
391460, 10, 8.75859, 9.09519, 1.24141, 0.904809, 4.95928, 4.61203, 1, 0, 0, 0, 0
391471, 10, 8.77963, 8.77963, 1.22037, 1.22037, 4.95406, 4.76685, 1, 0, 0, 0, 0
391481, 10, 9.08467, 8.39745, 0.915327, 1.60255, 4.8094, 4.95484, 1, 0, 0, 0, 0
391490, 10, 8.79015, 9.13025, 1.20985, 0.869746, 4.95768, 4.6102, 1, 0, 0, 0, 0
391500, 10, 8.7621, 9.10922, 1.2379, 0.890783, 4.97643, 4.62377, 1, 0, 0, 0, 0
391511, 10, 8.7621, 8.41849, 1.2379, 1.58151, 4.98152, 4.95827, 1, 0, 0, 0, 0
391521, 10, 8.76911, 9.10571, 1.23089, 0.89429, 4.98317, 4.63538, 1, 0, 0, 0, 0
391530, 10, 8.76911, 8.77262, 1.23089, 1.22738, 4.98823, 4.79856, 1, 0, 0, 0, 0
391540, 10, 8.75859, 8.7656, 1.24141, 1.2344, 4.99845, 4.80684, 1, 0, 0, 0, 0
391550, 10, 9.11623, 8.7621, 0.883771, 1.2379, 4.82807, 4.81348, 1, 0, 0, 0, 0
391561, 10, 8.7656, 9.11973, 1.2344, 0.880265, 5.00375, 4.64711, 1, 0, 0, 0, 0
391570, 10, 8.76911, 8.7621, 1.23089, 1.2379, 5.00711, 4.82199, 1, 0, 0, 0, 0
391580, 10, 9.10571, 8.7621, 0.89429, 1.2379, 4.84701, 4.82696, 1, 0, 0, 0, 0
391590, 10, 8.77612, 9.11973, 1.22388, 0.880265, 5.01241, 4.66059, 1, 0, 0, 0, 0
391601, 10, 8.75859, 8.76911, 1.24141, 1.23089, 5.02605, 4.83211, 1, 0, 0, 0, 0
391611, 10, 9.10571, 8.75509, 0.89429, 1.24491, 4.86082, 4.84377, 1, 0, 0, 0, 0
391620, 10, 8.77963, 9.13376, 1.22037, 0.866241, 5.02451, 4.66735, 1, 0, 0, 0, 0
391630, 10, 8.7656, 8.7656, 1.2344, 1.2344, 5.03641, 4.84721, 1, 0, 0, 0, 0
391641, 10, 9.1022, 8.74457, 0.897797, 1.25543, 4.87632, 4.86224, 1, 0, 0, 0, 0
391651, 10, 9.10922, 9.11973, 0.890783, 0.880265, 4.87657, 4.68755, 1, 0, 0, 0, 0
391660, 10, 8.78314, 8.78314, 1.21686, 1.21686, 5.04024, 4.85234, 1, 0, 0, 0, 0
391670, 10, 8.75158, 9.09169, 1.24842, 0.908315, 5.06073, 4.70941, 1, 0, 0, 0, 0
391681, 10, 8.77612, 8.78664, 1.22388, 1.21336, 5.05382, 4.8592, 1, 0, 0, 0, 0
391691, 10, 9.10571, 9.1022, 0.89429, 0.897797, 4.89713, 4.71289, 1, 0, 0, 0, 0
391700, 10, 8.7656, 8.7621, 1.2344, 1.2379, 5.06769, 4.87944, 1, 0, 0, 0, 0
391710, 10, 8.77262, 8.7656, 1.22738, 1.2344, 5.06933, 4.88273, 1, 0, 0, 0, 0
391720, 10, 9.11623, 8.77612, 0.883771, 1.22388, 4.90577, 4.88264, 1, 0, 0, 0, 0
391731, 10, 8.75859, 9.45633, 1.24141, 0.543666, 5.0849, 4.56168, 1, 0, 0, 0, 0
391741, 10, 9.0987, 8.74457, 0.901302, 1.25543, 4.92311, 4.90486, 1, 0, 0, 0, 0
391750, 0, 8.78664, 8.79716, -8.78664, -8.79716, 0, 0, 1, 0, 0, 0, 0
391760, 0, 9.14428, 9.14077, -9.14428, -9.14077, 0, 0, 1, 0, 0, 0, 0
391771, 0, 5.25936, 5.60999, -5.25936, -5.60999, 0, 0, 1, 0, 0, 0, 0
391780, 0, 2.79798, 3.1451, -2.79798, -3.1451, 0, 0, 1, 0, 0, 0, 0
391790, 0, 2.10374, 2.10374, -2.10374, -2.10374, 0, 0, 1, 0, 0, 0, 0
391800, 0, 1.39899, 2.10024, -1.39899, -2.10024, 0, 0, 1, 0, 0, 0, 0
391811, 0, 1.4025, 1.4025, -1.4025, -1.4025, 0, 0, 1, 0, 0, 0, 0
391820, 0, 1.39899, 1.39899, -1.39899, -1.39899, 0, 0, 1, 0, 0, 0, 0
391830, 0, 0.701248, 1.05187, -0.701248, -1.05187, 0, 0, 1, 0, 0, 0, 0
391840, 0, 0, 0, 0, 0, 0, 0, 1, 0, 0, 0, 0
391851, 0, 0, 0.347118, 0, -0.347118, 0, 0, 1, 0, 0, 0, 0
391860, 0, 0, 0, 0, 0, 0, 0, 1, 0, 0, 0, 0
391870, 0, -0.350624, -0.347118, 0.350624, 0.347118, 0, 0, 1, 0, 0, 0, 0
391880, 0, -0.347118, -0.350624, 0.347118, 0.350624, 0, 0, 1, 0, 0, 0, 0
391890, 0, -0.701248, -0.350624, 0.701248, 0.350624, 0, 0, 1, 0, 0, 0, 0
391901, 0, -0.347118, -0.347118, 0.347118, 0.347118, 0, 0, 1, 0, 0, 0, 0
391910, 0, 0, 0, 0, 0, 0, 0, 1, 0, 0, 0, 0
391920, 0, -0.350624, -0.347118, 0.350624, 0.347118, 0, 0, 1, 0, 0, 0, 0
391930, 0, -0.347118, -0.347118, 0.347118, 0.347118, 0, 0, 1, 0, 0, 0, 0
391941, 0, -0.350624, 0, 0.350624, 0, 0, 0, 1, 0, 0, 0, 0
391950, 0, 0, -0.350624, 0, 0.350624, 0, 0, 1, 0, 0, 0, 0
391960, 0, -0.350624, -0.347118, 0.350624, 0.347118, 0, 0, 1, 0, 0, 0, 0
391970, 0, -0.350624, 0, 0.350624, 0, 0, 0, 1, 0, 0, 0, 0
391981, 0, 0, 0, 0, 0, 0, 0, 1, 0, 0, 0, 0
391990, 0, -0.347118, -0.347118, 0.347118, 0.347118, 0, 0, 1, 0, 0, 0, 0
392000, 0, 0, 0, 0, 0, 0, 0, 1, 0, 0, 0, 0
392010, 0, -0.350624, -0.347118, 0.350624, 0.347118, 0, 0, 1, 0, 0, 0, 0
392020, 0, -0.350624, 0, 0.350624, 0, 0, 0, 1, 0, 0, 0, 0
392030, 0, 0, -0.350624, 0, 0.350624, 0, 0, 1, 0, 0, 0, 0
392040, 0, -0.350624, 0, 0.350624, 0, 0, 0, 1, 0, 0, 0, 0
392050, 0, 0, -0.350624, 0, 0.350624, 0, 0, 1, 0, 0, 0, 0
392060, 0, -0.350624, 0, 0.350624, 0, 0, 0, 1, 0, 0, 0, 0
392071, 0, -0.347118, 0, 0.347118, 0, 0, 0, 1, 0, 0, 0, 0
392080, 0, 0, 0, 0, 0, 0, 0, 1, 0, 0, 0, 0
392090, 0, -0.350624, -0.347118, 0.350624, 0.347118, 0, 0, 1, 0, 0, 0, 0
392100, 0, 0, 0, 0, 0, 0, 0, 1, 0, 0, 0, 0
392111, 0, -0.347118, -0.347118, 0.347118, 0.347118, 0, 0, 1, 0, 0, 0, 0
392120, 0, 0, 0, 0, 0, 0, 0, 1, 0, 0, 0, 0
392130, 0, -0.350624, 0, 0.350624, 0, 0, 0, 1, 0, 0, 0, 0
392140, 0, 0, -0.350624, 0, 0.350624, 0, 0, 1, 0, 0, 0, 0
392151, 0, -0.350624, 0, 0.350624, 0, 0, 0, 1, 0, 0, 0, 0
392160, 0, 0, -0.350624, 0, 0.350624, 0, 0, 1, 0, 0, 0, 0
392170, 0, -0.350624, 0, 0.350624, 0, 0, 0, 1, 0, 0, 0, 0
392180, 0, 0, 0, 0, 0, 0, 0, 1, 0, 0, 0, 0
392190, 0, -0.347118, -0.347118, 0.347118, 0.347118, 0, 0, 1, 0, 0, 0, 0
392200, 0, -0.347118, 0, 0.347118, 0, 0, 0, 1, 0, 0, 0, 0
392210, 0, 0, -0.350624, 0, 0.350624, 0, 0, 1, 0, 0, 0, 0
392220, 0, -0.350624, 0, 0.350624, 0, 0, 0, 1, 0, 0, 0, 0
392230, 0, 0, -0.350624, 0, 0.350624, 0, 0, 1, 0, 0, 0, 0
392241, 0, -0.350624, 0, 0.350624, 0, 0, 0, 1, 0, 0, 0, 0
392250, 0, -0.350624, -0.347118, 0.350624, 0.347118, 0, 0, 1, 0, 0, 0, 0
392260, 0, 0, 0, 0, 0, 0, 0, 1, 0, 0, 0, 0
392270, 0, -0.350624, 0, 0.350624, 0, 0, 0, 1, 0, 0, 0, 0
392281, 0, 0, -0.350624, 0, 0.350624, 0, 0, 1, 0, 0, 0, 0
392290, 0, -0.347118, -0.347118, 0.347118, 0.347118, 0, 0, 1, 0, 0, 0, 0
392300, 0, -0.350624, 0, 0.350624, 0, 0, 0, 1, 0, 0, 0, 0
392310, 0, 0, -0.350624, 0, 0.350624, 0, 0, 1, 0, 0, 0, 0
392321, 0, -0.347118, -0.347118, 0.347118, 0.347118, 0, 0, 1, 0, 0, 0, 0
392330, 0, -0.347118, 0, 0.347118, 0, 0, 0, 1, 0, 0, 0, 0
392340, 0, 0, -0.350624, 0, 0.350624, 0, 0, 1, 0, 0, 0, 0
392350, 0, -0.350624, -0.347118, 0.350624, 0.347118, 0, 0, 1, 0, 0, 0, 0
392360, 0, -0.350624, 0, 0.350624, 0, 0, 0, 1, 0, 0, 0, 0
392371, 0, 0, -0.350624, 0, 0.350624, 0, 0, 1, 0, 0, 0, 0
392380, 0, -0.350624, 0, 0.350624, 0, 0, 0, 1, 0, 0, 0, 0
392390, 0, 0, -0.350624, 0, 0.350624, 0, 0, 1, 0, 0, 0, 0
392400, 0, -0.347118, 0, 0.347118, 0, 0, 0, 1, 0, 0, 0, 0
392411, 0, 0, 0, 0, 0, 0, 0, 1, 0, 0, 0, 0
392420, 0, -0.350624, -0.347118, 0.350624, 0.347118, 0, 0, 1, 0, 0, 0, 0
392430, 0, 0, 0, 0, 0, 0, 0, 1, 0, 0, 0, 0
392440, 0, -0.350624, -0.347118, 0.350624, 0.347118, 0, 0, 1, 0, 0, 0, 0
392451, 0, -0.350624, 0, 0.350624, 0, 0, 0, 1, 0, 0, 0, 0
392460, 0, 0, -0.350624, 0, 0.350624, 0, 0, 1, 0, 0, 0, 0
392470, 0, -0.350624, 0, 0.350624, 0, 0, 0, 1, 0, 0, 0, 0
392480, 0, 0, -0.350624, 0, 0.350624, 0, 0, 1, 0, 0, 0, 0
392491, 0, -0.350624, 0, 0.350624, 0, 0, 0, 1, 0, 0, 0, 0
392500, 0, 0, -0.350624, 0, 0.350624, 0, 0, 1, 0, 0, 0, 0
392510, 0, -0.350624, 0, 0.350624, 0, 0, 0, 1, 0, 0, 0, 0
392520, 0, -0.347118, -0.350624, 0.347118, 0.350624, 0, 0, 1, 0, 0, 0, 0
392530, 0, 0, -0.350624, 0, 0.350624, 0, 0, 1, 0, 0, 0, 0
392541, 0, -0.350624, 0, 0.350624, 0, 0, 0, 1, 0, 0, 0, 0
392550, 0, 0, -0.350624, 0, 0.350624, 0, 0, 1, 0, 0, 0, 0
392560, 0, -0.350624, 0, 0.350624, 0, 0, 0, 1, 0, 0, 0, 0
392570, 0, 0, -0.350624, 0, 0.350624, 0, 0, 1, 0, 0, 0, 0
392581, 0, -0.350624, 0, 0.350624, 0, 0, 0, 1, 0, 0, 0, 0
392590, 0, -0.347118, 0, 0.347118, 0, 0, 0, 1, 0, 0, 0, 0
392600, 0, 0, -0.350624, 0, 0.350624, 0, 0, 1, 0, 0, 0, 0
392610, 0, -0.347118, 0, 0.347118, 0, 0, 0, 1, 0, 0, 0, 0
392621, 0, 0, -0.350624, 0, 0.350624, 0, 0, 1, 0, 0, 0, 0
392630, 0, -0.347118, 0, 0.347118, 0, 0, 0, 1, 0, 0, 0, 0
392640, 0, 0, -0.350624, 0, 0.350624, 0, 0, 1, 0, 0, 0, 0
392650, 0, -0.350624, 0, 0.350624, 0, 0, 0, 1, 0, 0, 0, 0
392660, 0, -0.350624, -0.350624, 0.350624, 0.350624, 0, 0, 1, 0, 0, 0, 0
392670, 0, 0, 0, 0, 0, 0, 0, 1, 0, 0, 0, 0
392680, 0, -0.350624, -0.347118, 0.350624, 0.347118, 0, 0, 1, 0, 0, 0, 0
392690, 0, 0, 0, 0, 0, 0, 0, 1, 0, 0, 0, 0
392700, 0, -0.350624, -0.347118, 0.350624, 0.347118, 0, 0, 1, 0, 0, 0, 0
392711, 0, 0, 0, 0, 0, 0, 0, 1, 0, 0, 0, 0
392720, 0, -0.350624, -0.347118, 0.350624, 0.347118, 0, 0, 1, 0, 0, 0, 0
392730, 0, -0.350624, 0, 0.350624, 0, 0, 0, 1, 0, 0, 0, 0
392740, 0, 0, 0, 0, 0, 0, 0, 1, 0, 0, 0, 0
392751, 0, 0, -0.350624, 0, 0.350624, 0, 0, 1, 0, 0, 0, 0
392760, 0, -0.347118, 0, 0.347118, 0, 0, 0, 1, 0, 0, 0, 0
392770, 0, 0, 0, 0, 0, 0, 0, 1, 0, 0, 0, 0
392780, 0, -0.350624, 0, 0.350624, 0, 0, 0, 1, 0, 0, 0, 0
392791, 0, 0, 0, 0, 0, 0, 0, 1, 0, 0, 0, 0
392800, 0, -0.347118, -0.347118, 0.347118, 0.347118, 0, 0, 1, 0, 0, 0, 0
392810, 0, 0, 0, 0, 0, 0, 0, 1, 0, 0, 0, 0
392820, 0, 0, 0, 0, 0, 0, 0, 1, 0, 0, 0, 0
392830, 0, -0.350624, -0.347118, 0.350624, 0.347118, 0, 0, 1, 0, 0, 0, 0
392840, 0, 0, 0, 0, 0, 0, 0, 1, 0, 0, 0, 0
392850, 0, -0.350624, 0, 0.350624, 0, 0, 0, 1, 0, 0, 0, 0
392860, 0, 0, 0, 0, 0, 0, 0, 1, 0, 0, 0, 0
392870, 0, -0.350624, 0, 0.350624, 0, 0, 0, 1, 0, 0, 0, 0
392881, 0, 0, -0.350624, 0, 0.350624, 0, 0, 1, 0, 0, 0, 0
392890, 0, 0, 0, 0, 0, 0, 0, 1, 0, 0, 0, 0
392900, 0, -0.347118, 0, 0.347118, 0, 0, 0, 1, 0, 0, 0, 0
392910, 0, 0, 0, 0, 0, 0, 0, 1, 0, 0, 0, 0
392921, 0, -0.347118, -0.347118, 0.347118, 0.347118, 0, 0, 1, 0, 0, 0, 0
392930, 0, 0, 0, 0, 0, 0, 0, 1, 0, 0, 0, 0
392940, 0, 0, 0, 0, 0, 0, 0, 1, 0, 0, 0, 0
392950, 0, -0.350624, 0, 0.350624, 0, 0, 0, 1, 0, 0, 0, 0
392961, 0, 0, 0, 0, 0, 0, 0, 1, 0, 0, 0, 0
392970, 0, -0.347118, -0.347118, 0.347118, 0.347118, 0, 0, 1, 0, 0, 0, 0
392980, 0, 0, 0, 0, 0, 0, 0, 1, 0, 0, 0, 0
392990, 0, 0, 0, 0, 0, 0, 0, 1, 0, 0, 0, 0
393000, 0, -0.350624, -0.347118, 0.350624, 0.347118, 0, 0, 1, 0, 0, 0, 0
393010, 0, 0, 0, 0, 0, 0, 0, 1, 0, 0, 0, 0
393020, 0, -0.350624, 0, 0.350624, 0, 0, 0, 1, 0, 0, 0, 0
393030, 0, 0, 0, 0, 0, 0, 0, 1, 0, 0, 0, 0
393040, 0, 0, -0.350624, 0, 0.350624, 0, 0, 1, 0, 0, 0, 0
393051, 0, -0.350624, 0, 0.350624, 0, 0, 0, 1, 0, 0, 0, 0
393060, 0, 0, 0, 0, 0, 0, 0, 1, 0, 0, 0, 0
393070, 0, -0.350624, -0.347118, 0.350624, 0.347118, 0, 0, 1, 0, 0, 0, 0
393080, 0, 0, 0, 0, 0, 0, 0, 1, 0, 0, 0, 0
393091, 0, 0, 0, 0, 0, 0, 0, 1, 0, 0, 0, 0
393100, 0, -0.347118, -0.347118, 0.347118, 0.347118, 0, 0, 1, 0, 0, 0, 0
393110, 0, 0, 0, 0, 0, 0, 0, 1, 0, 0, 0, 0
393120, 0, -0.350624, 0, 0.350624, 0, 0, 0, 1, 0, 0, 0, 0
393131, 0, 0, -0.350624, 0, 0.350624, 0, 0, 1, 0, 0, 0, 0
393140, 0, 0, 0, 0, 0, 0, 0, 1, 0, 0, 0, 0
393150, 0, -0.350624, 0, 0.350624, 0, 0, 0, 1, 0, 0, 0, 0
393160, 0, 0, -0.350624, 0, 0.350624, 0, 0, 1, 0, 0, 0, 0
393170, 0, -0.350624, 0, 0.350624, 0, 0, 0, 1, 0, 0, 0, 0
393180, 0, 0, 0, 0, 0, 0, 0, 1, 0, 0, 0, 0
393190, 0, -0.350624, -0.347118, 0.350624, 0.347118, 0, 0, 1, 0, 0, 0, 0
393200, 0, 0, 0, 0, 0, 0, 0, 1, 0, 0, 0, 0
393210, 0, -0.347118, 0, 0.347118, 0, 0, 0, 1, 0, 0, 0, 0
393221, 0, 0, -0.350624, 0, 0.350624, 0, 0, 1, 0, 0, 0, 0
393230, 0, -0.347118, 0, 0.347118, 0, 0, 0, 1, 0, 0, 0, 0
393240, 0, 0, -0.350624, 0, 0.350624, 0, 0, 1, 0, 0, 0, 0
393250, 0, 0, 0, 0, 0, 0, 0, 1, 0, 0, 0, 0
393261, 0, -0.347118, -0.347118, 0.347118, 0.347118, 0, 0, 1, 0, 0, 0, 0
393270, 0, 0, 0, 0, 0, 0, 0, 1, 0, 0, 0, 0
393280, 0, -0.350624, 0, 0.350624, 0, 0, 0, 1, 0, 0, 0, 0
393290, 0, 0, 0, 0, 0, 0, 0, 1, 0, 0, 0, 0
393300, 0, -0.350624, -0.347118, 0.350624, 0.347118, 0, 0, 1, 0, 0, 0, 0
393310, 0, 0, 0, 0, 0, 0, 0, 1, 0, 0, 0, 0
393320, 0, -0.350624, 0, 0.350624, 0, 0, 0, 1, 0, 0, 0, 0
393330, 0, 0, 0, 0, 0, 0, 0, 1, 0, 0, 0, 0
393340, 0, 0, -0.350624, 0, 0.350624, 0, 0, 1, 0, 0, 0, 0
393351, 0, -0.347118, 0, 0.347118, 0, 0, 0, 1, 0, 0, 0, 0
393360, 0, 0, 0, 0, 0, 0, 0, 1, 0, 0, 0, 0
393370, 0, -0.350624, -0.347118, 0.350624, 0.347118, 0, 0, 1, 0, 0, 0, 0
393380, 0, 0, 0, 0, 0, 0, 0, 1, 0, 0, 0, 0
393391, 0, -0.347118, 0, 0.347118, 0, 0, 0, 1, 0, 0, 0, 0
393400, 0, 0, 0, 0, 0, 0, 0, 1, 0, 0, 0, 0
393410, 0, -0.350624, -0.347118, 0.350624, 0.347118, 0, 0, 1, 0, 0, 0, 0
393420, 0, 0, 0, 0, 0, 0, 0, 1, 0, 0, 0, 0
393431, 0, -0.350624, 0, 0.350624, 0, 0, 0, 1, 0, 0, 0, 0
393440, 0, 0, 0, 0, 0, 0, 0, 1, 0, 0, 0, 0
393450, 0, 0, -0.350624, 0, 0.350624, 0, 0, 1, 0, 0, 0, 0
393460, 0, -0.350624, 0, 0.350624, 0, 0, 0, 1, 0, 0, 0, 0
393470, 0, -0.350624, 0, 0.350624, 0, 0, 0, 1, 0, 0, 0, 0
393480, 0, 0, -0.350624, 0, 0.350624, 0, 0, 1, 0, 0, 0, 0
393490, 0, -0.350624, 0, 0.350624, 0, 0, 0, 1, 0, 0, 0, 0
393500, 0, 0, -0.350624, 0, 0.350624, 0, 0, 1, 0, 0, 0, 0
393510, 0, -0.347118, 0, 0.347118, 0, 0, 0, 1, 0, 0, 0, 0
393521, 0, 0, 0, 0, 0, 0, 0, 1, 0, 0, 0, 0
393530, 0, -0.350624, -0.347118, 0.350624, 0.347118, 0, 0, 1, 0, 0, 0, 0
393540, 0, 0, 0, 0, 0, 0, 0, 1, 0, 0, 0, 0
393550, 0, 0, 0, 0, 0, 0, 0, 1, 0, 0, 0, 0
393561, 0, -0.347118, -0.347118, 0.347118, 0.347118, 0, 0, 1, 0, 0, 0, 0
393570, 0, 0, 0, 0, 0, 0, 0, 1, 0, 0, 0, 0
393580, 0, -0.350624, -0.347118, 0.350624, 0.347118, 0, 0, 1, 0, 0, 0, 0
393590, 0, 0, 0, 0, 0, 0, 0, 1, 0, 0, 0, 0
393601, 0, 0, 0, 0, 0, 0, 0, 1, 0, 0, 0, 0
393610, 0, -0.347118, -0.347118, 0.347118, 0.347118, 0, 0, 1, 0, 0, 0, 0
393620, 0, 0, 0, 0, 0, 0, 0, 1, 0, 0, 0, 0
393630, 0, -0.350624, -0.347118, 0.350624, 0.347118, 0, 0, 1, 0, 0, 0, 0
393640, 0, 0, 0, 0, 0, 0, 0, 1, 0, 0, 0, 0
393650, 0, 0, 0, 0, 0, 0, 0, 1, 0, 0, 0, 0
393660, 0, -0.350624, -0.347118, 0.350624, 0.347118, 0, 0, 1, 0, 0, 0, 0
393670, 0, 0, 0, 0, 0, 0, 0, 1, 0, 0, 0, 0
393680, 0, 0, -0.350624, 0, 0.350624, 0, 0, 1, 0, 0, 0, 0
393691, 0, -0.347118, 0, 0.347118, 0, 0, 0, 1, 0, 0, 0, 0
393700, 0, 0, 0, 0, 0, 0, 0, 1, 0, 0, 0, 0
393710, 0, 0, -0.350624, 0, 0.350624, 0, 0, 1, 0, 0, 0, 0
393720, 0, -0.347118, 0, 0.347118, 0, 0, 0, 1, 0, 0, 0, 0
393731, 0, 0, -0.350624, 0, 0.350624, 0, 0, 1, 0, 0, 0, 0
393740, 0, -0.347118, 0, 0.347118, 0, 0, 0, 1, 0, 0, 0, 0
393750, 0, 0, 0, 0, 0, 0, 0, 1, 0, 0, 0, 0
393760, 0, -0.350624, 0, 0.350624, 0, 0, 0, 1, 0, 0, 0, 0
393771, 0, 0, -0.350624, 0, 0.350624, 0, 0, 1, 0, 0, 0, 0
393780, 0, 0, -0.347118, 0, 0.347118, 0, 0, 1, 0, 0, 0, 0
393790, 0, -0.350624, 0, 0.350624, 0, 0, 0, 1, 0, 0, 0, 0
393800, 0, 0, 0, 0, 0, 0, 0, 1, 0, 0, 0, 0
393810, 0, -0.350624, -0.347118, 0.350624, 0.347118, 0, 0, 1, 0, 0, 0, 0
393821, 0, 0, -0.350624, 0, 0.350624, 0, 0, 1, 0, 0, 0, 0
393830, 0, -0.350624, 0, 0.350624, 0, 0, 0, 1, 0, 0, 0, 0
393840, 0, 0, 0, 0, 0, 0, 0, 1, 0, 0, 0, 0
393850, 0, -0.350624, -0.347118, 0.350624, 0.347118, 0, 0, 1, 0, 0, 0, 0
393861, 0, 0, 0, 0, 0, 0, 0, 1, 0, 0, 0, 0
393870, 0, -0.347118, -0.347118, 0.347118, 0.347118, 0, 0, 1, 0, 0, 0, 0
393880, 0, 0, 0, 0, 0, 0, 0, 1, 0, 0, 0, 0
393890, 0, 0, -0.347118, 0, 0.347118, 0, 0, 1, 0, 0, 0, 0
393901, 0, -0.350624, -0.347118, 0.350624, 0.347118, 0, 0, 1, 0, 0, 0, 0
393910, 0, 0, 0, 0, 0, 0, 0, 1, 0, 0, 0, 0
393920, 0, -0.350624, 0, 0.350624, 0, 0, 0, 1, 0, 0, 0, 0
393930, 0, 0, 0, 0, 0, 0, 0, 1, 0, 0, 0, 0
393940, 0, -0.347118, -0.347118, 0.347118, 0.347118, 0, 0, 1, 0, 0, 0, 0
393950, 0, 0, -0.350624, 0, 0.350624, 0, 0, 1, 0, 0, 0, 0
393960, 0, -0.350624, 0, 0.350624, 0, 0, 0, 1, 0, 0, 0, 0
393970, 0, 0, -0.350624, 0, 0.350624, 0, 0, 1, 0, 0, 0, 0
393980, 0, 0, 0, 0, 0, 0, 0, 1, 0, 0, 0, 0
393991, 0, -0.347118, -0.347118, 0.347118, 0.347118, 0, 0, 1, 0, 0, 0, 0
394000, 0, 0, 0, 0, 0, 0, 0, 1, 0, 0, 0, 0
394010, 0, -0.350624, 0, 0.350624, 0, 0, 0, 1, 0, 0, 0, 0
394020, 0, 0, -0.350624, 0, 0.350624, 0, 0, 1, 0, 0, 0, 0
394031, 0, -0.350624, -0.347118, 0.350624, 0.347118, 0, 0, 1, 0, 0, 0, 0
394040, 0, 0, 0, 0, 0, 0, 0, 1, 0, 0, 0, 0
394050, 0, -0.350624, 0, 0.350624, 0, 0, 0, 1, 0, 0, 0, 0
394060, 0, 0, -0.350624, 0, 0.350624, 0, 0, 1, 0, 0, 0, 0
394071, 0, 0, 0, 0, 0, 0, 0, 1, 0, 0, 0, 0
