QGPIORecord, QRC v6.1.0, 16-12-2024 @ 20:40:54, Windows 10 Version 2009, 10.0.19045, x86_64
Time, ValueIn0, ValueIn1, ValueIn2, ValueIn3, ValueIn4, ValueIn5, ValueIn6, ValueIn7, ValueIn8, ValueIn9, ValueIn10, ValueIn11
12020, 0, 0, 0, 0, 0, 0, 0, -0.404096, -2, 0, 0, 0
12030, 0, 0, 0, 0, 0, 0, 0, -0.404096, -2, 0, 0, 0
12040, 0, 0, 0, 0, 0, 0, 0, -0.404096, -2, 0, 0, 0
12050, 0, 0, 0, 0, 0, 0, 0, -0.404096, -2, 0, 0, 0
12060, 0, 0, 0, 0, 0, 0, 0, -0.404096, -2, 0, 0, 0
12070, 0, 0, 0, 0, 0, 0, 0, -0.404096, -2, 0, 0, 0
12080, 0, 0, 0, 0, 0, 0, 0, -0.404096, -2, 0, 0, 0
12090, 0, 0, 0, 0, 0, 0, 0, -0.410438, -2, 0, 0, 0
12100, 0, 0, 0, 0, 0, 0, 0, -0.404096, -2, 0, 0, 0
12110, 0, 0, 0, 0, 0, 0, 0, -0.410438, -2, 0, 0, 0
12120, 0, 0, 0, 0, 0, 0, 0, -0.386225, -2, 0, 0, 0
12130, 0, 0, 0, 0, 0, 0, 0, -0.404096, -2, 0, 0, 0
12140, 0, 0, 0, 0, 0, 0, 0, -0.404096, -2, 0, 0, 0
12150, 0, 0, 0, 0, 0, 0, 0, -0.404096, -2, 0, 0, 0
12161, 0, 0, 0, 0, 0, 0, 0, -0.404096, -2, 0, 0, 0
12170, 0, 0, 0, 0, 0, 0, 0, -0.404096, -2, 0, 0, 0
12180, 0, 0, 0, 0, 0, 0, 0, -0.404096, -2, 0, 0, 0
12190, 0, 0, 0, 0, 0, 0, 0, -0.404096, -2, 0, 0, 0
12200, 0, 0, 0, 0, 0, 0, 0, -0.404096, -2, 0, 0, 0
12210, 0, 0, 0, 0, 0, 0, 0, -0.404096, -2, 0, 0, 0
12220, 0, 0, 0, 0, 0, 0, 0, -0.404096, -2, 0, 0, 0
12230, 0, 0, 0, 0, 0, 0, 0, -0.404096, -2, 0, 0, 0
12240, 0, 0, 0, 0, 0, 0, 0, -0.404096, -2, 0, 0, 0
12250, 0, 0, 0, 0, 0, 0, 0, -0.416987, -2, 0, 0, 0
12260, 0, 0, 0, 0, 0, 0, 0, -0.404096, -2, 0, 0, 0
12270, 0, 0, 0, 0, 0, 0, 0, -0.375187, -2, 0, 0, 0
12280, 0, 0, 0, 0, 0, 0, 0, -0.404096, -2, 0, 0, 0
12291, 0, 0, 0, 0, 0, 0, 0, -0.404096, -2, 0, 0, 0
12300, 0, 0, 0, 0, 0, 0, 0, -0.404096, -2, 0, 0, 0
12310, 0, 0, 0, 0, 0, 0, 0, -0.404096, -2, 0, 0, 0
12320, 0, 0, 0, 0, 0, 0, 0, -0.404096, -2, 0, 0, 0
12331, 0, 0, 0, 0, 0, 0, 0, -0.404096, -2, 0, 0, 0
12340, 0, 0, 0, 0, 0, 0, 0, -0.404096, -2, 0, 0, 0
12350, 0, 0, 0, 0, 0, 0, 0, -0.404096, -2, 0, 0, 0
12360, 0, 0, 0, 0, 0, 0, 0, -0.404096, -2, 0, 0, 0
12370, 0, 0, 0, 0, 0, 0, 0, -0.404096, -2, 0, 0, 0
12380, 0, 0, 0, 0, 0, 0, 0, -0.410438, -2, 0, 0, 0
12390, 0, 0, 0, 0, 0, 0, 0, -0.404096, -2, 0, 0, 0
12400, 0, 0, 0, 0, 0, 0, 0, -0.386225, -2, 0, 0, 0
12410, 0, 0, 0, 0, 0, 0, 0, -0.404096, -2, 0, 0, 0
12420, 0, 0, 0, 0, 0, 0, 0, -0.404096, -2, 0, 0, 0
12430, 0, 0, 0, 0, 0, 0, 0, -0.404096, -2, 0, 0, 0
12440, 0, 0, 0, 0, 0, 0, 0, -0.404096, -2, 0, 0, 0
12450, 0, 0, 0, 0, 0, 0, 0, -0.404096, -2, 0, 0, 0
12461, 0, 0, 0, 0, 0, 0, 0, -0.404096, -2, 0, 0, 0
12470, 0, 0, 0, 0, 0, 0, 0, -0.404096, -2, 0, 0, 0
12480, 0, 0, 0, 0, 0, 0, 0, -0.404096, -2, 0, 0, 0
12490, 0, 0, 0, 0, 0, 0, 0, -0.404096, -2, 0, 0, 0
12500, 0, 0, 0, 0, 0, 0, 0, -0.404096, -2, 0, 0, 0
12511, 0, 0, 0, 0, 0, 0, 0, -0.410438, -2, 0, 0, 0
12520, 0, 0, 0, 0, 0, 0, 0, -0.404096, -1.73173, -1.5959, 0, 0
12530, 0, 0, 0, 0, 0, 0, 0, -0.404096, -1.50855, -1.32763, 0, 0
12540, 0, 0, 0, 0, 0, 0, 0, -0.404096, -1.32289, -1.10446, 0, 0
12551, 0, 0, 0, 0, 0, 0, 0, -0.404096, -1.16844, -0.918798, 0, 0
12560, 0, 0, 0, 0, 0, 0, 0, -0.404096, -1.03996, -0.764348, 0, 0
12570, 0, 0, 0, 0, 0, 0, 0, -0.404096, -0.933069, -0.635861, 0, 0
12580, 0, 0, 0, 0, 0, 0, 0, -0.404096, -0.844149, -0.528973, 0, 0
12591, 0, 0, 0, 0, 0, 0, 0, -0.404096, -0.770176, -0.440053, 0, 0
12600, 0, 0, 0, 0, 0, 0, 0, -0.404096, -0.708638, -0.36608, 0, 0
12610, 0, 0, 0, 0, 0, 0, 0, -0.404096, -0.657444, -0.304542, 0, 0
12620, 0, 0, 0, 0, 0, 0, 0, -0.404096, -0.614857, -0.253348, 0, 0
12631, 0, 0, 0, 0, 0, 0, 0, -0.404096, -0.579428, -0.21076, 0, 0
12640, 0, 0, 0, 0, 0, 0, 0, -0.404096, -0.549955, -0.175332, 0, 0
12650, 0, 0, 0, 0, 0, 0, 0, -0.404096, -0.525436, -0.145858, 0, 0
12660, 0, 0, 0, 0, 0, 0, 0, -0.404096, -0.505039, -0.12134, 0, 0
12670, 0, 0, 0, 0, 0, 0, 0, -0.386225, -0.485066, -0.118814, 0, 0
12680, 0, 0, 0, 0, 0, 0, 0, -0.404096, -0.471455, -0.0809698, 0, 0
12690, 0, 0, 0, 0, 0, 0, 0, -0.404096, -0.460132, -0.0673588, 0, 0
12700, 0, 0, 0, 0, 0, 0, 0, -0.404096, -0.450712, -0.0560358, 0, 0
12710, 0, 0, 0, 0, 0, 0, 0, -0.404096, -0.442876, -0.0466162, 0, 0
12721, 0, 0, 0, 0, 0, 0, 0, -0.404096, -0.436357, -0.03878, 0, 0
12730, 0, 0, 0, 0, 0, 0, 0, -0.404096, -0.430934, -0.0322611, 0, 0
12740, 0, 0, 0, 0, 0, 0, 0, -0.404096, -0.426423, -0.026838, 0, 0
12750, 0, 0, 0, 0, 0, 0, 0, -0.404096, -0.42267, -0.0223265, 0, 0
12761, 0, 0, 0, 0, 0, 0, 0, -0.404096, -0.419547, -0.0185734, 0, 0
12770, 0, 0, 0, 0, 0, 0, 0, -0.404096, -0.41695, -0.0154512, 0, 0
12780, 0, 0, 0, 0, 0, 0, 0, -0.404096, -0.414789, -0.0128539, 0, 0
12790, 0, 0, 0, 0, 0, 0, 0, -0.404096, -0.412992, -0.0106931, 0, 0
12801, 0, 0, 0, 0, 0, 0, 0, -0.386225, -0.408492, -0.0267667, 0, 0
12810, 0, 0, 0, 0, 0, 0, 0, -0.404096, -0.407753, -0.00439611, 0, 0
12820, 0, 0, 0, 0, 0, 0, 0, -0.404096, -0.407139, -0.00365713, 0, 0
12830, 0, 0, 0, 0, 0, 0, 0, -0.404096, -0.406627, -0.00304237, 0, 0
12840, 0, 0, 0, 0, 0, 0, 0, -0.404096, -0.406202, -0.00253096, 0, 0
12850, 0, 0, 0, 0, 0, 0, 0, -0.404096, -0.405848, -0.0021055, 0, 0
12860, 0, 0, 0, 0, 0, 0, 0, -0.404096, -0.405553, -0.00175157, 0, 0
12870, 0, 0, 0, 0, 0, 0, 0, -0.404096, -0.405308, -0.00145712, 0, 0
12880, 0, 0, 0, 0, 0, 0, 0, -0.404096, -0.405105, -0.00121218, 0, 0
12891, 0, 0, 0, 0, 0, 0, 0, -0.404096, -0.404935, -0.00100842, 0, 0
12900, 0, 0, 0, 0, 0, 0, 0, -0.404096, -0.404794, -0.000838906, 0, 0
12910, 0, 0, 0, 0, 0, 0, 0, -0.410438, -0.405743, 0.00564349, 0, 0
12920, 0, 0, 0, 0, 0, 0, 0, -0.404096, -0.405466, -0.00164655, 0, 0
12931, 0, 0, 0, 0, 0, 0, 0, -0.391999, -0.403202, -0.0134672, 0, 0
12940, 0, 0, 0, 0, 0, 0, 0, -0.404096, -0.403352, 0.00089407, 0, 0
12950, 0, 0, 0, 0, 0, 0, 0, -0.404096, -0.403477, 0.000743777, 0, 0
12960, 0, 0, 0, 0, 0, 0, 0, -0.404096, -0.403581, 0.000618756, 0, 0
12971, 0, 0, 0, 0, 0, 0, 0, -0.404096, -0.403668, 0.000514746, 0, 0
12980, 0, 0, 0, 0, 0, 0, 0, -0.404096, -0.40374, 0.00042823, 0, 0
12990, 0, 0, 0, 0, 0, 0, 0, -0.404096, -0.4038, 0.000356257, 0, 0
13000, 0, 0, 0, 0, 0, 0, 0, -0.404096, -0.40385, 0.000296384, 0, 0
13010, 0, 0, 0, 0, 0, 0, 0, -0.404096, -0.403891, 0.000246555, 0, 0
13020, 0, 0, 0, 0, 0, 0, 0, -0.404096, -0.403926, 0.0002051, 0, 0
13030, 0, 0, 0, 0, 0, 0, 0, -0.404096, -0.403954, 0.000170618, 0, 0
13040, 0, 0, 0, 0, 0, 0, 0, -0.404096, -0.403978, 0.000141948, 0, 0
13050, 0, 0, 0, 0, 0, 0, 0, -0.404096, -0.403998, 0.000118077, 0, 0
13061, 0, 0, 0, 0, 0, 0, 0, -0.410438, -0.40508, 0.0064396, 0, 0
13070, 0, 0, 0, 0, 0, 0, 0, -0.375187, -0.400055, -0.0298935, 0, 0
13080, 0, 0, 0, 0, 0, 0, 0, -0.404096, -0.400735, 0.00404081, 0, 0
13090, 0, 0, 0, 0, 0, 0, 0, -0.404096, -0.4013, 0.00336155, 0, 0
13101, 0, 0, 0, 0, 0, 0, 0, -0.404096, -0.40177, 0.00279647, 0, 0
13110, 0, 0, 0, 0, 0, 0, 0, -0.404096, -0.402161, 0.0023264, 0, 0
13120, 0, 0, 0, 0, 0, 0, 0, -0.404096, -0.402486, 0.00193533, 0, 0
13130, 0, 0, 0, 0, 0, 0, 0, -0.404096, -0.402757, 0.00161001, 0, 0
13140, 0, 0, 0, 0, 0, 0, 0, -0.404096, -0.402982, 0.00133938, 0, 0
13150, 0, 0, 0, 0, 0, 0, 0, -0.404096, -0.403169, 0.00111422, 0, 0
13160, 0, 0, 0, 0, 0, 0, 0, -0.404096, -0.403325, 0.000926912, 0, 0
13170, 0, 0, 0, 0, 0, 0, 0, -0.404096, -0.403455, 0.000771105, 0, 0
13180, 0, 0, 0, 0, 0, 0, 0, -0.404096, -0.403563, 0.000641495, 0, 0
13191, 0, 0, 0, 0, 0, 0, 0, -0.410438, -0.404718, 0.00687504, 0, 0
13200, 0, 0, 0, 0, 0, 0, 0, -0.386225, -0.40161, -0.0184932, 0, 0
13210, 0, 0, 0, 0, 0, 0, 0, -0.404096, -0.402028, 0.00248668, 0, 0
13220, 0, 0, 0, 0, 0, 0, 0, -0.404096, -0.402375, 0.00206867, 0, 0
13231, 0, 0, 0, 0, 0, 0, 0, -0.404096, -0.402665, 0.00172094, 0, 0
13240, 0, 0, 0, 0, 0, 0, 0, -0.404096, -0.402905, 0.00143164, 0, 0
13250, 0, 0, 0, 0, 0, 0, 0, -0.404096, -0.403105, 0.00119099, 0, 0
13260, 0, 0, 0, 0, 0, 0, 0, -0.404096, -0.403272, 0.000990778, 0, 0
13271, 0, 0, 0, 0, 0, 0, 0, -0.404096, -0.40341, 0.000824243, 0, 0
13280, 0, 0, 0, 0, 0, 0, 0, -0.404096, -0.403526, 0.000685692, 0, 0
13290, 0, 0, 0, 0, 0, 0, 0, -0.404096, -0.403622, 0.000570416, 0, 0
13300, 0, 0, 0, 0, 0, 0, 0, -0.404096, -0.403701, 0.000474542, 0, 0
13310, 0, 0, 0, 0, 0, 0, 0, -0.404096, -0.403768, 0.000394762, 0, 0
13320, 0, 0, 0, 0, 0, 0, 0, -0.404096, -0.403823, 0.000328392, 0, 0
13330, 0, 0, 0, 0, 0, 0, 0, -0.404096, -0.403869, 0.000273198, 0, 0
13340, 0, 0, 0, 0, 0, 0, 0, -0.404096, -0.403907, 0.000227273, 0, 0
13350, 0, 0, 0, 0, 0, 0, 0, -0.410438, -0.405005, 0.00653043, 0, 0
13361, 0, 0, 0, 0, 0, 0, 0, -0.404096, -0.404852, -0.000908703, 0, 0
13370, 0, 0, 0, 0, 0, 0, 0, -0.404096, -0.404725, -0.000755936, 0, 0
13380, 0, 0, 0, 0, 0, 0, 0, -0.404096, -0.404619, -0.000628859, 0, 0
13390, 0, 0, 0, 0, 0, 0, 0, -0.404096, -0.404531, -0.00052315, 0, 0
13401, 0, 0, 0, 0, 0, 0, 0, -0.404096, -0.404458, -0.000435203, 0, 0
13410, 0, 0, 0, 0, 0, 0, 0, -0.404096, -0.404397, -0.000362039, 0, 0
13420, 0, 0, 0, 0, 0, 0, 0, -0.404096, -0.404347, -0.000301182, 0, 0
13430, 0, 0, 0, 0, 0, 0, 0, -0.404096, -0.404305, -0.000250548, 0, 0
13441, 0, 0, 0, 0, 0, 0, 0, -0.404096, -0.40427, -0.000208437, 0, 0
13450, 0, 0, 0, 0, 0, 0, 0, -0.404096, -0.40424, -0.00017339, 0, 0
13460, 0, 0, 0, 0, 0, 0, 0, -0.410438, -0.405282, 0.00619712, 0, 0
13470, 0, 0, 0, 0, 0, 0, 0, -0.404096, -0.405083, -0.00118598, 0, 0
13480, 0, 0, 0, 0, 0, 0, 0, -0.386225, -0.401913, -0.0188577, 0, 0
13490, 0, 0, 0, 0, 0, 0, 0, -0.404096, -0.40228, 0.00218338, 0, 0
13500, 0, 0, 0, 0, 0, 0, 0, -0.404096, -0.402585, 0.00181636, 0, 0
13510, 0, 0, 0, 0, 0, 0, 0, -0.404096, -0.402839, 0.00151104, 0, 0
13520, 0, 0, 0, 0, 0, 0, 0, -0.404096, -0.40305, 0.00125703, 0, 0
13531, 0, 0, 0, 0, 0, 0, 0, -0.404096, -0.403226, 0.00104573, 0, 0
13540, 0, 0, 0, 0, 0, 0, 0, -0.404096, -0.403372, 0.00086996, 0, 0
13550, 0, 0, 0, 0, 0, 0, 0, -0.404096, -0.403494, 0.00072372, 0, 0
13560, 0, 0, 0, 0, 0, 0, 0, -0.404096, -0.403595, 0.000602067, 0, 0
13571, 0, 0, 0, 0, 0, 0, 0, -0.404096, -0.40368, 0.000500858, 0, 0
13580, 0, 0, 0, 0, 0, 0, 0, -0.404096, -0.40375, 0.000416666, 0, 0
13590, 0, 0, 0, 0, 0, 0, 0, -0.410438, -0.404874, 0.006688, 0, 0
13600, 0, 0, 0, 0, 0, 0, 0, -0.404096, -0.404743, -0.000777632, 0, 0
13611, 0, 0, 0, 0, 0, 0, 0, -0.404096, -0.404634, -0.000646919, 0, 0
13620, 0, 0, 0, 0, 0, 0, 0, -0.404096, -0.404544, -0.00053817, 0, 0
13630, 0, 0, 0, 0, 0, 0, 0, -0.404096, -0.404469, -0.00044769, 0, 0
13640, 0, 0, 0, 0, 0, 0, 0, -0.404096, -0.404406, -0.00037244, 0, 0
13650, 0, 0, 0, 0, 0, 0, 0, -0.404096, -0.404354, -0.000309825, 0, 0
13660, 0, 0, 0, 0, 0, 0, 0, -0.404096, -0.404311, -0.00025773, 0, 0
13670, 0, 0, 0, 0, 0, 0, 0, -0.404096, -0.404275, -0.000214398, 0, 0
13680, 0, 0, 0, 0, 0, 0, 0, -0.404096, -0.404245, -0.000178367, 0, 0
13690, 0, 0, 0, 0, 0, 0, 0, -0.404096, -0.40422, -0.000148386, 0, 0
13701, 0, 0, 0, 0, 0, 0, 0, -0.404096, -0.404199, -0.000123441, 0, 0
13710, 0, 0, 0, 0, 0, 0, 0, -0.404096, -0.404182, -0.000102699, 0, 0
13720, 0, 0, 0, 0, 0, 0, 0, -0.404096, -0.404167, -8.54433e-05, 0, 0
13730, 0, 0, 0, 0, 0, 0, 0, -0.404096, -0.404155, -7.10785e-05, 0, 0
13741, 0, 0, 0, 0, 0, 0, 0, -0.404096, -0.404145, -5.91278e-05, 0, 0
13750, 0, 0, 0, 0, 0, 0, 0, -0.386225, -0.401133, -0.0179203, 0, 0
13760, 0, 0, 0, 0, 0, 0, 0, -0.404096, -0.401631, 0.00296324, 0, 0
13770, 0, 0, 0, 0, 0, 0, 0, -0.404096, -0.402045, 0.00246513, 0, 0
13780, 0, 0, 0, 0, 0, 0, 0, -0.404096, -0.40239, 0.00205073, 0, 0
13790, 0, 0, 0, 0, 0, 0, 0, -0.404096, -0.402677, 0.001706, 0, 0
13800, 0, 0, 0, 0, 0, 0, 0, -0.404096, -0.402916, 0.00141922, 0, 0
13810, 0, 0, 0, 0, 0, 0, 0, -0.404096, -0.403114, 0.00118065, 0, 0
13820, 0, 0, 0, 0, 0, 0, 0, -0.404096, -0.403279, 0.000982195, 0, 0
13831, 0, 0, 0, 0, 0, 0, 0, -0.404096, -0.403416, 0.00081709, 0, 0
13840, 0, 0, 0, 0, 0, 0, 0, -0.404096, -0.403531, 0.000679731, 0, 0
13850, 0, 0, 0, 0, 0, 0, 0, -0.404096, -0.403626, 0.000565469, 0, 0
13860, 0, 0, 0, 0, 0, 0, 0, -0.410438, -0.404771, 0.00681177, 0, 0
13871, 0, 0, 0, 0, 0, 0, 0, -0.404096, -0.404657, -0.000674665, 0, 0
13880, 0, 0, 0, 0, 0, 0, 0, -0.391999, -0.40253, -0.0126587, 0, 0
13890, 0, 0, 0, 0, 0, 0, 0, -0.404096, -0.402793, 0.00156665, 0, 0
13900, 0, 0, 0, 0, 0, 0, 0, -0.404096, -0.403012, 0.00130329, 0, 0
13911, 0, 0, 0, 0, 0, 0, 0, -0.404096, -0.403194, 0.00108421, 0, 0
13920, 0, 0, 0, 0, 0, 0, 0, -0.404096, -0.403346, 0.000901967, 0, 0
13930, 0, 0, 0, 0, 0, 0, 0, -0.404096, -0.403472, 0.000750333, 0, 0
13940, 0, 0, 0, 0, 0, 0, 0, -0.404096, -0.403577, 0.00062421, 0, 0
13950, 0, 0, 0, 0, 0, 0, 0, -0.404096, -0.403664, 0.000519276, 0, 0
13960, 0, 0, 0, 0, 0, 0, 0, -0.404096, -0.403737, 0.000431985, 0, 0
13970, 0, 0, 0, 0, 0, 0, 0, -0.404096, -0.403797, 0.000359356, 0, 0
13980, 0, 0, 0, 0, 0, 0, 0, -0.404096, -0.403847, 0.000298947, 0, 0
13990, 0, 0, 0, 0, 0, 0, 0, -0.404096, -0.403889, 0.0002487, 0, 0
14001, 0, 0, 0, 0, 0, 0, 0, -0.404096, -0.403924, 0.000206888, 0, 0
14010, 0, 0, 0, 0, 0, 0, 0, -0.391999, -0.401919, -0.0119253, 0, 0
14020, 0, 0, 0, 0, 0, 0, 0, -0.404096, -0.402285, 0.00217676, 0, 0
14030, 0, 0, 0, 0, 0, 0, 0, -0.404096, -0.40259, 0.00181085, 0, 0
14041, 0, 0, 0, 0, 0, 0, 0, -0.404096, -0.402843, 0.00150645, 0, 0
14050, 0, 0, 0, 0, 0, 0, 0, -0.404096, -0.403054, 0.00125322, 0, 0
14060, 0, 0, 0, 0, 0, 0, 0, -0.404096, -0.403229, 0.00104254, 0, 0
14070, 0, 0, 0, 0, 0, 0, 0, -0.404096, -0.403375, 0.000867307, 0, 0
14081, 0, 0, 0, 0, 0, 0, 0, -0.404096, -0.403496, 0.000721514, 0, 0
14090, 0, 0, 0, 0, 0, 0, 0, -0.404096, -0.403597, 0.000600219, 0, 0
14100, 0, 0, 0, 0, 0, 0, 0, -0.404096, -0.403681, 0.000499308, 0, 0
14110, 0, 0, 0, 0, 0, 0, 0, -0.404096, -0.403751, 0.000415385, 0, 0
14120, 0, 0, 0, 0, 0, 0, 0, -0.404096, -0.403809, 0.000345558, 0, 0
14130, 0, 0, 0, 0, 0, 0, 0, -0.404096, -0.403857, 0.000287473, 0, 0
14140, 0, 0, 0, 0, 0, 0, 0, -0.410438, -0.404963, 0.00658053, 0, 0
14150, 0, 0, 0, 0, 0, 0, 0, -0.375187, -0.399958, -0.0297762, 0, 0
14160, 0, 0, 0, 0, 0, 0, 0, -0.404096, -0.400653, 0.00413838, 0, 0
14171, 0, 0, 0, 0, 0, 0, 0, -0.404096, -0.401232, 0.0034427, 0, 0
14180, 0, 0, 0, 0, 0, 0, 0, -0.404096, -0.401714, 0.00286397, 0, 0
14190, 0, 0, 0, 0, 0, 0, 0, -0.404096, -0.402114, 0.00238255, 0, 0
14200, 0, 0, 0, 0, 0, 0, 0, -0.404096, -0.402447, 0.00198203, 0, 0
14211, 0, 0, 0, 0, 0, 0, 0, -0.404096, -0.402725, 0.00164884, 0, 0
14220, 0, 0, 0, 0, 0, 0, 0, -0.404096, -0.402955, 0.00137168, 0, 0
14230, 0, 0, 0, 0, 0, 0, 0, -0.404096, -0.403147, 0.0011411, 0, 0
14240, 0, 0, 0, 0, 0, 0, 0, -0.404096, -0.403306, 0.000949293, 0, 0
14251, 0, 0, 0, 0, 0, 0, 0, -0.404096, -0.403439, 0.000789732, 0, 0
14260, 0, 0, 0, 0, 0, 0, 0, -0.404096, -0.40355, 0.000656992, 0, 0
14270, 0, 0, 0, 0, 0, 0, 0, -0.410438, -0.404707, 0.00688791, 0, 0
14280, 0, 0, 0, 0, 0, 0, 0, -0.386225, -0.401601, -0.0184824, 0, 0
14290, 0, 0, 0, 0, 0, 0, 0, -0.404096, -0.40202, 0.00249559, 0, 0
14300, 0, 0, 0, 0, 0, 0, 0, -0.404096, -0.402369, 0.00207609, 0, 0
14310, 0, 0, 0, 0, 0, 0, 0, -0.404096, -0.402659, 0.0017271, 0, 0
14320, 0, 0, 0, 0, 0, 0, 0, -0.404096, -0.402901, 0.00143677, 0, 0
14330, 0, 0, 0, 0, 0, 0, 0, -0.404096, -0.403102, 0.00119525, 0, 0
14341, 0, 0, 0, 0, 0, 0, 0, -0.404096, -0.403269, 0.000994325, 0, 0
14350, 0, 0, 0, 0, 0, 0, 0, -0.404096, -0.403408, 0.000827193, 0, 0
14360, 0, 0, 0, 0, 0, 0, 0, -0.404096, -0.403524, 0.000688136, 0, 0
14370, 0, 0, 0, 0, 0, 0, 0, -0.404096, -0.40362, 0.000572473, 0, 0
14381, 0, 0, 0, 0, 0, 0, 0, -0.404096, -0.4037, 0.000476241, 0, 0
14390, 0, 0, 0, 0, 0, 0, 0, -0.404096, -0.403767, 0.000396192, 0, 0
14400, 0, 0, 0, 0, 0, 0, 0, -0.404096, -0.403822, 0.000329584, 0, 0
14410, 0, 0, 0, 0, 0, 0, 0, -0.404096, -0.403868, 0.000274181, 0, 0
14420, 0, 0, 0, 0, 0, 0, 0, -0.404096, -0.403906, 0.000228077, 0, 0
14430, 0, 0, 0, 0, 0, 0, 0, -0.404096, -0.403938, 0.000189751, 0, 0
14440, 0, 0, 0, 0, 0, 0, 0, -0.404096, -0.403965, 0.000157863, 0, 0
14450, 0, 0, 0, 0, 0, 0, 0, -0.404096, -0.403987, 0.000131339, 0, 0
14460, 0, 0, 0, 0, 0, 0, 0, -0.404096, -0.404005, 0.000109255, 0, 0
14471, 0, 0, 0, 0, 0, 0, 0, -0.404096, -0.404021, 9.08971e-05, 0, 0
14480, 0, 0, 0, 0, 0, 0, 0, -0.404096, -0.404033, 7.56085e-05, 0, 0
14490, 0, 0, 0, 0, 0, 0, 0, -0.404096, -0.404044, 6.29127e-05, 0, 0
14500, 0, 0, 0, 0, 0, 0, 0, -0.404096, -0.404053, 5.23329e-05, 0, 0
14511, 0, 0, 0, 0, 0, 0, 0, -0.404096, -0.40406, 4.35412e-05, 0, 0
14520, 0, 0, 0, 0, 0, 0, 0, -0.404096, -0.404066, 3.62098e-05, 0, 0
14530, 0, 0, 0, 0, 0, 0, 0, -0.404096, -0.404071, 3.01301e-05, 0, 0
14540, 0, 0, 0, 0, 0, 0, 0, -0.410438, -0.405141, 0.00636643, 0, 0
14551, 0, 0, 0, 0, 0, 0, 0, -0.404096, -0.404966, -0.00104514, 0, 0
14560, 0, 0, 0, 0, 0, 0, 0, -0.386225, -0.401815, -0.0187406, 0, 0
14570, 0, 0, 0, 0, 0, 0, 0, -0.404096, -0.402199, 0.00228083, 0, 0
14580, 0, 0, 0, 0, 0, 0, 0, -0.404096, -0.402518, 0.00189742, 0, 0
14590, 0, 0, 0, 0, 0, 0, 0, -0.404096, -0.402783, 0.00157848, 0, 0
14600, 0, 0, 0, 0, 0, 0, 0, -0.404096, -0.403004, 0.00131315, 0, 0
14610, 0, 0, 0, 0, 0, 0, 0, -0.404096, -0.403187, 0.0010924, 0, 0
14620, 0, 0, 0, 0, 0, 0, 0, -0.404096, -0.40334, 0.000908762, 0, 0
14630, 0, 0, 0, 0, 0, 0, 0, -0.404096, -0.403467, 0.000755996, 0, 0
14641, 0, 0, 0, 0, 0, 0, 0, -0.404096, -0.403573, 0.000628918, 0, 0
14650, 0, 0, 0, 0, 0, 0, 0, -0.404096, -0.403661, 0.00052321, 0, 0
14660, 0, 0, 0, 0, 0, 0, 0, -0.404096, -0.403734, 0.000435263, 0, 0
14670, 0, 0, 0, 0, 0, 0, 0, -0.410438, -0.404861, 0.00670347, 0, 0
14681, 0, 0, 0, 0, 0, 0, 0, -0.404096, -0.404732, -0.000764757, 0, 0
14690, 0, 0, 0, 0, 0, 0, 0, -0.404096, -0.404625, -0.00063619, 0, 0
14700, 0, 0, 0, 0, 0, 0, 0, -0.404096, -0.404536, -0.000529259, 0, 0
14710, 0, 0, 0, 0, 0, 0, 0, -0.404096, -0.404462, -0.0004403, 0, 0
14721, 0, 0, 0, 0, 0, 0, 0, -0.404096, -0.404401, -0.000366271, 0, 0
14730, 0, 0, 0, 0, 0, 0, 0, -0.404096, -0.40435, -0.000304699, 0, 0
14740, 0, 0, 0, 0, 0, 0, 0, -0.404096, -0.404307, -0.000253469, 0, 0
14750, 0, 0, 0, 0, 0, 0, 0, -0.404096, -0.404272, -0.000210851, 0, 0
14760, 0, 0, 0, 0, 0, 0, 0, -0.404096, -0.404242, -0.000175416, 0, 0
14770, 0, 0, 0, 0, 0, 0, 0, -0.404096, -0.404218, -0.000145942, 0, 0
14780, 0, 0, 0, 0, 0, 0, 0, -0.404096, -0.404197, -0.000121415, 0, 0
14790, 0, 0, 0, 0, 0, 0, 0, -0.404096, -0.40418, -0.000101, 0, 0
14800, 0, 0, 0, 0, 0, 0, 0, -0.404096, -0.404166, -8.40127e-05, 0, 0
14811, 0, 0, 0, 0, 0, 0, 0, -0.404096, -0.404154, -6.98864e-05, 0, 0
14820, 0, 0, 0, 0, 0, 0, 0, -0.404096, -0.404145, -5.81443e-05, 0, 0
14830, 0, 0, 0, 0, 0, 0, 0, -0.386225, -0.401132, -0.0179195, 0, 0
14840, 0, 0, 0, 0, 0, 0, 0, -0.404096, -0.401631, 0.0029639, 0, 0
14851, 0, 0, 0, 0, 0, 0, 0, -0.404096, -0.402045, 0.00246567, 0, 0
14860, 0, 0, 0, 0, 0, 0, 0, -0.404096, -0.40239, 0.00205117, 0, 0
14870, 0, 0, 0, 0, 0, 0, 0, -0.404096, -0.402677, 0.00170636, 0, 0
14880, 0, 0, 0, 0, 0, 0, 0, -0.404096, -0.402915, 0.00141951, 0, 0
14891, 0, 0, 0, 0, 0, 0, 0, -0.404096, -0.403114, 0.00118089, 0, 0
14900, 0, 0, 0, 0, 0, 0, 0, -0.404096, -0.403279, 0.000982374, 0, 0
14910, 0, 0, 0, 0, 0, 0, 0, -0.404096, -0.403416, 0.000817239, 0, 0
14920, 0, 0, 0, 0, 0, 0, 0, -0.404096, -0.403531, 0.000679851, 0, 0
14930, 0, 0, 0, 0, 0, 0, 0, -0.404096, -0.403626, 0.000565559, 0, 0
14940, 0, 0, 0, 0, 0, 0, 0, -0.404096, -0.403705, 0.000470489, 0, 0
14950, 0, 0, 0, 0, 0, 0, 0, -0.404096, -0.403771, 0.000391394, 0, 0
14960, 0, 0, 0, 0, 0, 0, 0, -0.386225, -0.400821, -0.0175456, 0, 0
14970, 0, 0, 0, 0, 0, 0, 0, -0.404096, -0.401372, 0.00327501, 0, 0
14981, 0, 0, 0, 0, 0, 0, 0, -0.404096, -0.40183, 0.00272447, 0, 0
14990, 0, 0, 0, 0, 0, 0, 0, -0.404096, -0.402211, 0.0022665, 0, 0
15000, 0, 0, 0, 0, 0, 0, 0, -0.404096, -0.402528, 0.0018855, 0, 0
15010, 0, 0, 0, 0, 0, 0, 0, -0.404096, -0.402791, 0.00156856, 0, 0
15021, 0, 0, 0, 0, 0, 0, 0, -0.404096, -0.403011, 0.00130489, 0, 0
15030, 0, 0, 0, 0, 0, 0, 0, -0.404096, -0.403193, 0.00108555, 0, 0
15040, 0, 0, 0, 0, 0, 0, 0, -0.404096, -0.403345, 0.00090307, 0, 0
15050, 0, 0, 0, 0, 0, 0, 0, -0.404096, -0.403471, 0.000751257, 0, 0
15060, 0, 0, 0, 0, 0, 0, 0, -0.404096, -0.403576, 0.000624985, 0, 0
15070, 0, 0, 0, 0, 0, 0, 0, -0.404096, -0.403664, 0.000519931, 0, 0
15080, 0, 0, 0, 0, 0, 0, 0, -0.404096, -0.403736, 0.000432521, 0, 0
15090, 0, 0, 0, 0, 0, 0, 0, -0.391999, -0.401763, -0.0117376, 0, 0
15100, 0, 0, 0, 0, 0, 0, 0, -0.404096, -0.402155, 0.0023329, 0, 0
15111, 0, 0, 0, 0, 0, 0, 0, -0.404096, -0.402482, 0.00194073, 0, 0
15120, 0, 0, 0, 0, 0, 0, 0, -0.404096, -0.402753, 0.00161448, 0, 0
15130, 0, 0, 0, 0, 0, 0, 0, -0.404096, -0.402979, 0.0013431, 0, 0
15140, 0, 0, 0, 0, 0, 0, 0, -0.404096, -0.403167, 0.00111732, 0, 0
15151, 0, 0, 0, 0, 0, 0, 0, -0.404096, -0.403323, 0.000929505, 0, 0
15160, 0, 0, 0, 0, 0, 0, 0, -0.404096, -0.403453, 0.000773251, 0, 0
15170, 0, 0, 0, 0, 0, 0, 0, -0.404096, -0.403561, 0.000643253, 0, 0
15180, 0, 0, 0, 0, 0, 0, 0, -0.404096, -0.403651, 0.000535131, 0, 0
15191, 0, 0, 0, 0, 0, 0, 0, -0.404096, -0.403726, 0.000445187, 0, 0
15200, 0, 0, 0, 0, 0, 0, 0, -0.404096, -0.403788, 0.000370353, 0, 0
15210, 0, 0, 0, 0, 0, 0, 0, -0.404096, -0.40384, 0.000308096, 0, 0
15220, 0, 0, 0, 0, 0, 0, 0, -0.410438, -0.404949, 0.00659767, 0, 0
15230, 0, 0, 0, 0, 0, 0, 0, -0.375187, -0.399946, -0.029762, 0, 0
15240, 0, 0, 0, 0, 0, 0, 0, -0.404096, -0.400644, 0.00415021, 0, 0
15250, 0, 0, 0, 0, 0, 0, 0, -0.416987, -0.403391, 0.0163432, 0, 0
15260, 0, 0, 0, 0, 0, 0, 0, -0.404096, -0.403509, 0.000705272, 0, 0
15270, 0, 0, 0, 0, 0, 0, 0, -0.404096, -0.403608, 0.000586718, 0, 0
15281, 0, 0, 0, 0, 0, 0, 0, -0.404096, -0.40369, 0.000488102, 0, 0
15290, 0, 0, 0, 0, 0, 0, 0, -0.404096, -0.403758, 0.000406057, 0, 0
15300, 0, 0, 0, 0, 0, 0, 0, -0.404096, -0.403815, 0.000337809, 0, 0
15310, 0, 0, 0, 0, 0, 0, 0, -0.404096, -0.403862, 0.000281036, 0, 0
15321, 0, 0, 0, 0, 0, 0, 0, -0.404096, -0.403902, 0.000233799, 0, 0
15330, 0, 0, 0, 0, 0, 0, 0, -0.404096, -0.403934, 0.00019449, 0, 0
15340, 0, 0, 0, 0, 0, 0, 0, -0.404096, -0.403962, 0.000161797, 0, 0
15350, 0, 0, 0, 0, 0, 0, 0, -0.410438, -0.40505, 0.00647596, 0, 0
15361, 0, 0, 0, 0, 0, 0, 0, -0.386225, -0.401886, -0.0188252, 0, 0
15370, 0, 0, 0, 0, 0, 0, 0, -0.404096, -0.402257, 0.00221047, 0, 0
15380, 0, 0, 0, 0, 0, 0, 0, -0.404096, -0.402566, 0.00183889, 0, 0
15390, 0, 0, 0, 0, 0, 0, 0, -0.404096, -0.402824, 0.00152978, 0, 0
15400, 0, 0, 0, 0, 0, 0, 0, -0.404096, -0.403037, 0.00127262, 0, 0
15410, 0, 0, 0, 0, 0, 0, 0, -0.404096, -0.403215, 0.0010587, 0, 0
15420, 0, 0, 0, 0, 0, 0, 0, -0.404096, -0.403364, 0.000880718, 0, 0
15430, 0, 0, 0, 0, 0, 0, 0, -0.404096, -0.403487, 0.00073266, 0, 0
15440, 0, 0, 0, 0, 0, 0, 0, -0.404096, -0.403589, 0.000609487, 0, 0
15451, 0, 0, 0, 0, 0, 0, 0, -0.404096, -0.403674, 0.000507027, 0, 0
15460, 0, 0, 0, 0, 0, 0, 0, -0.404096, -0.403745, 0.000421792, 0, 0
15470, 0, 0, 0, 0, 0, 0, 0, -0.404096, -0.403804, 0.000350893, 0, 0
15480, 0, 0, 0, 0, 0, 0, 0, -0.404096, -0.403853, 0.000291914, 0, 0
15491, 0, 0, 0, 0, 0, 0, 0, -0.410438, -0.40496, 0.0065842, 0, 0
15500, 0, 0, 0, 0, 0, 0, 0, -0.404096, -0.404815, -0.000863969, 0, 0
15510, 0, 0, 0, 0, 0, 0, 0, -0.369908, -0.398947, -0.034907, 0, 0
15520, 0, 0, 0, 0, 0, 0, 0, -0.410438, -0.400879, 0.0114905, 0, 0
15531, 0, 0, 0, 0, 0, 0, 0, -0.404096, -0.401419, 0.00321758, 0, 0
15540, 0, 0, 0, 0, 0, 0, 0, -0.404096, -0.401869, 0.0026767, 0, 0
15550, 0, 0, 0, 0, 0, 0, 0, -0.404096, -0.402244, 0.00222674, 0, 0
15560, 0, 0, 0, 0, 0, 0, 0, -0.404096, -0.402555, 0.00185242, 0, 0
15570, 0, 0, 0, 0, 0, 0, 0, -0.404096, -0.402814, 0.00154102, 0, 0
15580, 0, 0, 0, 0, 0, 0, 0, -0.404096, -0.40303, 0.00128198, 0, 0
15590, 0, 0, 0, 0, 0, 0, 0, -0.404096, -0.403209, 0.00106648, 0, 0
15600, 0, 0, 0, 0, 0, 0, 0, -0.404096, -0.403358, 0.000887215, 0, 0
15610, 0, 0, 0, 0, 0, 0, 0, -0.404096, -0.403482, 0.000738084, 0, 0
15621, 0, 0, 0, 0, 0, 0, 0, -0.410438, -0.404651, 0.00695539, 0, 0
15630, 0, 0, 0, 0, 0, 0, 0, -0.404096, -0.404558, -0.000555187, 0, 0
15640, 0, 0, 0, 0, 0, 0, 0, -0.391999, -0.402447, -0.0125592, 0, 0
15650, 0, 0, 0, 0, 0, 0, 0, -0.404096, -0.402724, 0.00164935, 0, 0
15661, 0, 0, 0, 0, 0, 0, 0, -0.404096, -0.402955, 0.0013721, 0, 0
15670, 0, 0, 0, 0, 0, 0, 0, -0.404096, -0.403147, 0.00114146, 0, 0
15680, 0, 0, 0, 0, 0, 0, 0, -0.404096, -0.403306, 0.000949591, 0, 0
15690, 0, 0, 0, 0, 0, 0, 0, -0.404096, -0.403439, 0.00078997, 0, 0
15700, 0, 0, 0, 0, 0, 0, 0, -0.404096, -0.403549, 0.000657171, 0, 0
15710, 0, 0, 0, 0, 0, 0, 0, -0.404096, -0.403641, 0.000546694, 0, 0
15720, 0, 0, 0, 0, 0, 0, 0, -0.404096, -0.403718, 0.000454783, 0, 0
15730, 0, 0, 0, 0, 0, 0, 0, -0.404096, -0.403781, 0.00037834, 0, 0
15740, 0, 0, 0, 0, 0, 0, 0, -0.404096, -0.403834, 0.000314742, 0, 0
15751, 0, 0, 0, 0, 0, 0, 0, -0.410438, -0.404944, 0.00660321, 0, 0
15760, 0, 0, 0, 0, 0, 0, 0, -0.404096, -0.404802, -0.000848144, 0, 0
15770, 0, 0, 0, 0, 0, 0, 0, -0.404096, -0.404683, -0.00070557, 0, 0
15780, 0, 0, 0, 0, 0, 0, 0, -0.380624, -0.400639, -0.0240595, 0, 0
15791, 0, 0, 0, 0, 0, 0, 0, -0.404096, -0.40122, 0.00345746, 0, 0
15800, 0, 0, 0, 0, 0, 0, 0, -0.404096, -0.401703, 0.00287625, 0, 0
15810, 0, 0, 0, 0, 0, 0, 0, -0.404096, -0.402106, 0.00239277, 0, 0
15820, 0, 0, 0, 0, 0, 0, 0, -0.404096, -0.40244, 0.00199056, 0, 0
15831, 0, 0, 0, 0, 0, 0, 0, -0.404096, -0.402719, 0.00165594, 0, 0
15840, 0, 0, 0, 0, 0, 0, 0, -0.404096, -0.40295, 0.00137758, 0, 0
15850, 0, 0, 0, 0, 0, 0, 0, -0.404096, -0.403143, 0.00114602, 0, 0
15860, 0, 0, 0, 0, 0, 0, 0, -0.404096, -0.403303, 0.000953376, 0, 0
15870, 0, 0, 0, 0, 0, 0, 0, -0.404096, -0.403436, 0.000793099, 0, 0
15880, 0, 0, 0, 0, 0, 0, 0, -0.410438, -0.404613, 0.00700116, 0, 0
15890, 0, 0, 0, 0, 0, 0, 0, -0.404096, -0.404526, -0.0005171, 0, 0
15900, 0, 0, 0, 0, 0, 0, 0, -0.404096, -0.404454, -0.000430167, 0, 0
15910, 0, 0, 0, 0, 0, 0, 0, -0.386225, -0.40139, -0.018229, 0, 0
15921, 0, 0, 0, 0, 0, 0, 0, -0.404096, -0.401845, 0.00270644, 0, 0
15930, 0, 0, 0, 0, 0, 0, 0, -0.404096, -0.402223, 0.00225148, 0, 0
15940, 0, 0, 0, 0, 0, 0, 0, -0.404096, -0.402538, 0.00187302, 0, 0
15950, 0, 0, 0, 0, 0, 0, 0, -0.404096, -0.4028, 0.00155815, 0, 0
15961, 0, 0, 0, 0, 0, 0, 0, -0.404096, -0.403018, 0.00129622, 0, 0
15970, 0, 0, 0, 0, 0, 0, 0, -0.404096, -0.403199, 0.00107834, 0, 0
15980, 0, 0, 0, 0, 0, 0, 0, -0.404096, -0.40335, 0.00089708, 0, 0
15990, 0, 0, 0, 0, 0, 0, 0, -0.404096, -0.403475, 0.00074628, 0, 0
16001, 0, 0, 0, 0, 0, 0, 0, -0.404096, -0.40358, 0.000620842, 0, 0
16010, 0, 0, 0, 0, 0, 0, 0, -0.404096, -0.403667, 0.000516474, 0, 0
16020, 0, 0, 0, 0, 0, 0, 0, -0.404096, -0.403739, 0.00042966, 0, 0
16030, 0, 0, 0, 0, 0, 0, 0, -0.404096, -0.403799, 0.000357449, 0, 0
16040, 0, 0, 0, 0, 0, 0, 0, -0.386225, -0.400845, -0.0175738, 0, 0
16050, 0, 0, 0, 0, 0, 0, 0, -0.404096, -0.401391, 0.00325152, 0, 0
16060, 0, 0, 0, 0, 0, 0, 0, -0.404096, -0.401846, 0.00270495, 0, 0
16070, 0, 0, 0, 0, 0, 0, 0, -0.404096, -0.402224, 0.00225025, 0, 0
16080, 0, 0, 0, 0, 0, 0, 0, -0.404096, -0.402539, 0.00187197, 0, 0
16091, 0, 0, 0, 0, 0, 0, 0, -0.404096, -0.402801, 0.00155729, 0, 0
16100, 0, 0, 0, 0, 0, 0, 0, -0.404096, -0.403018, 0.00129551, 0, 0
16110, 0, 0, 0, 0, 0, 0, 0, -0.404096, -0.4032, 0.00107774, 0, 0
16120, 0, 0, 0, 0, 0, 0, 0, -0.404096, -0.40335, 0.000896573, 0, 0
16131, 0, 0, 0, 0, 0, 0, 0, -0.404096, -0.403476, 0.000745863, 0, 0
16140, 0, 0, 0, 0, 0, 0, 0, -0.404096, -0.40358, 0.000620484, 0, 0
16150, 0, 0, 0, 0, 0, 0, 0, -0.404096, -0.403667, 0.000516176, 0, 0
16160, 0, 0, 0, 0, 0, 0, 0, -0.404096, -0.403739, 0.000429422, 0, 0
16171, 0, 0, 0, 0, 0, 0, 0, -0.391999, -0.401765, -0.0117401, 0, 0
16180, 0, 0, 0, 0, 0, 0, 0, -0.404096, -0.402157, 0.00233075, 0, 0
16190, 0, 0, 0, 0, 0, 0, 0, -0.404096, -0.402483, 0.00193894, 0, 0
16200, 0, 0, 0, 0, 0, 0, 0, -0.404096, -0.402754, 0.00161299, 0, 0
16210, 0, 0, 0, 0, 0, 0, 0, -0.404096, -0.40298, 0.00134185, 0, 0
16220, 0, 0, 0, 0, 0, 0, 0, -0.404096, -0.403168, 0.00111628, 0, 0
16230, 0, 0, 0, 0, 0, 0, 0, -0.404096, -0.403324, 0.00092864, 0, 0
16240, 0, 0, 0, 0, 0, 0, 0, -0.404096, -0.403453, 0.000772536, 0, 0
16250, 0, 0, 0, 0, 0, 0, 0, -0.404096, -0.403562, 0.000642687, 0, 0
16261, 0, 0, 0, 0, 0, 0, 0, -0.404096, -0.403651, 0.000534654, 0, 0
16270, 0, 0, 0, 0, 0, 0, 0, -0.404096, -0.403726, 0.00044477, 0, 0
16280, 0, 0, 0, 0, 0, 0, 0, -0.404096, -0.403788, 0.000369996, 0, 0
16290, 0, 0, 0, 0, 0, 0, 0, -0.404096, -0.40384, 0.000307798, 0, 0
16301, 0, 0, 0, 0, 0, 0, 0, -0.410438, -0.404949, 0.00659743, 0, 0
16310, 0, 0, 0, 0, 0, 0, 0, -0.386225, -0.401802, -0.0187241, 0, 0
16320, 0, 0, 0, 0, 0, 0, 0, -0.404096, -0.402187, 0.00229454, 0, 0
16330, 0, 0, 0, 0, 0, 0, 0, -0.416987, -0.404675, 0.0147995, 0, 0
16340, 0, 0, 0, 0, 0, 0, 0, -0.404096, -0.404578, -0.00057894, 0, 0
16350, 0, 0, 0, 0, 0, 0, 0, -0.404096, -0.404497, -0.000481606, 0, 0
16360, 0, 0, 0, 0, 0, 0, 0, -0.404096, -0.404429, -0.000400662, 0, 0
16370, 0, 0, 0, 0, 0, 0, 0, -0.404096, -0.404373, -0.000333309, 0, 0
16380, 0, 0, 0, 0, 0, 0, 0, -0.404096, -0.404327, -0.000277281, 0, 0
16391, 0, 0, 0, 0, 0, 0, 0, -0.404096, -0.404288, -0.00023067, 0, 0
16400, 0, 0, 0, 0, 0, 0, 0, -0.404096, -0.404256, -0.000191897, 0, 0
16410, 0, 0, 0, 0, 0, 0, 0, -0.404096, -0.404229, -0.000159651, 0, 0
16420, 0, 0, 0, 0, 0, 0, 0, -0.404096, -0.404207, -0.000132799, 0, 0
16431, 0, 0, 0, 0, 0, 0, 0, -0.410438, -0.405254, 0.00623089, 0, 0
16440, 0, 0, 0, 0, 0, 0, 0, -0.430751, -0.40954, 0.0254974, 0, 0
16450, 0, 0, 0, 0, 0, 0, 0, -0.404096, -0.408625, -0.00544399, 0, 0
16460, 0, 0, 0, 0, 0, 0, 0, -0.404096, -0.407864, -0.00452885, 0, 0
16471, 0, 0, 0, 0, 0, 0, 0, -0.404096, -0.40723, -0.00376755, 0, 0
16480, 0, 0, 0, 0, 0, 0, 0, -0.404096, -0.406704, -0.00313422, 0, 0
16490, 0, 0, 0, 0, 0, 0, 0, -0.404096, -0.406265, -0.00260735, 0, 0
16500, 0, 0, 0, 0, 0, 0, 0, -0.404096, -0.405901, -0.00216904, 0, 0
16510, 0, 0, 0, 0, 0, 0, 0, -0.404096, -0.405597, -0.00180444, 0, 0
16520, 0, 0, 0, 0, 0, 0, 0, -0.404096, -0.405345, -0.00150111, 0, 0
16530, 0, 0, 0, 0, 0, 0, 0, -0.404096, -0.405135, -0.00124878, 0, 0
16540, 0, 0, 0, 0, 0, 0, 0, -0.404096, -0.40496, -0.00103885, 0, 0
16550, 0, 0, 0, 0, 0, 0, 0, -0.404096, -0.404815, -0.000864208, 0, 0
16561, 0, 0, 0, 0, 0, 0, 0, -0.404096, -0.404694, -0.000718921, 0, 0
16570, 0, 0, 0, 0, 0, 0, 0, -0.410438, -0.40566, 0.00574329, 0, 0
16580, 0, 0, 0, 0, 0, 0, 0, -0.404096, -0.405397, -0.00156352, 0, 0
16590, 0, 0, 0, 0, 0, 0, 0, -0.386225, -0.402174, -0.0191718, 0, 0
16601, 0, 0, 0, 0, 0, 0, 0, -0.404096, -0.402497, 0.0019221, 0, 0
16610, 0, 0, 0, 0, 0, 0, 0, -0.404096, -0.402766, 0.00159898, 0, 0
16620, 0, 0, 0, 0, 0, 0, 0, -0.404096, -0.40299, 0.0013302, 0, 0
16630, 0, 0, 0, 0, 0, 0, 0, -0.404096, -0.403176, 0.00110659, 0, 0
16641, 0, 0, 0, 0, 0, 0, 0, -0.404096, -0.40333, 0.000920564, 0, 0
16650, 0, 0, 0, 0, 0, 0, 0, -0.404096, -0.403459, 0.00076583, 0, 0
16660, 0, 0, 0, 0, 0, 0, 0, -0.404096, -0.403566, 0.000637084, 0, 0
16670, 0, 0, 0, 0, 0, 0, 0, -0.404096, -0.403655, 0.000530005, 0, 0
16680, 0, 0, 0, 0, 0, 0, 0, -0.404096, -0.403729, 0.000440925, 0, 0
16690, 0, 0, 0, 0, 0, 0, 0, -0.404096, -0.403791, 0.000366807, 0, 0
16700, 0, 0, 0, 0, 0, 0, 0, -0.410438, -0.404908, 0.00664651, 0, 0
16710, 0, 0, 0, 0, 0, 0, 0, -0.404096, -0.404772, -0.000812143, 0, 0
16720, 0, 0, 0, 0, 0, 0, 0, -0.380624, -0.400712, -0.0241482, 0, 0
16731, 0, 0, 0, 0, 0, 0, 0, -0.404096, -0.401281, 0.0033837, 0, 0
16740, 0, 0, 0, 0, 0, 0, 0, -0.404096, -0.401754, 0.00281489, 0, 0
16750, 0, 0, 0, 0, 0, 0, 0, -0.404096, -0.402148, 0.00234172, 0, 0
16760, 0, 0, 0, 0, 0, 0, 0, -0.404096, -0.402476, 0.00194809, 0, 0
16771, 0, 0, 0, 0, 0, 0, 0, -0.404096, -0.402748, 0.00162062, 0, 0
16780, 0, 0, 0, 0, 0, 0, 0, -0.404096, -0.402975, 0.0013482, 0, 0
16790, 0, 0, 0, 0, 0, 0, 0, -0.404096, -0.403163, 0.00112155, 0, 0
16800, 0, 0, 0, 0, 0, 0, 0, -0.404096, -0.40332, 0.000933021, 0, 0
16811, 0, 0, 0, 0, 0, 0, 0, -0.404096, -0.40345, 0.000776172, 0, 0
16820, 0, 0, 0, 0, 0, 0, 0, -0.404096, -0.403559, 0.000645697, 0, 0
16830, 0, 0, 0, 0, 0, 0, 0, -0.410438, -0.404715, 0.00687853, 0, 0
16840, 0, 0, 0, 0, 0, 0, 0, -0.404096, -0.404611, -0.000619113, 0, 0
16850, 0, 0, 0, 0, 0, 0, 0, -0.404096, -0.404525, -0.000515044, 0, 0
16860, 0, 0, 0, 0, 0, 0, 0, -0.386225, -0.401448, -0.0182996, 0, 0
16870, 0, 0, 0, 0, 0, 0, 0, -0.404096, -0.401894, 0.0026477, 0, 0
16880, 0, 0, 0, 0, 0, 0, 0, -0.404096, -0.402264, 0.00220263, 0, 0
16890, 0, 0, 0, 0, 0, 0, 0, -0.404096, -0.402572, 0.00183237, 0, 0
16901, 0, 0, 0, 0, 0, 0, 0, -0.404096, -0.402828, 0.00152436, 0, 0
16910, 0, 0, 0, 0, 0, 0, 0, -0.404096, -0.403041, 0.00126812, 0, 0
16920, 0, 0, 0, 0, 0, 0, 0, -0.404096, -0.403219, 0.00105494, 0, 0
16930, 0, 0, 0, 0, 0, 0, 0, -0.404096, -0.403366, 0.000877619, 0, 0
16941, 0, 0, 0, 0, 0, 0, 0, -0.404096, -0.403489, 0.000730097, 0, 0
16950, 0, 0, 0, 0, 0, 0, 0, -0.404096, -0.403591, 0.000607371, 0, 0
16960, 0, 0, 0, 0, 0, 0, 0, -0.410438, -0.404742, 0.00684664, 0, 0
16970, 0, 0, 0, 0, 0, 0, 0, -0.404096, -0.404633, -0.000645638, 0, 0
16980, 0, 0, 0, 0, 0, 0, 0, -0.404096, -0.404543, -0.000537097, 0, 0
16990, 0, 0, 0, 0, 0, 0, 0, -0.375187, -0.399608, -0.029356, 0, 0
17000, 0, 0, 0, 0, 0, 0, 0, -0.404096, -0.400363, 0.00448793, 0, 0
17010, 0, 0, 0, 0, 0, 0, 0, -0.404096, -0.40099, 0.00373352, 0, 0
17020, 0, 0, 0, 0, 0, 0, 0, -0.404096, -0.401512, 0.00310591, 0, 0
17031, 0, 0, 0, 0, 0, 0, 0, -0.404096, -0.401947, 0.0025838, 0, 0
17040, 0, 0, 0, 0, 0, 0, 0, -0.404096, -0.402308, 0.00214946, 0, 0
17050, 0, 0, 0, 0, 0, 0, 0, -0.404096, -0.402609, 0.00178814, 0, 0
17060, 0, 0, 0, 0, 0, 0, 0, -0.404096, -0.402859, 0.00148755, 0, 0
17071, 0, 0, 0, 0, 0, 0, 0, -0.404096, -0.403067, 0.00123748, 0, 0
17080, 0, 0, 0, 0, 0, 0, 0, -0.404096, -0.40324, 0.00102946, 0, 0
17090, 0, 0, 0, 0, 0, 0, 0, -0.404096, -0.403384, 0.0008564, 0, 0
17100, 0, 0, 0, 0, 0, 0, 0, -0.404096, -0.403504, 0.000712425, 0, 0
17111, 0, 0, 0, 0, 0, 0, 0, -0.404096, -0.403603, 0.000592679, 0, 0
17120, 0, 0, 0, 0, 0, 0, 0, -0.386225, -0.400682, -0.0173781, 0, 0
17130, 0, 0, 0, 0, 0, 0, 0, -0.404096, -0.401256, 0.0034143, 0, 0
17140, 0, 0, 0, 0, 0, 0, 0, -0.404096, -0.401733, 0.00284037, 0, 0
17150, 0, 0, 0, 0, 0, 0, 0, -0.404096, -0.40213, 0.00236291, 0, 0
17160, 0, 0, 0, 0, 0, 0, 0, -0.404096, -0.402461, 0.0019657, 0, 0
17170, 0, 0, 0, 0, 0, 0, 0, -0.404096, -0.402736, 0.00163525, 0, 0
17180, 0, 0, 0, 0, 0, 0, 0, -0.404096, -0.402965, 0.00136036, 0, 0
17190, 0, 0, 0, 0, 0, 0, 0, -0.404096, -0.403155, 0.00113168, 0, 0
17201, 0, 0, 0, 0, 0, 0, 0, -0.404096, -0.403313, 0.000941455, 0, 0
17210, 0, 0, 0, 0, 0, 0, 0, -0.404096, -0.403445, 0.000783205, 0, 0
17220, 0, 0, 0, 0, 0, 0, 0, -0.410438, -0.40462, 0.00699291, 0, 0
17230, 0, 0, 0, 0, 0, 0, 0, -0.404096, -0.404532, -0.000523955, 0, 0
17241, 0, 0, 0, 0, 0, 0, 0, -0.404096, -0.404459, -0.000435889, 0, 0
17250, 0, 0, 0, 0, 0, 0, 0, -0.423754, -0.407702, 0.0192956, 0, 0
17260, 0, 0, 0, 0, 0, 0, 0, -0.404096, -0.407096, -0.0036062, 0, 0
17270, 0, 0, 0, 0, 0, 0, 0, -0.404096, -0.406592, -0.00299999, 0, 0
17281, 0, 0, 0, 0, 0, 0, 0, -0.404096, -0.406172, -0.00249571, 0, 0
17290, 0, 0, 0, 0, 0, 0, 0, -0.404096, -0.405823, -0.00207618, 0, 0
17300, 0, 0, 0, 0, 0, 0, 0, -0.404096, -0.405533, -0.00172716, 0, 0
17310, 0, 0, 0, 0, 0, 0, 0, -0.404096, -0.405291, -0.00143683, 0, 0
17320, 0, 0, 0, 0, 0, 0, 0, -0.404096, -0.405091, -0.00119531, 0, 0
17330, 0, 0, 0, 0, 0, 0, 0, -0.404096, -0.404923, -0.000994384, 0, 0
17340, 0, 0, 0, 0, 0, 0, 0, -0.404096, -0.404784, -0.000827223, 0, 0
17350, 0, 0, 0, 0, 0, 0, 0, -0.404096, -0.404669, -0.000688165, 0, 0
17360, 0, 0, 0, 0, 0, 0, 0, -0.404096, -0.404572, -0.000572473, 0, 0
17371, 0, 0, 0, 0, 0, 0, 0, -0.404096, -0.404492, -0.000476241, 0, 0
17380, 0, 0, 0, 0, 0, 0, 0, -0.410438, -0.405492, 0.00594518, 0, 0
17390, 0, 0, 0, 0, 0, 0, 0, -0.386225, -0.402253, -0.0192667, 0, 0
17400, 0, 0, 0, 0, 0, 0, 0, -0.404096, -0.402563, 0.00184315, 0, 0
17411, 0, 0, 0, 0, 0, 0, 0, -0.404096, -0.402821, 0.00153333, 0, 0
17420, 0, 0, 0, 0, 0, 0, 0, -0.404096, -0.403035, 0.00127557, 0, 0
17430, 0, 0, 0, 0, 0, 0, 0, -0.404096, -0.403213, 0.00106114, 0, 0
17440, 0, 0, 0, 0, 0, 0, 0, -0.404096, -0.403362, 0.000882775, 0, 0
17451, 0, 0, 0, 0, 0, 0, 0, -0.404096, -0.403485, 0.000734389, 0, 0
17460, 0, 0, 0, 0, 0, 0, 0, -0.404096, -0.403588, 0.000610948, 0, 0
17470, 0, 0, 0, 0, 0, 0, 0, -0.404096, -0.403673, 0.000508249, 0, 0
17480, 0, 0, 0, 0, 0, 0, 0, -0.404096, -0.403744, 0.000422806, 0, 0
17490, 0, 0, 0, 0, 0, 0, 0, -0.404096, -0.403804, 0.000351727, 0, 0
17500, 0, 0, 0, 0, 0, 0, 0, -0.404096, -0.403853, 0.000292599, 0, 0
17510, 0, 0, 0, 0, 0, 0, 0, -0.410438, -0.40496, 0.00658479, 0, 0
17520, 0, 0, 0, 0, 0, 0, 0, -0.386225, -0.40181, -0.0187346, 0, 0
17530, 0, 0, 0, 0, 0, 0, 0, -0.404096, -0.402195, 0.00228581, 0, 0
17541, 0, 0, 0, 0, 0, 0, 0, -0.410438, -0.40358, 0.00824293, 0, 0
17550, 0, 0, 0, 0, 0, 0, 0, -0.404096, -0.403667, 0.000515938, 0, 0
17560, 0, 0, 0, 0, 0, 0, 0, -0.404096, -0.403739, 0.000429213, 0, 0
17570, 0, 0, 0, 0, 0, 0, 0, -0.404096, -0.403799, 0.000357062, 0, 0
17581, 0, 0, 0, 0, 0, 0, 0, -0.404096, -0.403849, 0.00029704, 0, 0
17590, 0, 0, 0, 0, 0, 0, 0, -0.404096, -0.403891, 0.000247121, 0, 0
17600, 0, 0, 0, 0, 0, 0, 0, -0.404096, -0.403925, 0.000205576, 0, 0
17610, 0, 0, 0, 0, 0, 0, 0, -0.404096, -0.403954, 0.000171006, 0, 0
17620, 0, 0, 0, 0, 0, 0, 0, -0.404096, -0.403978, 0.000142246, 0, 0
17630, 0, 0, 0, 0, 0, 0, 0, -0.404096, -0.403998, 0.000118345, 0, 0
17640, 0, 0, 0, 0, 0, 0, 0, -0.404096, -0.404014, 9.84371e-05, 0, 0
17650, 0, 0, 0, 0, 0, 0, 0, -0.410438, -0.405094, 0.00642326, 0, 0
17660, 0, 0, 0, 0, 0, 0, 0, -0.404096, -0.404926, -0.000997841, 0, 0
17670, 0, 0, 0, 0, 0, 0, 0, -0.386225, -0.401783, -0.0187013, 0, 0
17680, 0, 0, 0, 0, 0, 0, 0, -0.404096, -0.402172, 0.00231355, 0, 0
17690, 0, 0, 0, 0, 0, 0, 0, -0.404096, -0.402495, 0.00192463, 0, 0
17700, 0, 0, 0, 0, 0, 0, 0, -0.404096, -0.402764, 0.0016011, 0, 0
17711, 0, 0, 0, 0, 0, 0, 0, -0.404096, -0.402988, 0.00133196, 0, 0
17720, 0, 0, 0, 0, 0, 0, 0, -0.404096, -0.403174, 0.00110805, 0, 0
17730, 0, 0, 0, 0, 0, 0, 0, -0.404096, -0.403329, 0.000921786, 0, 0
17740, 0, 0, 0, 0, 0, 0, 0, -0.404096, -0.403458, 0.000766844, 0, 0
17751, 0, 0, 0, 0, 0, 0, 0, -0.404096, -0.403565, 0.000637949, 0, 0
17760, 0, 0, 0, 0, 0, 0, 0, -0.404096, -0.403655, 0.00053072, 0, 0
17770, 0, 0, 0, 0, 0, 0, 0, -0.404096, -0.403729, 0.000441492, 0, 0
17780, 0, 0, 0, 0, 0, 0, 0, -0.410438, -0.404857, 0.00670865, 0, 0
17790, 0, 0, 0, 0, 0, 0, 0, -0.404096, -0.404729, -0.000760436, 0, 0
17800, 0, 0, 0, 0, 0, 0, 0, -0.386225, -0.401618, -0.0185038, 0, 0
17810, 0, 0, 0, 0, 0, 0, 0, -0.404096, -0.402035, 0.00247785, 0, 0
17820, 0, 0, 0, 0, 0, 0, 0, -0.404096, -0.402381, 0.00206134, 0, 0
17830, 0, 0, 0, 0, 0, 0, 0, -0.404096, -0.40267, 0.00171483, 0, 0
17841, 0, 0, 0, 0, 0, 0, 0, -0.404096, -0.402909, 0.00142658, 0, 0
17850, 0, 0, 0, 0, 0, 0, 0, -0.404096, -0.403109, 0.00118676, 0, 0
17860, 0, 0, 0, 0, 0, 0, 0, -0.404096, -0.403275, 0.000987262, 0, 0
17870, 0, 0, 0, 0, 0, 0, 0, -0.404096, -0.403413, 0.000821292, 0, 0
17881, 0, 0, 0, 0, 0, 0, 0, -0.404096, -0.403528, 0.000683248, 0, 0
17890, 0, 0, 0, 0, 0, 0, 0, -0.404096, -0.403623, 0.00056839, 0, 0
17900, 0, 0, 0, 0, 0, 0, 0, -0.404096, -0.403703, 0.000472844, 0, 0
17910, 0, 0, 0, 0, 0, 0, 0, -0.410438, -0.404835, 0.00673473, 0, 0
17921, 0, 0, 0, 0, 0, 0, 0, -0.404096, -0.404711, -0.00073874, 0, 0
17930, 0, 0, 0, 0, 0, 0, 0, -0.404096, -0.404607, -0.000614554, 0, 0
17940, 0, 0, 0, 0, 0, 0, 0, -0.386225, -0.401517, -0.0183824, 0, 0
17950, 0, 0, 0, 0, 0, 0, 0, -0.404096, -0.401951, 0.00257882, 0, 0
17960, 0, 0, 0, 0, 0, 0, 0, -0.404096, -0.402312, 0.00214532, 0, 0
17970, 0, 0, 0, 0, 0, 0, 0, -0.404096, -0.402611, 0.00178468, 0, 0
17980, 0, 0, 0, 0, 0, 0, 0, -0.404096, -0.402861, 0.00148469, 0, 0
17990, 0, 0, 0, 0, 0, 0, 0, -0.404096, -0.403069, 0.00123513, 0, 0
18000, 0, 0, 0, 0, 0, 0, 0, -0.404096, -0.403241, 0.00102749, 0, 0
18011, 0, 0, 0, 0, 0, 0, 0, -0.404096, -0.403385, 0.00085476, 0, 0
18020, 0, 0, 0, 0, 0, 0, 0, -0.404096, -0.403505, 0.000711083, 0, 0
18030, 0, 0, 0, 0, 0, 0, 0, -0.404096, -0.403604, 0.000591546, 0, 0
18040, 0, 0, 0, 0, 0, 0, 0, -0.410438, -0.404753, 0.00683346, 0, 0
18051, 0, 0, 0, 0, 0, 0, 0, -0.404096, -0.404642, -0.000656605, 0, 0
18060, 0, 0, 0, 0, 0, 0, 0, -0.404096, -0.404551, -0.000546217, 0, 0
18070, 0, 0, 0, 0, 0, 0, 0, -0.380624, -0.400528, -0.0239269, 0, 0
18080, 0, 0, 0, 0, 0, 0, 0, -0.404096, -0.401128, 0.00356773, 0, 0
18091, 0, 0, 0, 0, 0, 0, 0, -0.404096, -0.401627, 0.00296798, 0, 0
18100, 0, 0, 0, 0, 0, 0, 0, -0.404096, -0.402042, 0.00246906, 0, 0
18110, 0, 0, 0, 0, 0, 0, 0, -0.404096, -0.402387, 0.00205401, 0, 0
