QGPIORecord, QRC v6.1.0, 28-11-2025 @ 11:18:19, Windows 10 Version 2009, 10.0.26100, x86_64
Time, ValueIn0, ValueIn1, ValueIn2, ValueIn3, ValueIn4, ValueIn5, ValueIn6, ValueIn7, ValueIn8, ValueIn9, ValueIn10, ValueIn11
830220, 0, 0, 0, 0, 0, 0, 0, 0, 0, 0, 0, 0
830230, 0, 0, 0, 0, 0, 0, 0, 0, 0, 0, 0, 0
830240, 0, 0, 0, 0, 0, 0, 0, 0, 0, 0, 0, 0
830252, 0, 0, -0.350624, 0, 0.350624, 0, 0, 0, 0, 0, 0, 0
830260, 0, 0, 0, 0, 0, 0, 0, 0, 0, 0, 0, 0
830270, 0, 0, 0, 0, 0, 0, 0, 0, 0, 0, 0, 0
830280, 0, 0, 0, 0, 0, 0, 0, 0, 0, 0, 0, 0
830290, 0, 0, 0, 0, 0, 0, 0, 0, 0, 0, 0, 0
830300, 0, 0, 0, 0, 0, 0, 0, 0, 0, 0, 0, 0
830310, 0, 0, 0, 0, 0, 0, 0, 0, 0, 0, 0, 0
830320, 0, 0, 0, 0, 0, 0, 0, 0, 0, 0, 0, 0
830330, 0, 0, 0, 0, 0, 0, 0, 0, 0, 0, 0, 0
830341, 0, 0, 0, 0, 0, 0, 0, 0, 0, 0, 0, 0
830350, 0, 0, 0, 0, 0, 0, 0, 0, 0, 0, 0, 0
830360, 0, 0, 0, 0, 0, 0, 0, 0, 0, 0, 0, 0
830370, 0, 0, 0, 0, 0, 0, 0, 0, 0, 0, 0, 0
830381, 0, 0, 0, 0, 0, 0, 0, 0, 0, 0, 0, 0
830390, 0, 0, 0, 0, 0, 0, 0, 0, 0, 0, 0, 0
830400, 0, 0, 0, 0, 0, 0, 0, 0, 0, 0, 0, 0
830410, 0, 0, 0, 0, 0, 0, 0, 0, 0, 0, 0, 0
830420, 0, 0, 0, 0, 0, 0, 0, 0, 0, 0, 0, 0
830430, 0, 0, 0, 0, 0, 0, 0, 0, 0, 0, 0, 0
830440, 0, 0, 0, 0, 0, 0, 0, 0, 0, 0, 0, 0
830450, 0, 0, 0, 0, 0, 0, 0, 0, 0, 0, 0, 0
830460, 0, 0, 0, 0, 0, 0, 0, 0, 0, 0, 0, 0
830471, 0, 0, 0, 0, 0, 0, 0, 0, 0, 0, 0, 0
830480, 0, 0, 0, 0, 0, 0, 0, 0, 0, 0, 0, 0
830490, 0, 0, 0, 0, 0, 0, 0, 0, 0, 0, 0, 0
830500, 0, 0, 0, 0, 0, 0, 0, 0, 0, 0, 0, 0
830511, 0, 0, 0, 0, 0, 0, 0, 0, 0, 0, 0, 0
830520, 0, 0, 0, 0, 0, 0, 0, 0, 0, 0, 0, 0
830530, 0, 0, 0, 0, 0, 0, 0, 0, 0, 0, 0, 0
830540, 0, 0, 0, 0, 0, 0, 0, 0, 0, 0, 0, 0
830551, 0, 0, 0, 0, 0, 0, 0, 0, 0, 0, 0, 0
830560, 0, 0, 0, 0, 0, 0, 0, 0, 0, 0, 0, 0
830570, 0, 0, 0, 0, 0, 0, 0, 0, 0, 0, 0, 0
830580, 0, 0, 0, 0, 0, 0, 0, 0, 0, 0, 0, 0
830590, 0, 0, 0, 0, 0, 0, 0, 0, 0, 0, 0, 0
830600, 0, 0, 0, 0, 0, 0, 0, 0, 0, 0, 0, 0
830610, 0, 0, 0, 0, 0, 0, 0, 0, 0, 0, 0, 0
830620, 0, 0, 0, 0, 0, 0, 0, 0, 0, 0, 0, 0
830630, 0, 0, 0, 0, 0, 0, 0, 0, 0, 0, 0, 0
830641, 0, 0, 0, 0, 0, 0, 0, 0, 0, 0, 0, 0
830650, 0, 0, 0, 0, 0, 0, 0, 0, 0, 0, 0, 0
830660, 0, 0, 0, 0, 0, 0, 0, 0, 0, 0, 0, 0
830670, 0, 0, 0, 0, 0, 0, 0, 0, 0, 0, 0, 0
830681, 0, 0, 0, 0, 0, 0, 0, 0, 0, 0, 0, 0
830690, 0, 0, 0, 0, 0, 0, 0, 0, 0, 0, 0, 0
830700, 0, 0, 0, 0, 0, 0, 0, 0, 0, 0, 0, 0
830710, 0, 0, 0, 0, 0, 0, 0, 0, 0, 0, 0, 0
830721, 0, 0, 0, 0, 0, 0, 0, 0, 0, 0, 0, 0
830730, 0, 0, 0, 0, 0, 0, 0, 0, 0, 0, 0, 0
830740, 0, 0, 0, 0, 0, 0, 0, 0, 0, 0, 0, 0
830750, 0, 0, 0, 0, 0, 0, 0, 0, 0, 0, 0, 0
830760, 0, 0, 0, 0, 0, 0, 0, 0, 0, 0, 0, 0
830770, 0, 0, 0, 0, 0, 0, 0, 0, 0, 0, 0, 0
830780, 0, 0, 0, 0, 0, 0, 0, 0, 0, 0, 0, 0
830790, 0, 0, 0, 0, 0, 0, 0, 0, 0, 0, 0, 0
830800, 0, 0, 0, 0, 0, 0, 0, 0, 0, 0, 0, 0
830811, 0, 0, 0, 0, 0, 0, 0, 0, 0, 0, 0, 0
830820, 0, 0, 0, 0, 0, 0, 0, 0, 0, 0, 0, 0
830830, 0, 0, 0, 0, 0, 0, 0, 0, 0, 0, 0, 0
830840, 0, 0, 0, 0, 0, 0, 0, 0, 0, 0, 0, 0
830851, 0, 0, 0, 0, 0, 0, 0, 0, 0, 0, 0, 0
830860, 0, 0, 0, 0, 0, 0, 0, 0, 0, 0, 0, 0
830870, 0, 0, 0, 0, 0, 0, 0, 0, 0, 0, 0, 0
830880, 0, 0, 0, 0, 0, 0, 0, 0, 0, 0, 0, 0
830891, 0, 0, 0, 0, 0, 0, 0, 0, 0, 0, 0, 0
830900, 0, 0, 0, 0, 0, 0, 0, 0, 0, 0, 0, 0
830910, 0, 0, 0, 0, 0, 0, 0, 0, 0, 0, 0, 0
830920, 0, 0, 0, 0, 0, 0, 0, 0, 0, 0, 0, 0
830930, 0, 0, 0, 0, 0, 0, 0, 0, 0, 0, 0, 0
830940, 0, 0, 0, 0, 0, 0, 0, 0, 0, 0, 0, 0
830950, 0, 0, 0, 0, 0, 0, 0, 0, 0, 0, 0, 0
830960, 0, 0, 0, 0, 0, 0, 0, 0, 0, 0, 0, 0
830970, 0, 0, 0, 0, 0, 0, 0, 0, 0, 0, 0, 0
830981, 0, 0, 0, 0, 0, 0, 0, 0, 0, 0, 0, 0
830990, 0, 0, 0, 0, 0, 0, 0, 0, 0, 0, 0, 0
831000, 0, 0, 0, 0, 0, 0, 0, 0, 0, 0, 0, 0
831010, 0, 0, 0, 0, 0, 0, 0, 0, 0, 0, 0, 0
831021, 0, 0, 0, 0, 0, 0, 0, 0, 0, 0, 0, 0
831030, 0, 0, 0, 0, 0, 0, 0, 0, 0, 0, 0, 0
831040, 0, 0, 0, 0, 0, 0, 0, 0, 0, 0, 0, 0
831050, 0, 0, 0, 0, 0, 0, 0, 0, 0, 0, 0, 0
831060, 0, 0, 0, 0, 0, 0, 0, 0, 0, 0, 0, 0
831070, 0, 0, 0, 0, 0, 0, 0, 0, 0, 0, 0, 0
831080, 0, 0, 0, 0, 0, 0, 0, 0, 0, 0, 0, 0
831090, 0, 0, 0, 0, 0, 0, 0, 0, 0, 0, 0, 0
831100, 0, 0, 0, 0, 0, 0, 0, 0, 0, 0, 0, 0
831111, 0, 0, 0, 0, 0, 0, 0, 0, 0, 0, 0, 0
831120, 0, 0, 0, 0, 0, 0, 0, 0, 0, 0, 0, 0
831130, 0, 0, 0, 0, 0, 0, 0, 0, 0, 0, 0, 0
831140, 0, 0, 0, 0, 0, 0, 0, 0, 0, 0, 0, 0
831151, 0, 0, 0, 0, 0, 0, 0, 0, 0, 0, 0, 0
831160, 0, 0, 0, 0, 0, 0, 0, 0, 0, 0, 0, 0
831170, 0, 0, 0, 0, 0, 0, 0, 0, 0, 0, 0, 0
831180, 0, 0, 0, 0, 0, 0, 0, 0, 0, 0, 0, 0
831191, 0, 0, 0, 0, 0, 0, 0, 0, 0, 0, 0, 0
831200, 0, 0, 0, 0, 0, 0, 0, 0, 0, 0, 0, 0
831210, 0, 0, 0, 0, 0, 0, 0, 0, 0, 0, 0, 0
831220, 0, 0, 0, 0, 0, 0, 0, 0, 0, 0, 0, 0
831230, 0, 0, 0, 0, 0, 0, 0, 0, 0, 0, 0, 0
831240, 0, 0, 0, 0, 0, 0, 0, 0, 0, 0, 0, 0
831250, 0, 0, 0, 0, 0, 0, 0, 0, 0, 0, 0, 0
831260, 0, 0, 0, 0, 0, 0, 0, 0, 0, 0, 0, 0
831270, 0, 0, 0, 0, 0, 0, 0, 0, 0, 0, 0, 0
831281, 0, 0, 0, 0, 0, 0, 0, 0, 0, 0, 0, 0
831290, 0, 0, 0, 0, 0, 0, 0, 0, 0, 0, 0, 0
831300, 0, 0, 0, 0, 0, 0, 0, 0, 0, 0, 0, 0
831310, 0, 0, 0, 0, 0, 0, 0, 0, 0, 0, 0, 0
831321, 0, 0, 0, 0, 0, 0, 0, 0, 0, 0, 0, 0
831330, 0, 0, 0, 0, 0, 0, 0, 0, 0, 0, 0, 0
831340, 0, 0, 0, 0, 0, 0, 0, 0, 0, 0, 0, 0
831350, 0, 0, 0, 0, 0, 0, 0, 0, 0, 0, 0, 0
831361, 0, 0, 0, 0, 0, 0, 0, 0, 0, 0, 0, 0
831370, 0, 0, 0, 0, 0, 0, 0, 0, 0, 0, 0, 0
831380, 0, 0, 0, 0, 0, 0, 0, 0, 0, 0, 0, 0
831390, 0, 0, 0, 0, 0, 0, 0, 0, 0, 0, 0, 0
831400, 0, 0, 0, 0, 0, 0, 0, 0, 0, 0, 0, 0
831410, 0, 0, 0, 0, 0, 0, 0, 0, 0, 0, 0, 0
831420, 0, 0, 0, 0, 0, 0, 0, 0, 0, 0, 0, 0
831430, 0, 0, 0, 0, 0, 0, 0, 0, 0, 0, 0, 0
831440, 0, 0, 0, 0, 0, 0, 0, 0, 0, 0, 0, 0
831451, 0, 0, 0, 0, 0, 0, 0, 0, 0, 0, 0, 0
831460, 0, 0, 0, 0, 0, 0, 0, 0, 0, 0, 0, 0
831470, 0, 0, 0, 0, 0, 0, 0, 0, 0, 0, 0, 0
831480, 0, 0, 0, 0, 0, 0, 0, 0, 0, 0, 0, 0
831491, 0, 0, 0, 0, 0, 0, 0, 0, 0, 0, 0, 0
831500, 0, 0, 0, 0, 0, 0, 0, 0, 0, 0, 0, 0
831510, 0, 0, 0, 0, 0, 0, 0, 0, 0, 0, 0, 0
831520, 0, 0, 0, 0, 0, 0, 0, 0, 0, 0, 0, 0
831531, 0, 0, 0, 0, 0, 0, 0, 0, 0, 0, 0, 0
831540, 0, 0, 0, 0, 0, 0, 0, 0, 0, 0, 0, 0
831550, 0, 0, 0, 0, 0, 0, 0, 0, 0, 0, 0, 0
831560, 0, 0, 0, 0, 0, 0, 0, 0, 0, 0, 0, 0
831570, 0, 0, 0, 0, 0, 0, 0, 0, 0, 0, 0, 0
831580, 0, 0, 0, 0, 0, 0, 0, 0, 0, 0, 0, 0
831590, 0, 0, 0, 0, 0, 0, 0, 0, 0, 0, 0, 0
831600, 0, 0, 0, 0, 0, 0, 0, 0, 0, 0, 0, 0
831610, 0, 0, 0, 0, 0, 0, 0, 0, 0, 0, 0, 0
831621, 0, 0, 0, 0, 0, 0, 0, 0, 0, 0, 0, 0
831630, 0, 0, 0, 0, 0, 0, 0, 0, 0, 0, 0, 0
831640, 0, 0, 0, 0, 0, 0, 0, 0, 0, 0, 0, 0
831650, 0, 0, 0, 0, 0, 0, 0, 0, 0, 0, 0, 0
831661, 0, 0, 0, 0, 0, 0, 0, 0, 0, 0, 0, 0
831670, 0, 0, 0, 0, 0, 0, 0, 0, 0, 0, 0, 0
831680, 0, 0, 0, 0, 0, 0, 0, 0, 0, 0, 0, 0
831690, 0, 0, 0, 0, 0, 0, 0, 0, 0, 0, 0, 0
831700, 0, 0, 0, 0, 0, 0, 0, 0, 0, 0, 0, 0
831711, 0, 0, 0, 0, 0, 0, 0, 0, 0, 0, 0, 0
831720, 10, 0, 0, 10, 10, 6.39426, 6.23161, 0, 0, 0, 0, 0
831730, 10, 0, 0, 10, 10, 6.8884, 6.71318, 0, 0, 0, 0, 0
831740, 10, 3.50624, 3.83232, 6.49376, 6.16768, 5.14056, 4.8066, 0, 0, 0, 0, 0
831751, 10, 8.05734, 7.70672, 1.94266, 2.29328, 2.55135, 2.68924, 0, 0, 0, 0, 0
831761, 10, 8.77262, 8.77262, 1.22738, 1.22738, 2.18998, 2.13545, 0, 0, 0, 0, 0
831770, 10, 7.00547, 6.66186, 2.99453, 3.33814, 3.38059, 3.5099, 0, 0, 0, 0, 0
831780, 10, 4.20749, 4.90523, 5.79251, 5.09477, 5.31766, 4.76532, 0, 0, 0, 0, 0
831791, 10, 4.20749, 4.20749, 5.79251, 5.79251, 5.60389, 5.44547, 0, 0, 0, 0, 0
831801, 10, 5.59596, 5.60297, 4.40404, 4.39703, 5.0023, 4.85481, 0, 0, 0, 0, 0
831810, 10, 7.38064, 7.023, 2.61936, 2.977, 4.07875, 4.18165, 0, 0, 0, 0, 0
831820, 10, 8.06436, 8.07137, 1.93564, 1.92863, 3.771, 3.67171, 0, 0, 0, 0, 0
831831, 10, 7.3561, 7.34908, 2.6439, 2.65092, 4.31952, 4.21469, 0, 0, 0, 0, 0
831841, 10, 6.65134, 6.65835, 3.34866, 3.34165, 4.90081, 4.77279, 0, 0, 0, 0, 0
831850, 10, 6.31474, 6.30422, 3.68526, 3.69578, 5.28151, 5.15439, 0, 0, 0, 0, 0
831860, 10, 6.66537, 7.02651, 3.33463, 2.97349, 5.23941, 4.88227, 0, 0, 0, 0, 0
831870, 10, 7.36311, 7.71373, 2.63689, 2.28627, 4.95804, 4.59721, 0, 0, 0, 0, 0
831881, 10, 8.39044, 8.03631, 1.60956, 1.96369, 4.43144, 4.5063, 0, 0, 0, 0, 0
831890, 10, 8.0889, 7.73477, 1.9111, 2.26523, 4.70378, 4.78877, 0, 0, 0, 0, 0
831900, 10, 7.35259, 7.70672, 2.64741, 2.29328, 5.26903, 4.91534, 0, 0, 0, 0, 0
831910, 10, 7.71373, 7.70672, 2.28627, 2.29328, 5.16893, 5.02577, 0, 0, 0, 0, 0
831921, 10, 7.71023, 7.71724, 2.28977, 2.28276, 5.28414, 5.12966, 0, 0, 0, 0, 0
831931, 10, 8.41147, 8.05734, 1.58853, 1.94266, 4.94889, 5.02765, 0, 0, 0, 0, 0
831940, 10, 8.41498, 8.41849, 1.58502, 1.58151, 5.02515, 4.89615, 0, 0, 0, 0, 0
831950, 10, 8.07137, 8.41849, 1.92863, 1.58151, 5.32318, 4.97231, 0, 0, 0, 0, 0
831961, 10, 8.06436, 8.06436, 1.93564, 1.93564, 5.42297, 5.26915, 0, 0, 0, 0, 0
831971, 10, 8.40096, 8.39745, 1.59904, 1.60255, 5.30339, 5.1548, 0, 0, 0, 0, 0
831980, 10, 8.77262, 8.41849, 1.22738, 1.58151, 5.14475, 5.21886, 0, 0, 0, 0, 0
831990, 10, 8.41498, 8.41498, 1.58502, 1.58502, 5.43408, 5.29721, 0, 0, 0, 0, 0
832001, 10, 8.76911, 8.41498, 1.23089, 1.58502, 5.28596, 5.37354, 0, 0, 0, 0, 0
832011, 10, 8.7656, 8.75859, 1.2344, 1.24141, 5.34903, 5.23574, 0, 0, 0, 0, 0
832020, 10, 9.10922, 9.10922, 0.890783, 0.890783, 5.19031, 5.07703, 0, 0, 0, 0, 0
832030, 10, 9.11623, 8.7656, 0.883771, 1.2344, 5.22984, 5.33405, 0, 0, 0, 0, 0
832040, 10, 9.46685, 8.42199, 0.533147, 1.57801, 5.04932, 5.60762, 0, 0, 0, 0, 0
832051, 10, 9.46685, 8.7656, 0.533147, 1.2344, 5.07566, 5.46949, 0, 0, 0, 0, 0
832060, 10, 9.12675, 9.11623, 0.873253, 0.883771, 5.31948, 5.31044, 0, 0, 0, 0, 0
832070, 10, 9.11623, 9.11623, 0.883771, 0.883771, 5.36936, 5.353, 0, 0, 0, 0, 0
832080, 10, 9.45984, 9.11973, 0.540159, 0.880265, 5.19331, 5.39337, 0, 0, 0, 0, 0
832091, 10, 9.80696, 8.7621, 0.193042, 1.2379, 4.99805, 5.65863, 0, 0, 0, 0, 0
832101, 10, 9.45633, 9.1022, 0.543666, 0.897797, 5.23178, 5.5063, 0, 0, 0, 0, 0
832110, 10, 9.47387, 9.47387, 0.526134, 0.526134, 5.24744, 5.31793, 0, 0, 0, 0, 0
832120, 10, 9.47387, 9.46685, 0.526134, 0.533147, 5.27344, 5.34764, 0, 0, 0, 0, 0
832131, 10, 9.45633, 9.10571, 0.543666, 0.89429, 5.31065, 5.59836, 0, 0, 0, 0, 0
832141, 10, 9.79995, 9.10571, 0.200054, 0.89429, 5.1178, 5.64143, 0, 0, 0, 0, 0
832150, 10, 9.81748, 9.47036, 0.182523, 0.529641, 5.11647, 5.45726, 0, 0, 0, 0, 0
832160, 10, 9.4914, 9.47737, 0.508603, 0.522629, 5.334, 5.4784, 0, 0, 0, 0, 0
832171, 10, 9.44582, 9.10571, 0.554185, 0.89429, 5.38827, 5.73517, 0, 0, 0, 0, 0
832181, 10, 9.47387, 9.81748, 0.526134, 0.182523, 5.39772, 5.33469, 0, 0, 0, 0, 0
832190, 10, 9.47737, 9.48088, 0.522629, 0.519122, 5.42148, 5.55324, 0, 0, 0, 0, 0
832200, 10, 9.79995, 9.45633, 0.200054, 0.543666, 5.24104, 5.59353, 0, 0, 0, 0, 0
832210, 10, 9.81748, 9.81748, 0.182523, 0.182523, 5.23972, 5.39466, 0, 0, 0, 0, 0
832221, 10, 9.80345, 9.79995, 0.196548, 0.200054, 5.2577, 5.41438, 0, 0, 0, 0, 0
832231, 10, 9.48438, 9.82098, 0.515615, 0.179017, 5.47144, 5.4109, 0, 0, 0, 0, 0
832240, 10, 9.82098, 9.48789, 0.179017, 0.51211, 5.28169, 5.62709, 0, 0, 0, 0, 0
832250, 10, 9.47036, 9.81748, 0.529641, 0.182523, 5.51473, 5.44637, 0, 0, 0, 0, 0
832261, 10, 9.80696, 9.80696, 0.193042, 0.193042, 5.32567, 5.46171, 0, 0, 0, 0, 0
832271, 10, 9.80696, 9.80696, 0.193042, 0.193042, 5.33521, 5.47101, 0, 0, 0, 0, 0
832280, 10, 9.47737, 9.47036, 0.522629, 0.529641, 5.5555, 5.69006, 0, 0, 0, 0, 0
832290, 10, 9.80345, 9.80345, 0.196548, 0.196548, 5.37282, 5.508, 0, 0, 0, 0, 0
832301, 10, 9.81748, 9.81748, 0.182523, 0.182523, 5.37356, 5.50872, 0, 0, 0, 0, 0
832311, 10, 9.82098, 10.1821, 0.179017, -0.182126, 5.38034, 5.29028, 0, 0, 0, 0, 0
832320, 10, 9.82098, 9.82098, 0.179017, 0.179017, 5.38918, 5.50655, 0, 0, 0, 0, 0
832330, 10, 9.82098, 9.81748, 0.179017, 0.182523, 5.39803, 5.51736, 0, 0, 0, 0, 0
832340, 10, 9.47036, 9.47036, 0.529641, 0.529641, 5.63107, 5.74246, 0, 0, 0, 0, 0
832351, 10, 9.79644, 10.1506, 0.20356, -0.15057, 5.44874, 5.34409, 0, 0, 0, 0, 0
832360, 10, 9.81046, 10.1541, 0.189535, -0.154077, 5.44983, 5.33465, 0, 0, 0, 0, 0
832370, 10, 9.81748, 10.1751, 0.182523, -0.175114, 5.45471, 5.31412, 0, 0, 0, 0, 0
832380, 10, 9.82449, 9.82449, 0.17551, 0.17551, 5.45925, 5.52418, 0, 0, 0, 0, 0
832391, 10, 9.81046, 9.80696, 0.189535, 0.193042, 5.47689, 5.54356, 0, 0, 0, 0, 0
832401, 10, 9.8315, 9.828, 0.168498, 0.172004, 5.4728, 5.53975, 0, 0, 0, 0, 0
832410, 10, 10.1681, 10.1611, -0.168101, -0.161089, 5.2659, 5.34046, 0, 0, 0, 0, 0
832420, 10, 9.80345, 9.81748, 0.196548, 0.182523, 5.49076, 5.54683, 0, 0, 0, 0, 0
832431, 10, 9.47036, 9.82098, 0.529641, 0.179017, 5.71346, 5.55343, 0, 0, 0, 0, 0
832441, 10, 10.1716, 9.82098, -0.171608, 0.179017, 5.29123, 5.56205, 0, 0, 0, 0, 0
832450, 10, 9.82098, 10.1716, 0.179017, -0.171608, 5.50695, 5.35218, 0, 0, 0, 0, 0
832460, 10, 9.81748, 10.1541, 0.182523, -0.154077, 5.51804, 5.35484, 0, 0, 0, 0, 0
832471, 10, 9.80345, 9.80345, 0.196548, 0.196548, 5.53603, 5.56591, 0, 0, 0, 0, 0
832481, 10, 10.1506, 9.81046, -0.15057, 0.189535, 5.32378, 5.57101, 0, 0, 0, 0, 0
832490, 10, 9.828, 10.1681, 0.172004, -0.168101, 5.5226, 5.35727, 0, 0, 0, 0, 0
832500, 10, 9.82449, 10.1751, 0.17551, -0.175114, 5.53335, 5.34481, 0, 0, 0, 0, 0
832510, 10, 9.82098, 9.81748, 0.179017, 0.182523, 5.54426, 5.55924, 0, 0, 0, 0, 0
832521, 10, 9.79293, 9.80696, 0.207067, 0.193042, 5.57104, 5.57458, 0, 0, 0, 0, 0
832530, 10, 9.84202, 10.1821, 0.157979, -0.182126, 5.54989, 5.35009, 0, 0, 0, 0, 0
832540, 10, 10.1681, 9.828, -0.168101, 0.172004, 5.34919, 5.562, 0, 0, 0, 0, 0
832550, 10, 9.81046, 10.1506, 0.189535, -0.15057, 5.56956, 5.36927, 0, 0, 0, 0, 0
832561, 10, 9.81046, 9.82098, 0.189535, 0.179017, 5.57893, 5.5674, 0, 0, 0, 0, 0
832571, 10, 9.81046, 9.81046, 0.189535, 0.189535, 5.5883, 5.58258, 0, 0, 0, 0, 0
832580, 10, 10.1576, 10.1611, -0.157582, -0.161089, 5.37571, 5.37321, 0, 0, 0, 0, 0
832590, 10, 9.828, 9.82449, 0.172004, 0.17551, 5.57866, 5.57521, 0, 0, 0, 0, 0
832601, 10, 9.828, 10.1716, 0.172004, -0.171608, 5.58716, 5.36735, 0, 0, 0, 0, 0
832611, 10, 10.1471, 9.80696, -0.147064, 0.193042, 5.39164, 5.58632, 0, 0, 0, 0, 0
832620, 10, 9.83501, 10.1716, 0.164991, -0.171608, 5.58391, 5.36838, 0, 0, 0, 0, 0
832630, 10, 10.1541, 9.82098, -0.154077, 0.179017, 5.38805, 5.57861, 0, 0, 0, 0, 0
832641, 10, 9.81748, 10.1541, 0.182523, -0.154077, 5.59566, 5.37966, 0, 0, 0, 0, 0
832651, 10, 9.79644, 9.80345, 0.20356, 0.196548, 5.61813, 5.59074, 0, 0, 0, 0, 0
832660, 10, 9.84202, 10.1856, 0.157979, -0.185633, 5.59905, 5.36204, 0, 0, 0, 0, 0
832670, 10, 10.1681, 9.828, -0.168101, 0.172004, 5.39835, 5.57597, 0, 0, 0, 0, 0
832680, 10, 9.80345, 10.1506, 0.196548, -0.15057, 5.62321, 5.38324, 0, 0, 0, 0, 0
832691, 10, 9.81046, 9.80345, 0.189535, 0.196548, 5.62844, 5.5923, 0, 0, 0, 0, 0
832700, 10, 10.1751, 9.828, -0.175114, 0.172004, 5.40464, 5.58647, 0, 0, 0, 0, 0
832710, 10, 9.828, 10.1821, 0.172004, -0.182126, 5.61794, 5.37407, 0, 0, 0, 0, 0
832720, 10, 10.1506, 10.1506, -0.15057, -0.15057, 5.42018, 5.38496, 0, 0, 0, 0, 0
832731, 10, 9.82098, 10.1611, 0.179017, -0.161089, 5.62348, 5.37116, 0, 0, 0, 0, 0
832741, 10, 10.1576, 9.81748, -0.157582, 0.182523, 5.4171, 5.57753, 0, 0, 0, 0, 0
832750, 10, 10.1856, 9.83501, -0.185633, 0.164991, 5.39138, 5.57539, 0, 0, 0, 0, 0
832760, 10, 9.78943, 10.1436, 0.210573, -0.143558, 5.63555, 5.39106, 0, 0, 0, 0, 0
832771, 10, 10.1751, 9.82098, -0.175114, 0.179017, 5.39933, 5.58516, 0, 0, 0, 0, 0
832781, 10, 9.82449, 10.1751, 0.17551, -0.175114, 5.61488, 5.3731, 0, 0, 0, 0, 0
832790, 10, 10.1751, 9.82449, -0.175114, 0.17551, 5.39935, 5.58317, 0, 0, 0, 0, 0
832800, 10, 9.81046, 9.80345, 0.189535, 0.196548, 5.62387, 5.60473, 0, 0, 0, 0, 0
832811, 10, 9.79995, 10.1611, 0.200054, -0.161089, 5.63996, 5.39133, 0, 0, 0, 0, 0
832821, 10, 10.1681, 10.1681, -0.168101, -0.168101, 5.41444, 5.3792, 0, 0, 0, 0, 0
832830, 10, 9.828, 9.82098, 0.172004, 0.179017, 5.6236, 5.58742, 0, 0, 0, 0, 0
832840, 10, 9.82449, 9.828, 0.17551, 0.172004, 5.63434, 5.59167, 0, 0, 0, 0, 0
832850, 10, 10.1541, 10.1471, -0.154077, -0.147064, 5.43227, 5.40112, 0, 0, 0, 0, 0
832861, 10, 10.1611, 9.82098, -0.161089, 0.179017, 5.42017, 5.59724, 0, 0, 0, 0, 0
832871, 10, 9.82449, 10.1716, 0.17551, -0.171608, 5.62744, 5.38736, 0, 0, 0, 0, 0
832880, 10, 9.82449, 10.1681, 0.17551, -0.168101, 5.63611, 5.38128, 0, 0, 0, 0, 0
832890, 10, 10.1681, 9.82098, -0.168101, 0.179017, 5.42507, 5.5895, 0, 0, 0, 0, 0
832901, 10, 9.81748, 9.81748, 0.182523, 0.182523, 5.64096, 5.60031, 0, 0, 0, 0, 0
832911, 10, 9.79995, 9.81046, 0.200054, 0.189535, 5.66119, 5.61346, 0, 0, 0, 0, 0
832920, 10, 9.46685, 9.81748, 0.533147, 0.182523, 5.88407, 5.61822, 0, 0, 0, 0, 0
832930, 10, 9.81748, 9.81748, 0.182523, 0.182523, 5.68621, 5.62701, 0, 0, 0, 0, 0
832941, 10, 9.82098, 9.46685, 0.179017, 0.533147, 5.69299, 5.8543, 0, 0, 0, 0, 0
832951, 10, 10.1751, 9.81748, -0.175114, 0.182523, 5.4754, 5.66148, 0, 0, 0, 0, 0
832960, 10, 9.81748, 10.1611, 0.182523, -0.161089, 5.69543, 5.45614, 0, 0, 0, 0, 0
832970, 10, 9.80696, 9.82449, 0.193042, 0.17551, 5.71117, 5.65814, 0, 0, 0, 0, 0
832980, 10, 9.82098, 9.81748, 0.179017, 0.182523, 5.71174, 5.67096, 0, 0, 0, 0, 0
832991, 10, 9.45984, 9.81046, 0.540159, 0.189535, 5.95151, 5.68412, 0, 0, 0, 0, 0
833000, 10, 9.828, 10.1751, 0.172004, -0.175114, 5.7428, 5.46601, 0, 0, 0, 0, 0
833010, 10, 10.1716, 9.82449, -0.171608, 0.17551, 5.53158, 5.67607, 0, 0, 0, 0, 0
833020, 10, 10.1506, 10.1436, -0.15057, -0.143558, 5.53655, 5.4857, 0, 0, 0, 0, 0
833031, 10, 9.80345, 9.81046, 0.196548, 0.189535, 5.75107, 5.68635, 0, 0, 0, 0, 0
833041, 10, 9.47387, 9.81748, 0.526134, 0.182523, 5.97153, 5.69111, 0, 0, 0, 0, 0
833050, 10, 9.8315, 10.1821, 0.168498, -0.182126, 5.76884, 5.47267, 0, 0, 0, 0, 0
833060, 10, 10.1576, 10.1576, -0.157582, -0.157582, 5.56867, 5.47919, 0, 0, 0, 0, 0
833071, 10, 10.1611, 9.82098, -0.161089, 0.179017, 5.55864, 5.68136, 0, 0, 0, 0, 0
833081, 10, 10.1541, 9.80345, -0.154077, 0.196548, 5.55516, 5.7009, 0, 0, 0, 0, 0
833090, 10, 9.828, 10.1786, 0.172004, -0.17862, 5.75605, 5.47658, 0, 0, 0, 0, 0
833100, 10, 9.81748, 9.82098, 0.182523, 0.179017, 5.77128, 5.69084, 0, 0, 0, 0, 0
833111, 10, 9.81046, 10.1576, 0.189535, -0.157582, 5.78478, 5.48971, 0, 0, 0, 0, 0
833121, 10, 10.1681, 9.81748, -0.168101, 0.182523, 5.56546, 5.69406, 0, 0, 0, 0, 0
833130, 10, 9.82449, 9.80696, 0.17551, 0.193042, 5.77687, 5.7094, 0, 0, 0, 0, 0
833140, 10, 10.1716, 9.83501, -0.171608, 0.164991, 5.56359, 5.70122, 0, 0, 0, 0, 0
833150, 10, 9.80696, 10.1576, 0.193042, -0.157582, 5.78827, 5.50815, 0, 0, 0, 0, 0
833161, 10, 9.81046, 10.1611, 0.189535, -0.161089, 5.79557, 5.49837, 0, 0, 0, 0, 0
833170, 10, 10.1751, 10.1681, -0.175114, -0.168101, 5.57177, 5.48625, 0, 0, 0, 0, 0
833180, 10, 9.82449, 9.82449, 0.17551, 0.17551, 5.78731, 5.69228, 0, 0, 0, 0, 0
833190, 10, 9.81748, 9.81748, 0.182523, 0.182523, 5.80047, 5.7051, 0, 0, 0, 0, 0
833201, 10, 10.1576, 9.81748, -0.157582, 0.182523, 5.59202, 5.71389, 0, 0, 0, 0, 0
833211, 10, 9.81046, 10.1611, 0.189535, -0.161089, 5.80619, 5.50855, 0, 0, 0, 0, 0
833220, 10, 10.1786, 9.828, -0.17862, 0.172004, 5.58015, 5.70837, 0, 0, 0, 0, 0
833230, 10, 9.80696, 10.1611, 0.193042, -0.161089, 5.80897, 5.50908, 0, 0, 0, 0, 0
833241, 10, 10.1611, 10.1611, -0.161089, -0.161089, 5.59207, 5.50132, 0, 0, 0, 0, 0
833251, 10, 10.1611, 10.1576, -0.161089, -0.157582, 5.58411, 5.49575, 0, 0, 0, 0, 0
833260, 10, 9.8315, 9.82449, 0.168498, 0.17551, 5.78689, 5.69573, 0, 0, 0, 0, 0
833270, 10, 9.81748, 9.81748, 0.182523, 0.182523, 5.80419, 5.70855, 0, 0, 0, 0, 0
833281, 10, 10.1576, 9.81748, -0.157582, 0.182523, 5.59574, 5.71734, 0, 0, 0, 0, 0
833291, 10, 9.80696, 10.1611, 0.193042, -0.161089, 5.81215, 5.51201, 0, 0, 0, 0, 0
833300, 10, 10.1751, 9.81748, -0.175114, 0.182523, 5.58628, 5.71837, 0, 0, 0, 0, 0
833310, 10, 9.828, 10.1821, 0.172004, -0.182126, 5.79958, 5.49993, 0, 0, 0, 0, 0
833320, 10, 9.81046, 9.79995, 0.189535, 0.200054, 5.81929, 5.72932, 0, 0, 0, 0, 0
833331, 10, 10.1436, 10.1541, -0.143558, -0.154077, 5.61567, 5.51827, 0, 0, 0, 0, 0
833341, 10, 10.1821, 9.82449, -0.182126, 0.17551, 5.58391, 5.71624, 0, 0, 0, 0, 0
833350, 10, 9.828, 10.1751, 0.172004, -0.175114, 5.80135, 5.50619, 0, 0, 0, 0, 0
833360, 10, 10.1541, 9.82098, -0.154077, 0.179017, 5.60135, 5.71844, 0, 0, 0, 0, 0
833371, 10, 10.1751, 9.82098, -0.175114, 0.179017, 5.58028, 5.72706, 0, 0, 0, 0, 0
833381, 10, 9.79995, 10.1436, 0.200054, -0.143558, 5.81152, 5.53467, 0, 0, 0, 0, 0
833390, 10, 9.82449, 10.1716, 0.17551, -0.171608, 5.80571, 5.51027, 0, 0, 0, 0, 0
833400, 10, 10.1681, 9.8315, -0.168101, 0.168498, 5.59467, 5.71395, 0, 0, 0, 0, 0
833411, 10, 10.1786, 9.82449, -0.17862, 0.17551, 5.57964, 5.72643, 0, 0, 0, 0, 0
833421, 10, 9.79644, 10.1365, 0.20356, -0.136545, 5.81519, 5.54043, 0, 0, 0, 0, 0
833430, 10, 10.1576, 10.1681, -0.157582, -0.168101, 5.59432, 5.51419, 0, 0, 0, 0, 0
833440, 10, 9.8315, 9.8315, 0.168498, 0.168498, 5.79504, 5.71585, 0, 0, 0, 0, 0
833451, 10, 10.1751, 9.828, -0.175114, 0.172004, 5.58365, 5.72614, 0, 0, 0, 0, 0
833461, 10, 9.80696, 9.79644, 0.193042, 0.20356, 5.81041, 5.75409, 0, 0, 0, 0, 0
833470, 10, 10.1541, 10.1576, -0.154077, -0.157582, 5.59799, 5.53885, 0, 0, 0, 0, 0
833480, 10, 9.828, 10.1821, 0.172004, -0.182126, 5.79888, 5.51596, 0, 0, 0, 0, 0
833490, 10, 9.82449, 10.1681, 0.17551, -0.168101, 5.80962, 5.51593, 0, 0, 0, 0, 0
833501, 10, 10.1611, 9.79995, -0.161089, 0.200054, 5.60307, 5.73726, 0, 0, 0, 0, 0
833511, 10, 10.1436, 9.81748, -0.143558, 0.182523, 5.60632, 5.73597, 0, 0, 0, 0, 0
833520, 10, 9.82449, 10.1716, 0.17551, -0.171608, 5.80324, 5.52408, 0, 0, 0, 0, 0
833530, 10, 9.83501, 9.82449, 0.164991, 0.17551, 5.80519, 5.73212, 0, 0, 0, 0, 0
833541, 10, 10.1576, 10.1716, -0.157582, -0.171608, 5.60708, 5.52426, 0, 0, 0, 0, 0
833551, 10, 10.1506, 9.79995, -0.15057, 0.200054, 5.60378, 5.7476, 0, 0, 0, 0, 0
833560, 10, 9.8315, 9.8315, 0.168498, 0.168498, 5.80036, 5.73757, 0, 0, 0, 0, 0
833570, 10, 9.81046, 10.1611, 0.189535, -0.161089, 5.82213, 5.5403, 0, 0, 0, 0, 0
833581, 10, 9.82098, 10.1716, 0.179017, -0.171608, 5.82477, 5.52599, 0, 0, 0, 0, 0
833591, 10, 10.1576, 10.1471, -0.157582, -0.147064, 5.61839, 5.53302, 0, 0, 0, 0, 0
833600, 10, 10.1821, 9.84202, -0.182126, 0.157979, 5.59491, 5.71603, 0, 0, 0, 0, 0
833610, 10, 10.1611, 9.81748, -0.161089, 0.182523, 5.59936, 5.73893, 0, 0, 0, 0, 0
833620, 10, 9.82098, 9.81748, 0.179017, 0.182523, 5.80887, 5.74772, 0, 0, 0, 0, 0
833631, 10, 9.79995, 10.1506, 0.200054, -0.15057, 5.83117, 5.54894, 0, 0, 0, 0, 0
833640, 10, 9.828, 10.1611, 0.172004, -0.161089, 5.82312, 5.53513, 0, 0, 0, 0, 0
833650, 10, 10.1541, 10.1716, -0.154077, -0.171608, 5.62312, 5.52082, 0, 0, 0, 0, 0
833660, 10, 10.1751, 9.82449, -0.175114, 0.17551, 5.60205, 5.72887, 0, 0, 0, 0, 0
833671, 10, 9.81046, 9.81046, 0.189535, 0.189535, 5.82656, 5.74606, 0, 0, 0, 0, 0
833681, 10, 9.82449, 10.1716, 0.17551, -0.171608, 5.82696, 5.53014, 0, 0, 0, 0, 0
833690, 10, 10.1541, 10.1576, -0.154077, -0.157582, 5.62489, 5.53061, 0, 0, 0, 0, 0
833700, 10, 10.1821, 10.1821, -0.182126, -0.182126, 5.59934, 5.50773, 0, 0, 0, 0, 0
833711, 10, 9.81748, 10.1471, 0.182523, -0.147064, 5.8235, 5.52081, 0, 0, 0, 0, 0
833721, 10, 10.1541, 9.81748, -0.154077, 0.182523, 5.61729, 5.71911, 0, 0, 0, 0, 0
833730, 10, 10.1681, 9.828, -0.168101, 0.172004, 5.60071, 5.72135, 0, 0, 0, 0, 0
833740, 10, 9.828, 10.1611, 0.172004, -0.161089, 5.80988, 5.52206, 0, 0, 0, 0, 0
833751, 10, 9.81046, 10.1576, 0.189535, -0.157582, 5.82959, 5.51649, 0, 0, 0, 0, 0
833761, 10, 10.1541, 9.82098, -0.154077, 0.179017, 5.61924, 5.71866, 0, 0, 0, 0, 0
833770, 10, 10.1716, 9.81748, -0.171608, 0.182523, 5.60042, 5.72946, 0, 0, 0, 0, 0
833780, 10, 9.8315, 9.82449, 0.168498, 0.17551, 5.80941, 5.73388, 0, 0, 0, 0, 0
833790, 10, 9.80696, 10.5047, 0.193042, -0.504701, 5.83343, 5.31845, 0, 0, 0, 0, 0
833801, 10, 10.1436, 10.1611, -0.143558, -0.161089, 5.62774, 5.50827, 0, 0, 0, 0, 0
833810, 10, 10.1962, 9.83501, -0.196151, 0.164991, 5.58701, 5.70372, 0, 0, 0, 0, 0
833820, 10, 9.81046, 9.80696, 0.189535, 0.193042, 5.82394, 5.72914, 0, 0, 0, 0, 0
833830, 10, 10.1506, 10.1611, -0.15057, -0.161089, 5.61583, 5.51776, 0, 0, 0, 0, 0
833841, 10, 9.828, 10.1751, 0.172004, -0.175114, 5.81465, 5.50126, 0, 0, 0, 0, 0
833851, 10, 10.1716, 9.82098, -0.171608, 0.179017, 5.60344, 5.71351, 0, 0, 0, 0, 0
833860, 10, 9.82098, 9.81046, 0.179017, 0.189535, 5.81916, 5.72868, 0, 0, 0, 0, 0
833870, 10, 10.1576, 9.81748, -0.157582, 0.182523, 5.61277, 5.73344, 0, 0, 0, 0, 0
833881, 10, 10.1611, 10.1611, -0.161089, -0.161089, 5.60274, 5.5281, 0, 0, 0, 0, 0
833891, 10, 9.82449, 10.1751, 0.17551, -0.175114, 5.81001, 5.51161, 0, 0, 0, 0, 0
833900, 10, 9.80696, 9.81046, 0.193042, 0.189535, 5.8299, 5.73041, 0, 0, 0, 0, 0
833910, 10, 10.1716, 9.81748, -0.171608, 0.182523, 5.60627, 5.73517, 0, 0, 0, 0, 0
833921, 10, 10.1716, 10.1611, -0.171608, -0.161089, 5.59779, 5.52983, 0, 0, 0, 0, 0
833931, 10, 9.79995, 9.79995, 0.200054, 0.200054, 5.82696, 5.74712, 0, 0, 0, 0, 0
833940, 10, 10.1786, 9.8315, -0.17862, 0.168498, 5.59471, 5.73709, 0, 0, 0, 0, 0
833950, 10, 9.81046, 10.1681, 0.189535, -0.168101, 5.82129, 5.53545, 0, 0, 0, 0, 0
833960, 10, 10.1751, 10.1681, -0.175114, -0.168101, 5.59749, 5.52736, 0, 0, 0, 0, 0
833971, 10, 9.81748, 9.80345, 0.182523, 0.196548, 5.81752, 5.7465, 0, 0, 0, 0, 0
833980, 10, 10.1541, 9.82098, -0.154077, 0.179017, 5.61131, 5.74504, 0, 0, 0, 0, 0
833990, 10, 9.82098, 10.1751, 0.179017, -0.175114, 5.81669, 5.53298, 0, 0, 0, 0, 0
834000, 10, 10.1786, 10.1681, -0.17862, -0.168101, 5.59685, 5.52891, 0, 0, 0, 0, 0
834011, 10, 9.79995, 9.80345, 0.200054, 0.196548, 5.83016, 5.74805, 0, 0, 0, 0, 0
834021, 10, 10.1541, 9.81748, -0.154077, 0.182523, 5.6136, 5.74878, 0, 0, 0, 0, 0
834030, 10, 9.84553, 9.84202, 0.154473, 0.157979, 5.80328, 5.74227, 0, 0, 0, 0, 0
834040, 10, 10.1611, 10.1541, -0.161089, -0.154077, 5.60914, 5.55542, 0, 0, 0, 0, 0
834051, 10, 10.1716, 10.1716, -0.171608, -0.171608, 5.59445, 5.53708, 0, 0, 0, 0, 0
834061, 10, 10.1436, 9.80345, -0.143558, 0.196548, 5.60391, 5.75823, 0, 0, 0, 0, 0
834070, 10, 9.83501, 10.1716, 0.164991, -0.171608, 5.79411, 5.53828, 0, 0, 0, 0, 0
834080, 10, 10.1576, 9.82098, -0.157582, 0.179017, 5.596, 5.74851, 0, 0, 0, 0, 0
834091, 10, 10.1751, 9.82449, -0.175114, 0.17551, 5.577, 5.75494, 0, 0, 0, 0, 0
834101, 10, 9.80696, 10.1365, 0.193042, -0.136545, 5.80376, 5.56894, 0, 0, 0, 0, 0
834110, 10, 9.81748, 9.82449, 0.182523, 0.17551, 5.80657, 5.75682, 0, 0, 0, 0, 0
834120, 10, 10.1681, 9.8315, -0.168101, 0.168498, 5.59139, 5.7609, 0, 0, 0, 0, 0
834130, 10, 9.82449, 10.1716, 0.17551, -0.171608, 5.8028, 5.55708, 0, 0, 0, 0, 0
834141, 10, 10.1506, 10.1506, -0.15057, -0.15057, 5.60297, 5.56192, 0, 0, 0, 0, 0
834151, 10, 9.82449, 10.1681, 0.17551, -0.168101, 5.80403, 5.54375, 0, 0, 0, 0, 0
834160, 10, 9.82449, 9.8315, 0.17551, 0.168498, 5.8127, 5.74541, 0, 0, 0, 0, 0
834170, 10, 9.81748, 9.80696, 0.182523, 0.193042, 5.82586, 5.76882, 0, 0, 0, 0, 0
834181, 10, 10.1541, 10.1611, -0.154077, -0.161089, 5.61965, 5.55743, 0, 0, 0, 0, 0
834191, 10, 10.1716, 9.82449, -0.171608, 0.17551, 5.60083, 5.75943, 0, 0, 0, 0, 0
834200, 10, 9.82449, 10.1611, 0.17551, -0.161089, 5.8143, 5.55813, 0, 0, 0, 0, 0
834210, 10, 10.1541, 9.81046, -0.154077, 0.189535, 5.61223, 5.76886, 0, 0, 0, 0, 0
834221, 10, 9.82098, 9.82098, 0.179017, 0.179017, 5.8176, 5.77144, 0, 0, 0, 0, 0
834231, 10, 10.1576, 10.1576, -0.157582, -0.157582, 5.61122, 5.5703, 0, 0, 0, 0, 0
834240, 10, 9.82098, 10.1681, 0.179017, -0.168101, 5.81866, 5.55616, 0, 0, 0, 0, 0
834250, 10, 9.82449, 9.82098, 0.17551, 0.179017, 5.82527, 5.76437, 0, 0, 0, 0, 0
834260, 10, 9.82098, 10.1576, 0.179017, -0.157582, 5.83618, 5.56324, 0, 0, 0, 0, 0
834271, 10, 10.1436, 9.81046, -0.143558, 0.189535, 5.63877, 5.77196, 0, 0, 0, 0, 0
834280, 10, 9.84202, 9.83851, 0.157979, 0.161486, 5.82448, 5.76361, 0, 0, 0, 0, 0
834290, 10, 10.1681, 10.1751, -0.168101, -0.175114, 5.62378, 5.56163, 0, 0, 0, 0, 0
834300, 10, 10.1365, 10.1365, -0.136545, -0.136545, 5.63566, 5.57723, 0, 0, 0, 0, 0
834311, 10, 9.81748, 10.1611, 0.182523, -0.161089, 5.83293, 5.55536, 0, 0, 0, 0, 0
834321, 10, 9.82449, 9.828, 0.17551, 0.172004, 5.83746, 5.75517, 0, 0, 0, 0, 0
834330, 10, 10.1821, 9.82098, -0.182126, 0.179017, 5.61746, 5.76783, 0, 0, 0, 0, 0
834340, 10, 9.80345, 10.1541, 0.196548, -0.154077, 5.85059, 5.56888, 0, 0, 0, 0, 0
834351, 10, 10.1716, 10.1786, -0.171608, -0.17862, 5.62489, 5.54616, 0, 0, 0, 0, 0
834361, 10, 9.81748, 9.82098, 0.182523, 0.179017, 5.84285, 5.76043, 0, 0, 0, 0, 0
834370, 10, 10.1751, 9.82098, -0.175114, 0.179017, 5.62319, 5.76905, 0, 0, 0, 0, 0
834380, 10, 9.81046, 10.1471, 0.189535, -0.147064, 5.8477, 5.57447, 0, 0, 0, 0, 0
834391, 10, 10.1576, 10.1786, -0.157582, -0.17862, 5.63511, 5.54772, 0, 0, 0, 0, 0
834401, 10, 10.1751, 9.82098, -0.175114, 0.179017, 5.61612, 5.76198, 0, 0, 0, 0, 0
834410, 10, 9.82098, 9.80345, 0.179017, 0.196548, 5.8339, 5.78153, 0, 0, 0, 0, 0
834420, 10, 10.1541, 9.82098, -0.154077, 0.179017, 5.62976, 5.78007, 0, 0, 0, 0, 0
834430, 10, 9.82098, 10.1716, 0.179017, -0.171608, 5.83514, 5.5702, 0, 0, 0, 0, 0
834441, 10, 10.1681, 10.1716, -0.168101, -0.171608, 5.62203, 5.56193, 0, 0, 0, 0, 0
834450, 10, 9.82449, 9.80345, 0.17551, 0.196548, 5.83343, 5.78309, 0, 0, 0, 0, 0
834460, 10, 10.1576, 9.828, -0.157582, 0.172004, 5.62912, 5.77726, 0, 0, 0, 0, 0
834470, 10, 9.82098, 10.1576, 0.179017, -0.157582, 5.83656, 5.58016, 0, 0, 0, 0, 0
834481, 10, 10.1716, 9.828, -0.171608, 0.172004, 5.62121, 5.77795, 0, 0, 0, 0, 0
834491, 10, 9.81046, 10.1541, 0.189535, -0.154077, 5.84365, 5.58303, 0, 0, 0, 0, 0
834500, 10, 10.1576, 10.1576, -0.157582, -0.157582, 5.63106, 5.57343, 0, 0, 0, 0, 0
834510, 10, 9.828, 9.828, 0.172004, 0.172004, 5.83402, 5.77123, 0, 0, 0, 0, 0
834521, 10, 10.1576, 9.81748, -0.157582, 0.182523, 5.63178, 5.78607, 0, 0, 0, 0, 0
834531, 10, 10.1506, 9.80345, -0.15057, 0.196548, 5.62847, 5.80359, 0, 0, 0, 0, 0
834540, 10, 9.8315, 10.1786, 0.168498, -0.17862, 5.82505, 5.57927, 0, 0, 0, 0, 0
834550, 10, 9.82449, 10.1611, 0.17551, -0.161089, 5.83786, 5.58159, 0, 0, 0, 0, 0
834561, 10, 10.1541, 9.82098, -0.154077, 0.179017, 5.63579, 5.78578, 0, 0, 0, 0, 0
834571, 10, 9.81748, 9.80345, 0.182523, 0.196548, 5.84341, 5.80532, 0, 0, 0, 0, 0
834580, 10, 10.1681, 9.81046, -0.168101, 0.189535, 5.62823, 5.81042, 0, 0, 0, 0, 0
834590, 10, 9.82098, 9.8315, 0.179017, 0.168498, 5.84188, 5.80643, 0, 0, 0, 0, 0
834600, 10, 10.1751, 10.1751, -0.175114, -0.175114, 5.62428, 5.60042, 0, 0, 0, 0, 0
834611, 10, 10.1436, 10.1471, -0.143558, -0.147064, 5.63581, 5.60947, 0, 0, 0, 0, 0
834620, 10, 9.828, 9.82098, 0.172004, 0.179017, 5.83049, 5.80559, 0, 0, 0, 0, 0
834630, 10, 10.1786, 9.8315, -0.17862, 0.168498, 5.61479, 5.80765, 0, 0, 0, 0, 0
834640, 10, 9.81748, 10.1576, 0.182523, -0.157582, 5.83689, 5.61257, 0, 0, 0, 0, 0
834651, 10, 10.1576, 10.1576, -0.157582, -0.157582, 5.62844, 5.60498, 0, 0, 0, 0, 0
834661, 10, 10.1576, 10.1576, -0.157582, -0.157582, 5.62065, 5.59739, 0, 0, 0, 0, 0
834670, 10, 10.1751, 9.83501, -0.175114, 0.164991, 5.60165, 5.79082, 0, 0, 0, 0, 0
834680, 10, 9.82449, 9.47036, 0.17551, 0.529641, 5.8172, 6.026, 0, 0, 0, 0, 0
834691, 10, 10.1611, 9.81046, -0.161089, 0.189535, 5.61064, 5.83956, 0, 0, 0, 0, 0
834701, 10, 10.1541, 10.1541, -0.154077, -0.154077, 5.60717, 5.63457, 0, 0, 0, 0, 0
834710, 10, 9.80696, 10.1611, 0.193042, -0.161089, 5.82151, 5.62278, 0, 0, 0, 0, 0
834720, 10, 9.84202, 10.1856, 0.157979, -0.185633, 5.80863, 5.59972, 0, 0, 0, 0, 0
834731, 10, 10.1611, 9.81748, -0.161089, 0.182523, 5.61241, 5.8202, 0, 0, 0, 0, 0
834741, 10, 10.1506, 9.79995, -0.15057, 0.200054, 5.61118, 5.83992, 0, 0, 0, 0, 0
834750, 10, 9.82098, 9.81748, 0.179017, 0.182523, 5.81449, 5.83863, 0, 0, 0, 0, 0
834760, 10, 9.82098, 10.1786, 0.179017, -0.17862, 5.82333, 5.62237, 0, 0, 0, 0, 0
834770, 10, 10.1751, 10.1716, -0.175114, -0.171608, 5.60574, 5.61814, 0, 0, 0, 0, 0
834781, 10, 9.80696, 9.79995, 0.193042, 0.200054, 5.83249, 5.84148, 0, 0, 0, 0, 0
834791, 10, 10.1681, 10.1576, -0.168101, -0.157582, 5.61111, 5.62825, 0, 0, 0, 0, 0
834800, 10, 9.80345, 9.82098, 0.196548, 0.179017, 5.83597, 5.83041, 0, 0, 0, 0, 0
834810, 10, 9.828, 9.8315, 0.172004, 0.168498, 5.82998, 5.83248, 0, 0, 0, 0, 0
834821, 10, 9.82098, 9.82098, 0.179017, 0.179017, 5.84297, 5.84715, 0, 0, 0, 0, 0
834831, 10, 10.1681, 10.1681, -0.168101, -0.168101, 5.62986, 5.63946, 0, 0, 0, 0, 0
834840, 10, 9.82098, 9.80696, 0.179017, 0.193042, 5.84351, 5.85641, 0, 0, 0, 0, 0
834850, 10, 9.81748, 9.82449, 0.182523, 0.17551, 5.85459, 5.85479, 0, 0, 0, 0, 0
834861, 10, 9.81748, 10.1506, 0.182523, -0.15057, 5.86361, 5.66004, 0, 0, 0, 0, 0
834871, 10, 10.1436, 9.81046, -0.143558, 0.189535, 5.66413, 5.86473, 0, 0, 0, 0, 0
834880, 10, 9.83851, 10.1856, 0.161486, -0.185633, 5.85209, 5.64006, 0, 0, 0, 0, 0
834890, 10, 10.1681, 9.82098, -0.168101, 0.179017, 5.64932, 5.85836, 0, 0, 0, 0, 0
834900, 10, 9.81748, 10.1576, 0.182523, -0.157582, 5.86521, 5.65723, 0, 0, 0, 0, 0
834911, 10, 9.80345, 9.79995, 0.196548, 0.200054, 5.8832, 5.8725, 0, 0, 0, 0, 0
834920, 10, 10.1576, 9.81046, -0.157582, 0.189535, 5.66647, 5.87558, 0, 0, 0, 0, 0
834930, 10, 9.83501, 10.1891, 0.164991, -0.189138, 5.86495, 5.64873, 0, 0, 0, 0, 0
834940, 10, 10.1611, 9.81046, -0.161089, 0.189535, 5.66459, 5.8756, 0, 0, 0, 0, 0
834951, 10, 10.1506, 10.1436, -0.15057, -0.143558, 5.66336, 5.67716, 0, 0, 0, 0, 0
834961, 10, 9.81046, 9.82449, 0.189535, 0.17551, 5.87339, 5.86907, 0, 0, 0, 0, 0
834970, 10, 9.8315, 10.1821, 0.168498, -0.182126, 5.86931, 5.65466, 0, 0, 0, 0, 0
834980, 10, 9.82449, 9.82449, 0.17551, 0.17551, 5.88212, 5.86876, 0, 0, 0, 0, 0
834991, 10, 10.1681, 9.80345, -0.168101, 0.196548, 5.67107, 5.89032, 0, 0, 0, 0, 0
835001, 10, 10.1506, 10.1506, -0.15057, -0.15057, 5.67398, 5.68347, 0, 0, 0, 0, 0
835010, 10, 9.8315, 9.8315, 0.168498, 0.168498, 5.87056, 5.87505, 0, 0, 0, 0, 0
835020, 10, 9.80696, 9.81748, 0.193042, 0.182523, 5.89458, 5.89191, 0, 0, 0, 0, 0
835031, 10, 10.1681, 9.81748, -0.168101, 0.182523, 5.67319, 5.9007, 0, 0, 0, 0, 0
835041, 10, 10.1611, 10.1611, -0.161089, -0.161089, 5.66937, 5.69536, 0, 0, 0, 0, 0
835050, 10, 9.82098, 9.81748, 0.179017, 0.182523, 5.87888, 5.90173, 0, 0, 0, 0, 0
835060, 10, 9.81748, 10.1681, 0.182523, -0.168101, 5.88997, 5.69202, 0, 0, 0, 0, 0
835070, 10, 9.81748, 9.82449, 0.182523, 0.17551, 5.89899, 5.89805, 0, 0, 0, 0, 0
835081, 10, 10.1681, 10.1681, -0.168101, -0.168101, 5.68381, 5.69238, 0, 0, 0, 0, 0
835090, 10, 9.82449, 9.80696, 0.17551, 0.193042, 5.89522, 5.90933, 0, 0, 0, 0, 0
835101, 10, 10.1541, 10.1576, -0.154077, -0.157582, 5.69314, 5.70014, 0, 0, 0, 0, 0
835110, 0, 9.82098, 9.828, -9.82098, -9.828, 0, 0, 0, 0, 0, 0, 0
835121, 0, 10.1962, 9.84202, -10.1962, -9.84202, 0, 0, 0, 0, 0, 0, 0
835130, 0, 5.96762, 5.96061, -5.96762, -5.96061, 0, 0, 0, 0, 0, 0, 0
835140, 0, 3.15211, 3.15562, -3.15211, -3.15562, 0, 0, 0, 0, 0, 0, 0
835150, 0, 2.10374, 2.10374, -2.10374, -2.10374, 0, 0, 0, 0, 0, 0, 0
835161, 0, 2.10374, 1.75312, -2.10374, -1.75312, 0, 0, 0, 0, 0, 0, 0
835170, 0, 1.39899, 1.74961, -1.39899, -1.74961, 0, 0, 0, 0, 0, 0, 0
835180, 0, 1.05187, 0.701248, -1.05187, -0.701248, 0, 0, 0, 0, 0, 0, 0
835190, 0, 0.701248, 0.350624, -0.701248, -0.350624, 0, 0, 0, 0, 0, 0, 0
835201, 0, 0, 0.350624, 0, -0.350624, 0, 0, 0, 0, 0, 0, 0
835210, 0, 0, -0.347118, 0, 0.347118, 0, 0, 0, 0, 0, 0, 0
835220, 0, -0.350624, -0.347118, 0.350624, 0.347118, 0, 0, 0, 0, 0, 0, 0
835230, 0, -0.697742, -0.697742, 0.697742, 0.697742, 0, 0, 0, 0, 0, 0, 0
835240, 0, -0.347118, -0.697742, 0.347118, 0.697742, 0, 0, 0, 0, 0, 0, 0
835251, 0, -0.350624, 0, 0.350624, 0, 0, 0, 0, 0, 0, 0, 0
835260, 0, -0.350624, -0.701248, 0.350624, 0.701248, 0, 0, 0, 0, 0, 0, 0
835270, 0, -0.347118, -0.350624, 0.347118, 0.350624, 0, 0, 0, 0, 0, 0, 0
835280, 0, -0.350624, -0.350624, 0.350624, 0.350624, 0, 0, 0, 0, 0, 0, 0
835291, 0, -0.350624, -0.350624, 0.350624, 0.350624, 0, 0, 0, 0, 0, 0, 0
835300, 0, -0.347118, -0.347118, 0.347118, 0.347118, 0, 0, 0, 0, 0, 0, 0
835310, 0, -0.350624, -0.701248, 0.350624, 0.701248, 0, 0, 0, 0, 0, 0, 0
835320, 0, -0.350624, 0, 0.350624, 0, 0, 0, 0, 0, 0, 0, 0
835331, 0, -0.347118, -0.697742, 0.347118, 0.697742, 0, 0, 0, 0, 0, 0, 0
835340, 0, 0, -0.350624, 0, 0.350624, 0, 0, 0, 0, 0, 0, 0
835350, 0, -0.350624, -0.347118, 0.350624, 0.347118, 0, 0, 0, 0, 0, 0, 0
835360, 0, -0.350624, -0.347118, 0.350624, 0.347118, 0, 0, 0, 0, 0, 0, 0
835371, 0, -0.347118, -0.350624, 0.347118, 0.350624, 0, 0, 0, 0, 0, 0, 0
835381, 0, -0.347118, -0.347118, 0.347118, 0.347118, 0, 0, 0, 0, 0, 0, 0
835390, 0, -0.350624, -0.350624, 0.350624, 0.350624, 0, 0, 0, 0, 0, 0, 0
835400, 0, -0.350624, -0.350624, 0.350624, 0.350624, 0, 0, 0, 0, 0, 0, 0
835410, 0, -0.350624, -0.350624, 0.350624, 0.350624, 0, 0, 0, 0, 0, 0, 0
835421, 0, 0, -0.350624, 0, 0.350624, 0, 0, 0, 0, 0, 0, 0
835430, 0, -0.350624, -0.347118, 0.350624, 0.347118, 0, 0, 0, 0, 0, 0, 0
835440, 0, -0.350624, -0.350624, 0.350624, 0.350624, 0, 0, 0, 0, 0, 0, 0
835450, 0, -0.350624, -0.350624, 0.350624, 0.350624, 0, 0, 0, 0, 0, 0, 0
835461, 0, -0.350624, -0.701248, 0.350624, 0.701248, 0, 0, 0, 0, 0, 0, 0
835470, 0, -0.347118, 0, 0.347118, 0, 0, 0, 0, 0, 0, 0, 0
835480, 0, -0.350624, -0.350624, 0.350624, 0.350624, 0, 0, 0, 0, 0, 0, 0
835490, 0, -0.347118, -0.697742, 0.347118, 0.697742, 0, 0, 0, 0, 0, 0, 0
835501, 0, -0.350624, -0.350624, 0.350624, 0.350624, 0, 0, 0, 0, 0, 0, 0
835510, 0, -0.347118, -0.347118, 0.347118, 0.347118, 0, 0, 0, 0, 0, 0, 0
835520, 0, 0, -0.350624, 0, 0.350624, 0, 0, 0, 0, 0, 0, 0
835530, 0, -0.350624, -0.347118, 0.350624, 0.347118, 0, 0, 0, 0, 0, 0, 0
835540, 0, -0.697742, -0.347118, 0.697742, 0.347118, 0, 0, 0, 0, 0, 0, 0
835550, 0, 0, -0.350624, 0, 0.350624, 0, 0, 0, 0, 0, 0, 0
835560, 0, -0.350624, -0.694236, 0.350624, 0.694236, 0, 0, 0, 0, 0, 0, 0
835570, 0, -0.701248, -0.350624, 0.701248, 0.350624, 0, 0, 0, 0, 0, 0, 0
835580, 0, -0.350624, -0.350624, 0.350624, 0.350624, 0, 0, 0, 0, 0, 0, 0
835591, 0, 0, -0.350624, 0, 0.350624, 0, 0, 0, 0, 0, 0, 0
835600, 0, -0.350624, -0.347118, 0.350624, 0.347118, 0, 0, 0, 0, 0, 0, 0
835610, 0, -0.347118, -0.350624, 0.347118, 0.350624, 0, 0, 0, 0, 0, 0, 0
835620, 0, -0.350624, -0.350624, 0.350624, 0.350624, 0, 0, 0, 0, 0, 0, 0
835631, 0, -0.350624, -0.350624, 0.350624, 0.350624, 0, 0, 0, 0, 0, 0, 0
835640, 0, -0.347118, -0.347118, 0.347118, 0.347118, 0, 0, 0, 0, 0, 0, 0
835650, 0, -0.350624, -0.350624, 0.350624, 0.350624, 0, 0, 0, 0, 0, 0, 0
835660, 0, -0.350624, -0.350624, 0.350624, 0.350624, 0, 0, 0, 0, 0, 0, 0
835671, 0, 0, -0.701248, 0, 0.701248, 0, 0, 0, 0, 0, 0, 0
835680, 0, -0.347118, -0.347118, 0.347118, 0.347118, 0, 0, 0, 0, 0, 0, 0
835690, 0, -0.350624, -0.350624, 0.350624, 0.350624, 0, 0, 0, 0, 0, 0, 0
835700, 0, -0.350624, -0.350624, 0.350624, 0.350624, 0, 0, 0, 0, 0, 0, 0
835710, 0, -0.350624, -0.347118, 0.350624, 0.347118, 0, 0, 0, 0, 0, 0, 0
835721, 0, -0.347118, -0.347118, 0.347118, 0.347118, 0, 0, 0, 0, 0, 0, 0
835730, 0, -0.350624, -0.350624, 0.350624, 0.350624, 0, 0, 0, 0, 0, 0, 0
835740, 0, 0, -0.350624, 0, 0.350624, 0, 0, 0, 0, 0, 0, 0
835750, 0, -0.350624, -0.347118, 0.350624, 0.347118, 0, 0, 0, 0, 0, 0, 0
835761, 0, -0.350624, -0.350624, 0.350624, 0.350624, 0, 0, 0, 0, 0, 0, 0
835770, 0, -0.347118, -0.347118, 0.347118, 0.347118, 0, 0, 0, 0, 0, 0, 0
835780, 0, -0.350624, -0.350624, 0.350624, 0.350624, 0, 0, 0, 0, 0, 0, 0
835790, 0, -0.350624, -0.350624, 0.350624, 0.350624, 0, 0, 0, 0, 0, 0, 0
835801, 0, -0.347118, -0.347118, 0.347118, 0.347118, 0, 0, 0, 0, 0, 0, 0
835810, 0, -0.347118, -0.347118, 0.347118, 0.347118, 0, 0, 0, 0, 0, 0, 0
835820, 0, 0, -0.350624, 0, 0.350624, 0, 0, 0, 0, 0, 0, 0
835830, 0, -0.350624, -0.347118, 0.350624, 0.347118, 0, 0, 0, 0, 0, 0, 0
835841, 0, -0.350624, -0.350624, 0.350624, 0.350624, 0, 0, 0, 0, 0, 0, 0
835850, 0, -0.350624, 0, 0.350624, 0, 0, 0, 0, 0, 0, 0, 0
835860, 0, -0.350624, -0.701248, 0.350624, 0.701248, 0, 0, 0, 0, 0, 0, 0
835870, 0, -0.350624, -0.350624, 0.350624, 0.350624, 0, 0, 0, 0, 0, 0, 0
835880, 0, -0.350624, -0.350624, 0.350624, 0.350624, 0, 0, 0, 0, 0, 0, 0
835891, 0, -0.347118, -0.347118, 0.347118, 0.347118, 0, 0, 0, 0, 0, 0, 0
835900, 0, -0.350624, -0.350624, 0.350624, 0.350624, 0, 0, 0, 0, 0, 0, 0
835910, 0, 0, -0.350624, 0, 0.350624, 0, 0, 0, 0, 0, 0, 0
835920, 0, -0.350624, -0.347118, 0.350624, 0.347118, 0, 0, 0, 0, 0, 0, 0
835931, 0, -0.350624, -0.350624, 0.350624, 0.350624, 0, 0, 0, 0, 0, 0, 0
835940, 0, -0.347118, -0.347118, 0.347118, 0.347118, 0, 0, 0, 0, 0, 0, 0
835950, 0, -0.350624, -0.701248, 0.350624, 0.701248, 0, 0, 0, 0, 0, 0, 0
835960, 0, -0.350624, 0, 0.350624, 0, 0, 0, 0, 0, 0, 0, 0
835971, 0, -0.347118, -0.697742, 0.347118, 0.697742, 0, 0, 0, 0, 0, 0, 0
835980, 0, -0.347118, -0.347118, 0.347118, 0.347118, 0, 0, 0, 0, 0, 0, 0
835990, 0, -0.350624, -0.350624, 0.350624, 0.350624, 0, 0, 0, 0, 0, 0, 0
836000, 0, -0.347118, -0.347118, 0.347118, 0.347118, 0, 0, 0, 0, 0, 0, 0
836011, 0, 0, -0.350624, 0, 0.350624, 0, 0, 0, 0, 0, 0, 0
836021, 0, -0.347118, -0.347118, 0.347118, 0.347118, 0, 0, 0, 0, 0, 0, 0
836030, 0, -0.350624, -0.347118, 0.350624, 0.347118, 0, 0, 0, 0, 0, 0, 0
836040, 0, -0.350624, -0.350624, 0.350624, 0.350624, 0, 0, 0, 0, 0, 0, 0
836050, 0, -0.350624, -0.350624, 0.350624, 0.350624, 0, 0, 0, 0, 0, 0, 0
836061, 0, -0.347118, -0.347118, 0.347118, 0.347118, 0, 0, 0, 0, 0, 0, 0
836070, 0, -0.350624, -0.350624, 0.350624, 0.350624, 0, 0, 0, 0, 0, 0, 0
836080, 0, -0.347118, 0, 0.347118, 0, 0, 0, 0, 0, 0, 0, 0
836090, 0, 0, -0.701248, 0, 0.701248, 0, 0, 0, 0, 0, 0, 0
836101, 0, -0.350624, -0.347118, 0.350624, 0.347118, 0, 0, 0, 0, 0, 0, 0
836110, 0, -0.347118, -0.347118, 0.347118, 0.347118, 0, 0, 0, 0, 0, 0, 0
836120, 0, -0.350624, -0.350624, 0.350624, 0.350624, 0, 0, 0, 0, 0, 0, 0
836130, 0, -0.350624, -0.350624, 0.350624, 0.350624, 0, 0, 0, 0, 0, 0, 0
836141, 0, -0.350624, -0.350624, 0.350624, 0.350624, 0, 0, 0, 0, 0, 0, 0
836150, 0, 0, -0.350624, 0, 0.350624, 0, 0, 0, 0, 0, 0, 0
836160, 0, -0.350624, -0.347118, 0.350624, 0.347118, 0, 0, 0, 0, 0, 0, 0
836170, 0, -0.697742, -0.347118, 0.697742, 0.347118, 0, 0, 0, 0, 0, 0, 0
836180, 0, 0, -0.350624, 0, 0.350624, 0, 0, 0, 0, 0, 0, 0
836191, 0, -0.350624, -0.347118, 0.350624, 0.347118, 0, 0, 0, 0, 0, 0, 0
836200, 0, -0.350624, -0.347118, 0.350624, 0.347118, 0, 0, 0, 0, 0, 0, 0
836210, 0, -0.347118, -0.350624, 0.347118, 0.350624, 0, 0, 0, 0, 0, 0, 0
836220, 0, -0.350624, -0.350624, 0.350624, 0.350624, 0, 0, 0, 0, 0, 0, 0
836231, 0, -0.347118, -0.347118, 0.347118, 0.347118, 0, 0, 0, 0, 0, 0, 0
836240, 0, -0.350624, -0.350624, 0.350624, 0.350624, 0, 0, 0, 0, 0, 0, 0
836250, 0, -0.350624, -0.701248, 0.350624, 0.701248, 0, 0, 0, 0, 0, 0, 0
836260, 0, -0.350624, -0.347118, 0.350624, 0.347118, 0, 0, 0, 0, 0, 0, 0
836271, 0, 0, -0.350624, 0, 0.350624, 0, 0, 0, 0, 0, 0, 0
836280, 0, -0.347118, -0.347118, 0.347118, 0.347118, 0, 0, 0, 0, 0, 0, 0
836290, 0, -0.350624, -0.350624, 0.350624, 0.350624, 0, 0, 0, 0, 0, 0, 0
836300, 0, -0.350624, -0.350624, 0.350624, 0.350624, 0, 0, 0, 0, 0, 0, 0
836311, 0, -0.347118, -0.347118, 0.347118, 0.347118, 0, 0, 0, 0, 0, 0, 0
836320, 0, -0.347118, -0.347118, 0.347118, 0.347118, 0, 0, 0, 0, 0, 0, 0
836330, 0, -0.350624, -0.350624, 0.350624, 0.350624, 0, 0, 0, 0, 0, 0, 0
836340, 0, -0.350624, -0.350624, 0.350624, 0.350624, 0, 0, 0, 0, 0, 0, 0
836350, 0, -0.350624, -0.350624, 0.350624, 0.350624, 0, 0, 0, 0, 0, 0, 0
836361, 0, -0.347118, -0.697742, 0.347118, 0.697742, 0, 0, 0, 0, 0, 0, 0
836370, 0, -0.350624, -0.350624, 0.350624, 0.350624, 0, 0, 0, 0, 0, 0, 0
836380, 0, -0.350624, 0, 0.350624, 0, 0, 0, 0, 0, 0, 0, 0
836390, 0, 0, -0.350624, 0, 0.350624, 0, 0, 0, 0, 0, 0, 0
836401, 0, -0.347118, -0.347118, 0.347118, 0.347118, 0, 0, 0, 0, 0, 0, 0
836410, 0, -0.350624, -0.350624, 0.350624, 0.350624, 0, 0, 0, 0, 0, 0, 0
836420, 0, -0.347118, -0.350624, 0.347118, 0.350624, 0, 0, 0, 0, 0, 0, 0
836430, 0, 0, -0.350624, 0, 0.350624, 0, 0, 0, 0, 0, 0, 0
836441, 0, -0.347118, -0.347118, 0.347118, 0.347118, 0, 0, 0, 0, 0, 0, 0
836450, 0, -0.347118, -0.347118, 0.347118, 0.347118, 0, 0, 0, 0, 0, 0, 0
836460, 0, -0.350624, -0.350624, 0.350624, 0.350624, 0, 0, 0, 0, 0, 0, 0
836470, 0, -0.350624, -0.350624, 0.350624, 0.350624, 0, 0, 0, 0, 0, 0, 0
836481, 0, -0.350624, -0.350624, 0.350624, 0.350624, 0, 0, 0, 0, 0, 0, 0
836490, 0, -0.347118, -0.347118, 0.347118, 0.347118, 0, 0, 0, 0, 0, 0, 0
836500, 0, -0.350624, -0.350624, 0.350624, 0.350624, 0, 0, 0, 0, 0, 0, 0
836510, 0, -0.347118, -0.347118, 0.347118, 0.347118, 0, 0, 0, 0, 0, 0, 0
836520, 0, -0.350624, -0.350624, 0.350624, 0.350624, 0, 0, 0, 0, 0, 0, 0
836531, 0, -0.347118, -0.347118, 0.347118, 0.347118, 0, 0, 0, 0, 0, 0, 0
836540, 0, -0.350624, -0.350624, 0.350624, 0.350624, 0, 0, 0, 0, 0, 0, 0
836550, 0, -0.350624, -0.350624, 0.350624, 0.350624, 0, 0, 0, 0, 0, 0, 0
836560, 0, -0.350624, -0.350624, 0.350624, 0.350624, 0, 0, 0, 0, 0, 0, 0
836571, 0, -0.350624, -0.701248, 0.350624, 0.701248, 0, 0, 0, 0, 0, 0, 0
836580, 0, -0.350624, 0, 0.350624, 0, 0, 0, 0, 0, 0, 0, 0
836590, 0, -0.350624, -0.701248, 0.350624, 0.701248, 0, 0, 0, 0, 0, 0, 0
836600, 0, 0, -0.350624, 0, 0.350624, 0, 0, 0, 0, 0, 0, 0
836611, 0, -0.350624, -0.347118, 0.350624, 0.347118, 0, 0, 0, 0, 0, 0, 0
836620, 0, -0.347118, 0, 0.347118, 0, 0, 0, 0, 0, 0, 0, 0
836630, 0, -0.350624, -0.350624, 0.350624, 0.350624, 0, 0, 0, 0, 0, 0, 0
836640, 0, -0.350624, -0.350624, 0.350624, 0.350624, 0, 0, 0, 0, 0, 0, 0
836651, 0, 0, -0.350624, 0, 0.350624, 0, 0, 0, 0, 0, 0, 0
836661, 0, -0.350624, -0.347118, 0.350624, 0.347118, 0, 0, 0, 0, 0, 0, 0
836670, 0, -0.350624, -0.350624, 0.350624, 0.350624, 0, 0, 0, 0, 0, 0, 0
836680, 0, -0.347118, -0.350624, 0.347118, 0.350624, 0, 0, 0, 0, 0, 0, 0
836690, 0, -0.350624, -0.350624, 0.350624, 0.350624, 0, 0, 0, 0, 0, 0, 0
836701, 0, 0, -0.350624, 0, 0.350624, 0, 0, 0, 0, 0, 0, 0
836710, 0, -0.350624, 0, 0.350624, 0, 0, 0, 0, 0, 0, 0, 0
836720, 0, -0.350624, -0.350624, 0.350624, 0.350624, 0, 0, 0, 0, 0, 0, 0
836730, 0, -0.347118, -0.347118, 0.347118, 0.347118, 0, 0, 0, 0, 0, 0, 0
836741, 0, -0.350624, -0.350624, 0.350624, 0.350624, 0, 0, 0, 0, 0, 0, 0
836750, 0, -0.347118, -0.347118, 0.347118, 0.347118, 0, 0, 0, 0, 0, 0, 0
836760, 0, -0.350624, -0.350624, 0.350624, 0.350624, 0, 0, 0, 0, 0, 0, 0
836770, 0, 0, -0.350624, 0, 0.350624, 0, 0, 0, 0, 0, 0, 0
836781, 0, -0.350624, -0.347118, 0.350624, 0.347118, 0, 0, 0, 0, 0, 0, 0
836790, 0, -0.347118, -0.347118, 0.347118, 0.347118, 0, 0, 0, 0, 0, 0, 0
836800, 0, 0, 0, 0, 0, 0, 0, 0, 0, 0, 0, 0
836810, 0, -0.350624, -0.347118, 0.350624, 0.347118, 0, 0, 0, 0, 0, 0, 0
836820, 0, -0.347118, -0.347118, 0.347118, 0.347118, 0, 0, 0, 0, 0, 0, 0
836831, 0, -0.350624, -0.350624, 0.350624, 0.350624, 0, 0, 0, 0, 0, 0, 0
836840, 0, -0.350624, -0.347118, 0.350624, 0.347118, 0, 0, 0, 0, 0, 0, 0
836850, 0, 0, 0, 0, 0, 0, 0, 0, 0, 0, 0, 0
836860, 0, -0.350624, -0.347118, 0.350624, 0.347118, 0, 0, 0, 0, 0, 0, 0
836871, 0, -0.347118, -0.347118, 0.347118, 0.347118, 0, 0, 0, 0, 0, 0, 0
836880, 0, 0, -0.350624, 0, 0.350624, 0, 0, 0, 0, 0, 0, 0
836890, 0, -0.347118, -0.347118, 0.347118, 0.347118, 0, 0, 0, 0, 0, 0, 0
836900, 0, -0.350624, -0.350624, 0.350624, 0.350624, 0, 0, 0, 0, 0, 0, 0
836911, 0, -0.347118, 0, 0.347118, 0, 0, 0, 0, 0, 0, 0, 0
836920, 0, -0.347118, -0.697742, 0.347118, 0.697742, 0, 0, 0, 0, 0, 0, 0
836930, 0, 0, -0.350624, 0, 0.350624, 0, 0, 0, 0, 0, 0, 0
836940, 0, -0.350624, -0.347118, 0.350624, 0.347118, 0, 0, 0, 0, 0, 0, 0
836951, 0, -0.347118, -0.347118, 0.347118, 0.347118, 0, 0, 0, 0, 0, 0, 0
836960, 0, -0.347118, -0.347118, 0.347118, 0.347118, 0, 0, 0, 0, 0, 0, 0
836970, 0, -0.350624, 0, 0.350624, 0, 0, 0, 0, 0, 0, 0, 0
836980, 0, 0, -0.350624, 0, 0.350624, 0, 0, 0, 0, 0, 0, 0
836990, 0, -0.350624, -0.347118, 0.350624, 0.347118, 0, 0, 0, 0, 0, 0, 0
837001, 0, -0.347118, -0.347118, 0.347118, 0.347118, 0, 0, 0, 0, 0, 0, 0
837010, 0, -0.350624, -0.350624, 0.350624, 0.350624, 0, 0, 0, 0, 0, 0, 0
837020, 0, -0.347118, -0.350624, 0.347118, 0.350624, 0, 0, 0, 0, 0, 0, 0
837030, 0, 0, 0, 0, 0, 0, 0, 0, 0, 0, 0, 0
837041, 0, -0.350624, -0.347118, 0.350624, 0.347118, 0, 0, 0, 0, 0, 0, 0
837050, 0, -0.347118, -0.347118, 0.347118, 0.347118, 0, 0, 0, 0, 0, 0, 0
837060, 0, -0.350624, -0.350624, 0.350624, 0.350624, 0, 0, 0, 0, 0, 0, 0
837070, 0, -0.350624, -0.350624, 0.350624, 0.350624, 0, 0, 0, 0, 0, 0, 0
837081, 0, -0.350624, -0.350624, 0.350624, 0.350624, 0, 0, 0, 0, 0, 0, 0
837090, 0, 0, -0.350624, 0, 0.350624, 0, 0, 0, 0, 0, 0, 0
837100, 0, -0.350624, -0.347118, 0.350624, 0.347118, 0, 0, 0, 0, 0, 0, 0
837110, 0, -0.350624, -0.350624, 0.350624, 0.350624, 0, 0, 0, 0, 0, 0, 0
837121, 0, -0.350624, -0.350624, 0.350624, 0.350624, 0, 0, 0, 0, 0, 0, 0
837130, 0, -0.347118, -0.347118, 0.347118, 0.347118, 0, 0, 0, 0, 0, 0, 0
837140, 0, -0.350624, -0.350624, 0.350624, 0.350624, 0, 0, 0, 0, 0, 0, 0
837150, 0, -0.350624, -0.350624, 0.350624, 0.350624, 0, 0, 0, 0, 0, 0, 0
837160, 0, -0.347118, 0, 0.347118, 0, 0, 0, 0, 0, 0, 0, 0
837171, 0, -0.347118, -0.697742, 0.347118, 0.697742, 0, 0, 0, 0, 0, 0, 0
837180, 0, 0, -0.350624, 0, 0.350624, 0, 0, 0, 0, 0, 0, 0
837190, 0, -0.347118, -0.347118, 0.347118, 0.347118, 0, 0, 0, 0, 0, 0, 0
837200, 0, -0.350624, 0, 0.350624, 0, 0, 0, 0, 0, 0, 0, 0
837211, 0, -0.350624, -0.701248, 0.350624, 0.701248, 0, 0, 0, 0, 0, 0, 0
837220, 0, -0.347118, 0, 0.347118, 0, 0, 0, 0, 0, 0, 0, 0
837230, 0, -0.350624, -0.350624, 0.350624, 0.350624, 0, 0, 0, 0, 0, 0, 0
837240, 0, 0, -0.350624, 0, 0.350624, 0, 0, 0, 0, 0, 0, 0
837251, 0, -0.350624, 0, 0.350624, 0, 0, 0, 0, 0, 0, 0, 0
837260, 0, -0.347118, -0.347118, 0.347118, 0.347118, 0, 0, 0, 0, 0, 0, 0
837270, 0, -0.350624, -0.350624, 0.350624, 0.350624, 0, 0, 0, 0, 0, 0, 0
837280, 0, 0, -0.350624, 0, 0.350624, 0, 0, 0, 0, 0, 0, 0
837291, 0, -0.347118, -0.347118, 0.347118, 0.347118, 0, 0, 0, 0, 0, 0, 0
837300, 0, -0.347118, 0, 0.347118, 0, 0, 0, 0, 0, 0, 0, 0
837310, 0, 0, -0.350624, 0, 0.350624, 0, 0, 0, 0, 0, 0, 0
837320, 0, -0.350624, -0.347118, 0.350624, 0.347118, 0, 0, 0, 0, 0, 0, 0
837330, 0, -0.350624, 0, 0.350624, 0, 0, 0, 0, 0, 0, 0, 0
837341, 0, 0, -0.350624, 0, 0.350624, 0, 0, 0, 0, 0, 0, 0
837350, 0, -0.350624, -0.347118, 0.350624, 0.347118, 0, 0, 0, 0, 0, 0, 0
837360, 0, -0.350624, 0, 0.350624, 0, 0, 0, 0, 0, 0, 0, 0
837370, 0, -0.350624, -0.350624, 0.350624, 0.350624, 0, 0, 0, 0, 0, 0, 0
837381, 0, 0, -0.350624, 0, 0.350624, 0, 0, 0, 0, 0, 0, 0
837390, 0, -0.347118, -0.347118, 0.347118, 0.347118, 0, 0, 0, 0, 0, 0, 0
837400, 0, -0.350624, -0.350624, 0.350624, 0.350624, 0, 0, 0, 0, 0, 0, 0
837410, 0, 0, 0, 0, 0, 0, 0, 0, 0, 0, 0, 0
837421, 0, -0.350624, -0.347118, 0.350624, 0.347118, 0, 0, 0, 0, 0, 0, 0
837430, 0, -0.347118, -0.347118, 0.347118, 0.347118, 0, 0, 0, 0, 0, 0, 0
837440, 0, -0.350624, -0.350624, 0.350624, 0.350624, 0, 0, 0, 0, 0, 0, 0
837450, 0, -0.350624, -0.350624, 0.350624, 0.350624, 0, 0, 0, 0, 0, 0, 0
837460, 0, 0, -0.350624, 0, 0.350624, 0, 0, 0, 0, 0, 0, 0
837471, 0, -0.347118, -0.347118, 0.347118, 0.347118, 0, 0, 0, 0, 0, 0, 0
837480, 0, -0.350624, -0.350624, 0.350624, 0.350624, 0, 0, 0, 0, 0, 0, 0
837490, 0, -0.350624, -0.350624, 0.350624, 0.350624, 0, 0, 0, 0, 0, 0, 0
837500, 0, -0.350624, -0.350624, 0.350624, 0.350624, 0, 0, 0, 0, 0, 0, 0
837511, 0, 0, -0.350624, 0, 0.350624, 0, 0, 0, 0, 0, 0, 0
837520, 0, -0.350624, -0.347118, 0.350624, 0.347118, 0, 0, 0, 0, 0, 0, 0
837530, 0, -0.347118, -0.350624, 0.347118, 0.350624, 0, 0, 0, 0, 0, 0, 0
837540, 0, -0.350624, -0.350624, 0.350624, 0.350624, 0, 0, 0, 0, 0, 0, 0
837551, 0, -0.347118, -0.347118, 0.347118, 0.347118, 0, 0, 0, 0, 0, 0, 0
837560, 0, -0.347118, -0.347118, 0.347118, 0.347118, 0, 0, 0, 0, 0, 0, 0
837570, 0, -0.350624, -0.350624, 0.350624, 0.350624, 0, 0, 0, 0, 0, 0, 0
837580, 0, 0, -0.350624, 0, 0.350624, 0, 0, 0, 0, 0, 0, 0
837591, 0, -0.350624, 0, 0.350624, 0, 0, 0, 0, 0, 0, 0, 0
837600, 0, -0.347118, -0.697742, 0.347118, 0.697742, 0, 0, 0, 0, 0, 0, 0
837610, 0, 0, 0, 0, 0, 0, 0, 0, 0, 0, 0, 0
837620, 0, -0.347118, -0.347118, 0.347118, 0.347118, 0, 0, 0, 0, 0, 0, 0
837630, 0, -0.350624, -0.350624, 0.350624, 0.350624, 0, 0, 0, 0, 0, 0, 0
837641, 0, -0.347118, -0.347118, 0.347118, 0.347118, 0, 0, 0, 0, 0, 0, 0
837650, 0, -0.350624, -0.350624, 0.350624, 0.350624, 0, 0, 0, 0, 0, 0, 0
837660, 0, 0, -0.350624, 0, 0.350624, 0, 0, 0, 0, 0, 0, 0
837670, 0, -0.350624, -0.347118, 0.350624, 0.347118, 0, 0, 0, 0, 0, 0, 0
837681, 0, -0.350624, -0.347118, 0.350624, 0.347118, 0, 0, 0, 0, 0, 0, 0
837690, 0, -0.350624, -0.347118, 0.350624, 0.347118, 0, 0, 0, 0, 0, 0, 0
837700, 0, 0, -0.350624, 0, 0.350624, 0, 0, 0, 0, 0, 0, 0
837710, 0, -0.350624, 0, 0.350624, 0, 0, 0, 0, 0, 0, 0, 0
837721, 0, -0.350624, -0.350624, 0.350624, 0.350624, 0, 0, 0, 0, 0, 0, 0
837730, 0, -0.347118, -0.347118, 0.347118, 0.347118, 0, 0, 0, 0, 0, 0, 0
837740, 0, 0, -0.350624, 0, 0.350624, 0, 0, 0, 0, 0, 0, 0
837750, 0, -0.350624, -0.347118, 0.350624, 0.347118, 0, 0, 0, 0, 0, 0, 0
837761, 0, -0.347118, 0, 0.347118, 0, 0, 0, 0, 0, 0, 0, 0
837770, 0, 0, -0.350624, 0, 0.350624, 0, 0, 0, 0, 0, 0, 0
837780, 0, -0.350624, -0.347118, 0.350624, 0.347118, 0, 0, 0, 0, 0, 0, 0
837790, 0, -0.350624, -0.350624, 0.350624, 0.350624, 0, 0, 0, 0, 0, 0, 0
837800, 0, -0.347118, -0.347118, 0.347118, 0.347118, 0, 0, 0, 0, 0, 0, 0
837810, 0, 0, 0, 0, 0, 0, 0, 0, 0, 0, 0, 0
