QGPIORecord, QRC v6.1.0, 01-12-2025 @ 14:29:54, Windows 10 Version 2009, 10.0.26100, x86_64
Time, ValueIn0, ValueIn1, ValueIn2, ValueIn3, ValueIn4, ValueIn5, ValueIn6, ValueIn7, ValueIn8, ValueIn9, ValueIn10, ValueIn11
137120, 0, 0, 0, 0, 0, 0, 0, 0, 0, 0, 0, 0
137132, 0, 0, 0, 0, 0, 0, 0, 0, 0, 0, 0, 0
137140, 0, 0, 0, 0, 0, 0, 0, 0, 0, 0, 0, 0
137150, 0, 0, 0, 0, 0, 0, 0, 0, 0, 0, 0, 0
137160, 0, 0, 0, 0, 0, 0, 0, 0, 0, 0, 0, 0
137170, 0, 0, 0, 0, 0, 0, 0, 0, 0, 0, 0, 0
137180, 0, 0, 0, 0, 0, 0, 0, 0, 0, 0, 0, 0
137190, 0, 0, 0, 0, 0, 0, 0, 0, 0, 0, 0, 0
137200, 0, 0, 0, 0, 0, 0, 0, 0, 0, 0, 0, 0
137210, 0, 0, 0, 0, 0, 0, 0, 0, 0, 0, 0, 0
137221, 0, 0, 0, 0, 0, 0, 0, 0, 0, 0, 0, 0
137230, 0, 0, 0, 0, 0, 0, 0, 0, 0, 0, 0, 0
137240, 0, 0, 0, 0, 0, 0, 0, 0, 0, 0, 0, 0
137250, 0, 0, 0, 0, 0, 0, 0, 0, 0, 0, 0, 0
137261, 0, 0, 0, 0, 0, 0, 0, 0, 0, 0, 0, 0
137270, 0, 0, 0, 0, 0, 0, 0, 0, 0, 0, 0, 0
137280, 0, 0, 0, 0, 0, 0, 0, 0, 0, 0, 0, 0
137290, 0, 0, 0, 0, 0, 0, 0, 0, 0, 0, 0, 0
137300, 0, 0, 0, 0, 0, 0, 0, 0, 0, 0, 0, 0
137310, 0, 0, 0, 0, 0, 0, 0, 0, 0, 0, 0, 0
137320, 0, 0, 0, 0, 0, 0, 0, 0, 0, 0, 0, 0
137330, 0, 0, 0, 0, 0, 0, 0, 0, 0, 0, 0, 0
137340, 0, 0, 0, 0, 0, 0, 0, 0, 0, 0, 0, 0
137351, 0, 0, 0, 0, 0, 0, 0, 0, 0, 0, 0, 0
137360, 0, 0, 0, 0, 0, 0, 0, 0, 0, 0, 0, 0
137370, 0, 0, 0, 0, 0, 0, 0, 0, 0, 0, 0, 0
137380, 0, 0, 0, 0, 0, 0, 0, 0, 0, 0, 0, 0
137391, 0, 0, 0, 0, 0, 0, 0, 0, 0, 0, 0, 0
137400, 0, 0, 0, 0, 0, 0, 0, 0, 0, 0, 0, 0
137410, 0, 0, 0, 0, 0, 0, 0, 0, 0, 0, 0, 0
137420, 0, 0, 0, 0, 0, 0, 0, 0, 0, 0, 0, 0
137431, 0, 0, 0, 0, 0, 0, 0, 0, 0, 0, 0, 0
137440, 0, 0, 0, 0, 0, 0, 0, 0, 0, 0, 0, 0
137450, 0, 0, 0, 0, 0, 0, 0, 0, 0, 0, 0, 0
137460, 0, 0, 0, 0, 0, 0, 0, 0, 0, 0, 0, 0
137470, 0, 0, 0, 0, 0, 0, 0, 0, 0, 0, 0, 0
137480, 0, 0, 0, 0, 0, 0, 0, 0, 0, 0, 0, 0
137490, 0, 0, 0, 0, 0, 0, 0, 0, 0, 0, 0, 0
137500, 0, 0, 0, 0, 0, 0, 0, 0, 0, 0, 0, 0
137510, 0, 0, 0, 0, 0, 0, 0, 0, 0, 0, 0, 0
137521, 0, 0, 0, 0, 0, 0, 0, 0, 0, 0, 0, 0
137530, 0, 0, 0, 0, 0, 0, 0, 0, 0, 0, 0, 0
137540, 0, 0, 0, 0, 0, 0, 0, 0, 0, 0, 0, 0
137550, 0, 0, 0, 0, 0, 0, 0, 0, 0, 0, 0, 0
137561, 0, 0, 0, 0, 0, 0, 0, 0, 0, 0, 0, 0
137570, 0, 0, 0, 0, 0, 0, 0, 0, 0, 0, 0, 0
137580, 0, 0, 0, 0, 0, 0, 0, 0, 0, 0, 0, 0
137590, 0, 0, 0, 0, 0, 0, 0, 0, 0, 0, 0, 0
137601, 0, 0, 0, 0, 0, 0, 0, 0, 0, 0, 0, 0
137610, 0, 0, 0, 0, 0, 0, 0, 0, 0, 0, 0, 0
137620, 0, 0, 0, 0, 0, 0, 0, 0, 0, 0, 0, 0
137630, 0, 0, 0, 0, 0, 0, 0, 0, 0, 0, 0, 0
137640, 0, 0, 0, 0, 0, 0, 0, 0, 0, 0, 0, 0
137650, 0, 0, 0, 0, 0, 0, 0, 0, 0, 0, 0, 0
137660, 0, 0, 0, 0, 0, 0, 0, 0, 0, 0, 0, 0
137670, 0, 0, 0, 0, 0, 0, 0, 0, 0, 0, 0, 0
137680, 0, 0, 0, 0, 0, 0, 0, 0, 0, 0, 0, 0
137691, 0, 0, 0, 0, 0, 0, 0, 0, 0, 0, 0, 0
137700, 0, 0, 0, 0, 0, 0, 0, 0, 0, 0, 0, 0
137710, 0, 0, 0, 0, 0, 0, 0, 0, 0, 0, 0, 0
137720, 0, 0, 0, 0, 0, 0, 0, 0, 0, 0, 0, 0
137731, 0, 0, 0, 0, 0, 0, 0, 0, 0, 0, 0, 0
137740, 0, 0, 0, 0, 0, 0, 0, 0, 0, 0, 0, 0
137750, 0, 0, 0, 0, 0, 0, 0, 0, 0, 0, 0, 0
137760, 0, 0, 0, 0, 0, 0, 0, 0, 0, 0, 0, 0
137771, 0, 0, 0, 0, 0, 0, 0, 0, 0, 0, 0, 0
137780, 0, 0, 0, 0, 0, 0, 0, 0, 0, 0, 0, 0
137790, 0, 0, 0, 0, 0, 0, 0, 0, 0, 0, 0, 0
137800, 0, 0, 0, 0, 0, 0, 0, 0, 0, 0, 0, 0
137810, 0, 0, 0, 0, 0, 0, 0, 0, 0, 0, 0, 0
137820, 0, 0, 0, 0, 0, 0, 0, 0, 0, 0, 0, 0
137830, 0, 0, 0, 0, 0, 0, 0, 0, 0, 0, 0, 0
137840, 0, 0, 0, 0, 0, 0, 0, 0, 0, 0, 0, 0
137850, 0, 0, 0, 0, 0, 0, 0, 0, 0, 0, 0, 0
137861, 0, 0, 0, 0, 0, 0, 0, 0, 0, 0, 0, 0
137870, 0, 0, 0, 0, 0, 0, 0, 0, 0, 0, 0, 0
137880, 0, 0, 0, 0, 0, 0, 0, 0, 0, 0, 0, 0
137890, 0, 0, 0, 0, 0, 0, 0, 0, 0, 0, 0, 0
137901, 0, 0, 0, 0, 0, 0, 0, 0, 0, 0, 0, 0
137910, 0, 0, 0, 0, 0, 0, 0, 0, 0, 0, 0, 0
137920, 0, 0, 0, 0, 0, 0, 0, 0, 0, 0, 0, 0
137930, 0, 0, 0, 0, 0, 0, 0, 0, 0, 0, 0, 0
137940, 0, 0, 0, 0, 0, 0, 0, 0, 0, 0, 0, 0
137950, 0, 0, 0, 0, 0, 0, 0, 0, 0, 0, 0, 0
137960, 0, 0, 0, 0, 0, 0, 0, 0, 0, 0, 0, 0
137970, 0, 0, 0, 0, 0, 0, 0, 0, 0, 0, 0, 0
137980, 0, 0, 0, 0, 0, 0, 0, 0, 0, 0, 0, 0
137990, 0, 0, 0, 0, 0, 0, 0, 0, 0, 0, 0, 0
138000, 0, 0, 0, 0, 0, 0, 0, 0, 0, 0, 0, 0
138010, 0, 0, 0, 0, 0, 0, 0, 0, 0, 0, 0, 0
138020, 0, 0, 0, 0, 0, 0, 0, 0, 0, 0, 0, 0
138031, 0, 0, 0, 0, 0, 0, 0, 0, 0, 0, 0, 0
138040, 0, 0, 0, 0, 0, 0, 0, 0, 0, 0, 0, 0
138050, 0, 0, 0, 0, 0, 0, 0, 0, 0, 0, 0, 0
138060, 0, 0, 0, 0, 0, 0, 0, 0, 0, 0, 0, 0
138071, 0, 0, 0, 0, 0, 0, 0, 0, 0, 0, 0, 0
138080, 0, 0, 0, 0, 0, 0, 0, 0, 0, 0, 0, 0
138090, 0, 0, 0, 0, 0, 0, 0, 0, 0, 0, 0, 0
138100, 0, 0, 0, 0, 0, 0, 0, 0, 0, 0, 0, 0
138110, 0, 0, 0, 0, 0, 0, 0, 0, 0, 0, 0, 0
138120, 0, 0, 0, 0, 0, 0, 0, 0, 0, 0, 0, 0
138130, 0, 0, 0, 0, 0, 0, 0, 0, 0, 0, 0, 0
138140, 0, 0, 0, 0, 0, 0, 0, 0, 0, 0, 0, 0
138150, 0, 0, 0, 0, 0, 0, 0, 0, 0, 0, 0, 0
138160, 0, 0, 0, 0, 0, 0, 0, 0, 0, 0, 0, 0
138170, 0, 0, 0, 0, 0, 0, 0, 0, 0, 0, 0, 0
138180, 0, 0, 0, 0, 0, 0, 0, 0, 0, 0, 0, 0
138190, 0, 0, 0, 0, 0, 0, 0, 0, 0, 0, 0, 0
138201, 0, 0, 0, 0, 0, 0, 0, 0, 0, 0, 0, 0
138210, 0, 0, 0, 0, 0, 0, 0, 0, 0, 0, 0, 0
138220, 0, 0, 0, 0, 0, 0, 0, 0, 0, 0, 0, 0
138230, 0, 0, 0, 0, 0, 0, 0, 0, 0, 0, 0, 0
138241, 0, 0, 0, 0, 0, 0, 0, 0, 0, 0, 0, 0
138250, 0, 0, 0, 0, 0, 0, 0, 0, 0, 0, 0, 0
138260, 0, 0, 0, 0, 0, 0, 0, 0, 0, 0, 0, 0
138270, 0, 0, 0, 0, 0, 0, 0, 0, 0, 0, 0, 0
138280, 0, 0, 0, 0, 0, 0, 0, 0, 0, 0, 0, 0
138290, 0, 0, 0, 0, 0, 0, 0, 0, 0, 0, 0, 0
138300, 0, 0, 0, 0, 0, 0, 0, 0, 0, 0, 0, 0
138310, 0, 0, 0, 0, 0, 0, 0, 0, 0, 0, 0, 0
138320, 0, 0, 0, 0, 0, 0, 0, 0, 0, 0, 0, 0
138331, 0, 0, 0, 0, 0, 0, 0, 0, 0, 0, 0, 0
138340, 0, 0, 0, 0, 0, 0, 0, 0, 0, 0, 0, 0
138350, 0, 0, 0, 0, 0, 0, 0, 0, 0, 0, 0, 0
138360, 0, 0, 0, 0, 0, 0, 0, 0, 0, 0, 0, 0
138371, 0, 0, 0, 0, 0, 0, 0, 0, 0, 0, 0, 0
138380, 0, 0, 0, 0, 0, 0, 0, 0, 0, 0, 0, 0
138390, 0, 0, 0, 0, 0, 0, 0, 0, 0, 0, 0, 0
138400, 0, 0, 0, 0, 0, 0, 0, 0, 0, 0, 0, 0
138411, 0, 0, 0, 0, 0, 0, 0, 0, 0, 0, 0, 0
138420, 0, 0, 0, 0, 0, 0, 0, 0, 0, 0, 0, 0
138430, 0, 0, 0, 0, 0, 0, 0, 0, 0, 0, 0, 0
138440, 0, 0, 0, 0, 0, 0, 0, 0, 0, 0, 0, 0
138450, 0, 0, 0, 0, 0, 0, 0, 0, 0, 0, 0, 0
138460, 0, 0, 0, 0, 0, 0, 0, 0, 0, 0, 0, 0
138470, 0, 0, 0, 0, 0, 0, 0, 0, 0, 0, 0, 0
138480, 0, 0, 0, 0, 0, 0, 0, 0, 0, 0, 0, 0
138490, 0, 0, 0, 0, 0, 0, 0, 0, 0, 0, 0, 0
138501, 0, 0, 0, 0, 0, 0, 0, 0, 0, 0, 0, 0
138510, 0, 0, 0, 0, 0, 0, 0, 0, 0, 0, 0, 0
138520, 0, 0, 0, 0, 0, 0, 0, 0, 0, 0, 0, 0
138530, 0, 0, 0, 0, 0, 0, 0, 0, 0, 0, 0, 0
138541, 0, 0, 0, 0, 0, 0, 0, 0, 0, 0, 0, 0
138550, 0, 0, 0, 0, 0, 0, 0, 0, 0, 0, 0, 0
138560, 0, 0, 0, 0, 0, 0, 0, 0, 0, 0, 0, 0
138570, 0, 0, 0, 0, 0, 0, 0, 0, 0, 0, 0, 0
138580, 0, 0, 0, 0, 0, 0, 0, 0, 0, 0, 0, 0
138590, 0, 0, 0, 0, 0, 0, 0, 0, 0, 0, 0, 0
138600, 0, 0, 0, 0, 0, 0, 0, 0, 0, 0, 0, 0
138610, 0, 0, 0, 0, 0, 0, 0, 0, 0, 0, 0, 0
138620, 0, 0, 0, 0, 0, 0, 0, 0, 0, 0, 0, 0
138630, 0, 0, 0, 0, 0, 0, 0, 0, 0, 0, 0, 0
138640, 0, 0, 0, 0, 0, 0, 0, 0, 0, 0, 0, 0
138650, 0, 0, 0, 0, 0, 0, 0, 0, 0, 0, 0, 0
138660, 0, 0, 0, 0, 0, 0, 0, 0, 0, 0, 0, 0
138671, 0, 0, 0, 0, 0, 0, 0, 0, 0, 0, 0, 0
138680, 0, 0, 0, 0, 0, 0, 0, 0, 0, 0, 0, 0
138690, 0, 0, 0, 0, 0, 0, 0, 0, 0, 0, 0, 0
138700, 0, 0, 0, 0, 0, 0, 0, 0, 0, 0, 0, 0
138711, 0, 0, 0, 0, 0, 0, 0, 0, 0, 0, 0, 0
138720, 0, 0, 0, 0, 0, 0, 0, 0, 0, 0, 0, 0
138730, 0, 0, 0, 0, 0, 0, 0, 0, 0, 0, 0, 0
138740, 0, 0, 0, 0, 0, 0, 0, 0, 0, 0, 0, 0
138750, 0, 0, 0, 0, 0, 0, 0, 0, 0, 0, 0, 0
138760, 0, 0, 0, 0, 0, 0, 0, 0, 0, 0, 0, 0
138770, 0, 0, 0, 0, 0, 0, 0, 0, 0, 0, 0, 0
138780, 0, 0, 0, 0, 0, 0, 0, 0, 0, 0, 0, 0
138790, 0, 0, 0, 0, 0, 0, 0, 0, 0, 0, 0, 0
138801, 0, 0, 0, 0, 0, 0, 0, 0, 0, 0, 0, 0
138810, 0, 0, 0, 0, 0, 0, 0, 0, 0, 0, 0, 0
138820, 0, 0, 0, 0, 0, 0, 0, 0, 0, 0, 0, 0
138830, 0, 0, 0, 0, 0, 0, 0, 0, 0, 0, 0, 0
138841, 10, 0, 0, 10, 10, 9.45014, 9.19504, 0, 0, 0, 0, 0
138850, 10, 0, 0, 10, 10, 10.8564, 10.5633, 0, 0, 0, 0, 0
138860, 10, 5.60297, 5.57843, 4.39703, 4.42157, 6.96775, 6.80223, 0, 0, 0, 0, 0
138870, 10, 12.6225, 12.2613, -2.62247, -2.26133, 0.952559, 1.26228, 0, 0, 0, 0, 0
138881, 10, 14.3861, 14.018, -4.38611, -4.01795, -1.08289, -0.662363, 0, 0, 0, 0, 0
138891, 10, 9.45984, 9.48088, 0.540159, 0.519122, 2.95571, 2.95973, 0, 0, 0, 0, 0
138900, 10, 3.15562, 3.50624, 6.84438, 6.49376, 8.98925, 8.52446, 0, 0, 0, 0, 0
138910, 10, 2.45437, 3.15211, 7.54563, 6.84789, 10.6144, 9.73862, 0, 0, 0, 0, 0
138920, 10, 7.70321, 7.69971, 2.29679, 2.30029, 6.7153, 6.49407, 0, 0, 0, 0, 0
138931, 10, 13.3167, 12.2859, -3.31671, -2.28587, 1.73346, 2.59182, 0, 0, 0, 0, 0
138940, 10, 14.3791, 13.6568, -4.3791, -3.65681, 0.26307, 1.01847, 0, 0, 0, 0, 0
138950, 10, 10.1576, 10.5222, -0.157582, -0.522232, 3.63665, 3.40037, 0, 0, 0, 0, 0
138960, 10, 4.56513, 5.62051, 5.43487, 4.37949, 8.89944, 7.83607, 0, 0, 0, 0, 0
138971, 10, 4.5511, 5.25235, 5.4489, 4.74765, 9.67697, 8.77383, 0, 0, 0, 0, 0
138981, 10, 9.0987, 8.75509, 0.901302, 1.24491, 6.14568, 6.20267, 0, 0, 0, 0, 0
138990, 10, 13.7059, 12.2999, -3.7059, -2.2999, 1.91856, 3.11354, 0, 0, 0, 0, 0
139000, 10, 13.6673, 12.9661, -3.66733, -2.96608, 1.43386, 2.18629, 0, 0, 0, 0, 0
139011, 10, 9.82449, 10.1751, 0.17551, -0.175114, 4.54968, 4.34675, 0, 0, 0, 0, 0
139021, 10, 5.60648, 7.00547, 4.39352, 2.99453, 8.56044, 7.23728, 0, 0, 0, 0, 0
139030, 10, 6.30773, 7.00898, 3.69227, 2.99102, 8.51559, 7.6438, 0, 0, 0, 0, 0
139040, 10, 10.5187, 9.82098, -0.518725, 0.179017, 5.05537, 5.46741, 0, 0, 0, 0, 0
139051, 10, 12.9801, 11.9247, -2.98011, -1.92473, 2.65638, 3.5575, 0, 0, 0, 0, 0
139061, 10, 12.2648, 12.2543, -2.26483, -2.25432, 2.91325, 2.99108, 0, 0, 0, 0, 0
139070, 10, 9.46685, 9.81046, 0.533147, 0.189535, 5.23889, 4.92976, 0, 0, 0, 0, 0
139080, 10, 6.65835, 7.71724, 3.34165, 2.28276, 7.96793, 6.88042, 0, 0, 0, 0, 0
139090, 10, 8.06786, 8.40446, 1.93214, 1.59554, 7.10584, 6.56087, 0, 0, 0, 0, 0
139101, 10, 11.213, 10.5328, -1.21296, -0.53275, 4.40539, 4.82221, 0, 0, 0, 0, 0
139111, 10, 12.2613, 11.9037, -2.26133, -1.90369, 3.2441, 3.48873, 0, 0, 0, 0, 0
139120, 10, 11.2305, 11.2235, -1.23049, -1.22348, 3.90025, 3.85371, 0, 0, 0, 0, 0
139130, 10, 8.7621, 9.11623, 1.2379, 0.883771, 6.05988, 5.62393, 0, 0, 0, 0, 0
139141, 10, 8.05734, 8.40797, 1.94266, 1.59203, 6.89996, 6.3961, 0, 0, 0, 0, 0
139151, 10, 9.47036, 9.48088, 0.529641, 0.519122, 5.83783, 5.62739, 0, 0, 0, 0, 0
139160, 10, 11.22, 11.213, -1.21997, -1.21296, 4.2589, 4.10577, 0, 0, 0, 0, 0
139170, 10, 11.213, 10.8693, -1.21296, -0.869349, 4.09397, 4.25575, 0, 0, 0, 0, 0
139181, 10, 9.82449, 10.1611, 0.17551, -0.161089, 5.23552, 4.78805, 0, 0, 0, 0, 0
139191, 10, 8.75509, 8.7621, 1.24491, 1.2379, 6.2708, 6.05238, 0, 0, 0, 0, 0
139200, 10, 9.13025, 9.48088, 0.869746, 0.519122, 6.09133, 5.56084, 0, 0, 0, 0, 0
139210, 10, 10.5082, 10.5082, -0.508206, -0.508206, 4.91145, 4.68724, 0, 0, 0, 0, 0
139220, 10, 10.8764, 11.22, -0.876362, -1.21997, 4.49207, 3.96323, 0, 0, 0, 0, 0
139231, 10, 10.5012, 10.1576, -0.501194, -0.157582, 4.72338, 4.77318, 0, 0, 0, 0, 0
139240, 10, 9.13025, 9.46685, 0.869746, 0.533147, 5.94845, 5.38674, 0, 0, 0, 0, 0
139250, 10, 9.44932, 9.46685, 0.550678, 0.533147, 5.76924, 5.45969, 0, 0, 0, 0, 0
139260, 10, 10.1821, 10.1751, -0.182126, -0.175114, 5.15417, 4.88139, 0, 0, 0, 0, 0
139271, 10, 10.4977, 10.8588, -0.497688, -0.858831, 4.83034, 4.22875, 0, 0, 0, 0, 0
139281, 10, 9.828, 10.1611, 0.172004, -0.161089, 5.39322, 4.75282, 0, 0, 0, 0, 0
139290, 10, 9.81046, 9.47387, 0.189535, 0.526134, 5.43398, 5.36268, 0, 0, 0, 0, 0
139300, 10, 9.47036, 9.47036, 0.529641, 0.529641, 5.78204, 5.43789, 0, 0, 0, 0, 0
139311, 10, 10.1716, 9.82098, -0.171608, 0.179017, 5.19383, 5.18796, 0, 0, 0, 0, 0
139321, 10, 10.1541, 10.5047, -0.154077, -0.504701, 5.18626, 4.58378, 0, 0, 0, 0, 0
139330, 10, 10.1751, 10.1751, -0.175114, -0.175114, 5.14472, 4.81778, 0, 0, 0, 0, 0
139340, 10, 9.82098, 9.45984, 0.179017, 0.540159, 5.45475, 5.45151, 0, 0, 0, 0, 0
139351, 10, 10.1716, 9.47737, -0.171608, 0.522629, 5.14858, 5.5093, 0, 0, 0, 0, 0
139361, 10, 10.5082, 10.1576, -0.508206, -0.157582, 4.80636, 4.95536, 0, 0, 0, 0, 0
139370, 10, 10.1751, 10.5082, -0.175114, -0.508206, 5.04967, 4.61139, 0, 0, 0, 0, 0
139380, 10, 9.81748, 9.82449, 0.182523, 0.17551, 5.36301, 5.17054, 0, 0, 0, 0, 0
139390, 10, 10.1471, 9.45283, -0.147064, 0.547172, 5.07722, 5.5363, 0, 0, 0, 0, 0
139401, 10, 10.1681, 9.82098, -0.168101, 0.179017, 5.03665, 5.27264, 0, 0, 0, 0, 0
139410, 10, 9.83501, 10.5187, 0.164991, -0.518725, 5.32779, 4.65556, 0, 0, 0, 0, 0
139420, 10, 9.81046, 9.82098, 0.189535, 0.179017, 5.37419, 5.22616, 0, 0, 0, 0, 0
139430, 10, 10.1576, 9.82098, -0.157582, 0.179017, 5.07281, 5.25066, 0, 0, 0, 0, 0
139441, 10, 10.1786, 10.1751, -0.17862, -0.175114, 5.03077, 4.94953, 0, 0, 0, 0, 0
139451, 10, 9.79995, 10.1436, 0.200054, -0.143558, 5.3635, 4.95458, 0, 0, 0, 0, 0
139460, 10, 10.1681, 9.828, -0.168101, 0.172004, 5.04372, 5.2251, 0, 0, 0, 0, 0
139470, 10, 10.1821, 10.1786, -0.182126, -0.17862, 5.00683, 4.92624, 0, 0, 0, 0, 0
139481, 10, 10.1471, 10.1471, -0.147064, -0.147064, 5.01435, 4.93081, 0, 0, 0, 0, 0
139491, 10, 9.81046, 9.81046, 0.189535, 0.189535, 5.31176, 5.22019, 0, 0, 0, 0, 0
139500, 10, 10.1821, 9.8315, -0.182126, 0.168498, 4.98719, 5.22678, 0, 0, 0, 0, 0
139510, 10, 10.1681, 10.1716, -0.168101, -0.171608, 4.97483, 4.93711, 0, 0, 0, 0, 0
139521, 10, 10.1751, 10.1611, -0.175114, -0.161089, 4.94457, 4.9233, 0, 0, 0, 0, 0
139531, 10, 9.79644, 9.80696, 0.20356, 0.193042, 5.2778, 5.22688, 0, 0, 0, 0, 0
139540, 10, 9.82449, 9.81748, 0.17551, 0.182523, 5.27991, 5.24363, 0, 0, 0, 0, 0
139550, 10, 9.82449, 10.1716, 0.17551, -0.171608, 5.3046, 4.94298, 0, 0, 0, 0, 0
139560, 10, 9.82098, 9.82098, 0.179017, 0.179017, 5.33259, 5.2419, 0, 0, 0, 0, 0
139571, 10, 10.1506, 10.1506, -0.15057, -0.15057, 5.0463, 4.96333, 0, 0, 0, 0, 0
139580, 10, 10.1751, 9.828, -0.175114, 0.172004, 5.00193, 5.23934, 0, 0, 0, 0, 0
139590, 10, 10.1681, 9.82449, -0.168101, 0.17551, 4.98393, 5.2661, 0, 0, 0, 0, 0
139600, 10, 9.828, 10.1751, 0.172004, -0.175114, 5.2817, 4.96771, 0, 0, 0, 0, 0
139611, 10, 10.1681, 10.5187, -0.168101, -0.518725, 4.98448, 4.6278, 0, 0, 0, 0, 0
139621, 10, 10.1471, 9.79995, -0.147064, 0.200054, 4.98072, 5.21774, 0, 0, 0, 0, 0
139630, 10, 10.1821, 9.828, -0.182126, 0.172004, 4.92691, 5.21933, 0, 0, 0, 0, 0
139640, 10, 9.81748, 10.1576, 0.182523, -0.157582, 5.2459, 4.93981, 0, 0, 0, 0, 0
139651, 10, 9.80696, 9.81748, 0.193042, 0.182523, 5.2815, 5.23097, 0, 0, 0, 0, 0
139661, 10, 10.1506, 9.79995, -0.15057, 0.200054, 4.98393, 5.27207, 0, 0, 0, 0, 0
139670, 10, 9.82449, 9.82449, 0.17551, 0.17551, 5.27091, 5.27687, 0, 0, 0, 0, 0
139680, 10, 10.1786, 10.1786, -0.17862, -0.17862, 4.96093, 4.97526, 0, 0, 0, 0, 0
139691, 10, 9.82449, 10.1541, 0.17551, -0.154077, 5.27047, 4.97339, 0, 0, 0, 0, 0
139701, 10, 10.133, 9.80345, -0.133039, 0.196548, 5.00357, 5.27471, 0, 0, 0, 0, 0
139710, 10, 9.84202, 10.1856, 0.157979, -0.185633, 5.25988, 4.95018, 0, 0, 0, 0, 0
139720, 10, 10.1576, 10.1681, -0.157582, -0.168101, 4.98388, 4.9409, 0, 0, 0, 0, 0
139730, 10, 10.1681, 9.81748, -0.168101, 0.182523, 4.95178, 5.2403, 0, 0, 0, 0, 0
139741, 10, 9.81748, 10.1716, 0.182523, -0.171608, 5.25949, 4.93965, 0, 0, 0, 0, 0
139751, 10, 10.1716, 10.1436, -0.171608, -0.143558, 4.9505, 4.94197, 0, 0, 0, 0, 0
139760, 10, 10.1611, 9.82449, -0.161089, 0.17551, 4.9363, 5.21571, 0, 0, 0, 0, 0
139770, 10, 10.1681, 9.8315, -0.168101, 0.168498, 4.90702, 5.23327, 0, 0, 0, 0, 0
139781, 10, 9.81748, 10.1611, 0.182523, -0.161089, 5.21473, 4.95327, 0, 0, 0, 0, 0
139791, 10, 9.81046, 9.81748, 0.189535, 0.182523, 5.24702, 5.24718, 0, 0, 0, 0, 0
139800, 10, 9.828, 10.1541, 0.172004, -0.154077, 5.25711, 4.96265, 0, 0, 0, 0, 0
139810, 10, 10.1471, 9.81748, -0.147064, 0.182523, 4.97977, 5.25108, 0, 0, 0, 0, 0
139821, 10, 9.828, 9.8315, 0.172004, 0.168498, 5.26062, 5.26315, 0, 0, 0, 0, 0
139831, 10, 10.1716, 10.1681, -0.171608, -0.168101, 4.96009, 4.97671, 0, 0, 0, 0, 0
139840, 10, 10.1506, 10.1471, -0.15057, -0.147064, 4.95584, 4.97305, 0, 0, 0, 0, 0
139850, 10, 9.828, 10.1821, 0.172004, -0.182126, 5.2395, 4.92069, 0, 0, 0, 0, 0
139860, 10, 10.1611, 10.1611, -0.161089, -0.161089, 4.94891, 4.91511, 0, 0, 0, 0, 0
139871, 10, 9.82098, 9.81046, 0.179017, 0.189535, 5.24766, 5.21547, 0, 0, 0, 0, 0
139880, 10, 10.1611, 10.1681, -0.161089, -0.168101, 4.95143, 4.91255, 0, 0, 0, 0, 0
139890, 10, 9.81046, 10.1681, 0.189535, -0.168101, 5.26012, 4.88955, 0, 0, 0, 0, 0
139900, 10, 9.82098, 9.82098, 0.179017, 0.179017, 5.27684, 5.18573, 0, 0, 0, 0, 0
139911, 10, 10.1611, 9.81046, -0.161089, 0.189535, 4.9806, 5.21989, 0, 0, 0, 0, 0
139921, 10, 10.1681, 10.1681, -0.168101, -0.168101, 4.95132, 4.91698, 0, 0, 0, 0, 0
139930, 10, 9.8315, 10.1751, 0.168498, -0.175114, 5.24578, 4.88753, 0, 0, 0, 0, 0
139940, 10, 10.1611, 9.81046, -0.161089, 0.189535, 4.95801, 5.19887, 0, 0, 0, 0, 0
139951, 10, 9.81046, 9.81046, 0.189535, 0.189535, 5.2667, 5.2248, 0, 0, 0, 0, 0
139961, 10, 10.1576, 10.1681, -0.157582, -0.168101, 4.96532, 4.92189, 0, 0, 0, 0, 0
139970, 10, 10.1821, 9.82449, -0.182126, 0.17551, 4.91997, 5.21484, 0, 0, 0, 0, 0
139980, 10, 10.1716, 9.828, -0.171608, 0.172004, 4.9043, 5.23563, 0, 0, 0, 0, 0
139991, 10, 10.1576, 9.81046, -0.157582, 0.189535, 4.89342, 5.27528, 0, 0, 0, 0, 0
140001, 10, 9.79995, 10.1365, 0.200054, -0.136545, 5.20923, 5.00139, 0, 0, 0, 0, 0
140010, 10, 10.1681, 9.82098, -0.168101, 0.179017, 4.88945, 5.27286, 0, 0, 0, 0, 0
140020, 10, 10.1891, 9.8315, -0.189138, 0.168498, 4.84593, 5.28768, 0, 0, 0, 0, 0
140030, 10, 10.1541, 9.46685, -0.154077, 0.533147, 4.85247, 5.64604, 0, 0, 0, 0, 0
140041, 10, 10.1576, 10.1576, -0.157582, -0.157582, 4.82749, 5.08386, 0, 0, 0, 0, 0
140050, 10, 9.828, 10.5187, 0.172004, -0.518725, 5.11679, 4.73022, 0, 0, 0, 0, 0
140060, 10, 10.1506, 9.81046, -0.15057, 0.189535, 4.83614, 5.3105, 0, 0, 0, 0, 0
140070, 10, 10.1786, 9.828, -0.17862, 0.172004, 4.78846, 5.32031, 0, 0, 0, 0, 0
140081, 10, 10.1611, 10.1611, -0.161089, -0.161089, 4.77991, 5.03756, 0, 0, 0, 0, 0
140091, 10, 9.81046, 10.1541, 0.189535, -0.154077, 5.0886, 5.02197, 0, 0, 0, 0, 0
140100, 10, 9.81046, 9.82449, 0.189535, 0.17551, 5.11525, 5.30395, 0, 0, 0, 0, 0
140110, 10, 10.1891, 10.1856, -0.189138, -0.185633, 4.78405, 4.99589, 0, 0, 0, 0, 0
140121, 10, 10.1541, 10.1471, -0.154077, -0.147064, 4.79059, 5.00595, 0, 0, 0, 0, 0
140131, 10, 10.1541, 9.81748, -0.154077, 0.182523, 4.76892, 5.28889, 0, 0, 0, 0, 0
140140, 10, 9.8315, 9.828, 0.168498, 0.172004, 5.05209, 5.30419, 0, 0, 0, 0, 0
140150, 10, 9.82098, 10.5012, 0.179017, -0.501194, 5.08573, 4.70871, 0, 0, 0, 0, 0
140161, 10, 10.1541, 10.1786, -0.154077, -0.17862, 4.79613, 4.93674, 0, 0, 0, 0, 0
140171, 10, 10.1681, 9.81748, -0.168101, 0.182523, 4.76121, 5.24438, 0, 0, 0, 0, 0
140180, 10, 10.1681, 9.80696, -0.168101, 0.193042, 4.73757, 5.27902, 0, 0, 0, 0, 0
140190, 10, 9.80696, 10.1681, 0.193042, -0.168101, 5.05521, 4.97336, 0, 0, 0, 0, 0
140200, 10, 9.81046, 10.5082, 0.189535, -0.508206, 5.07905, 4.63763, 0, 0, 0, 0, 0
140211, 10, 9.81748, 10.1681, 0.182523, -0.168101, 5.09907, 4.88083, 0, 0, 0, 0, 0
140220, 10, 9.83851, 9.47387, 0.161486, 0.526134, 5.10486, 5.49618, 0, 0, 0, 0, 0
140230, 10, 10.5012, 9.47036, -0.501194, 0.529641, 4.50133, 5.57139, 0, 0, 0, 0, 0
140240, 10, 9.82098, 10.5187, 0.179017, -0.518725, 5.07366, 4.67988, 0, 0, 0, 0, 0
140251, 10, 9.47737, 10.8588, 0.522629, -0.858831, 5.42355, 4.29618, 0, 0, 0, 0, 0
140261, 10, 9.79644, 10.1681, 0.20356, -0.168101, 5.19552, 4.8138, 0, 0, 0, 0, 0
140270, 10, 10.1856, 9.47737, -0.185633, 0.522629, 4.85635, 5.42592, 0, 0, 0, 0, 0
140280, 10, 10.5082, 9.47036, -0.508206, 0.529641, 4.52541, 5.50388, 0, 0, 0, 0, 0
140291, 10, 9.81748, 10.1681, 0.182523, -0.168101, 5.10669, 4.93477, 0, 0, 0, 0, 0
140301, 10, 9.80345, 10.8518, 0.196548, -0.851818, 5.14561, 4.28309, 0, 0, 0, 0, 0
140310, 10, 9.81748, 10.1681, 0.182523, -0.168101, 5.16, 4.79522, 0, 0, 0, 0, 0
140320, 10, 10.1821, 9.48088, -0.182126, 0.519122, 4.84107, 5.40412, 0, 0, 0, 0, 0
140331, 10, 10.1716, 9.47036, -0.171608, 0.529641, 4.8254, 5.48483, 0, 0, 0, 0, 0
140341, 10, 10.1576, 10.1611, -0.157582, -0.161089, 4.81452, 4.92217, 0, 0, 0, 0, 0
140350, 10, 9.81046, 10.8553, 0.189535, -0.855325, 5.12039, 4.26177, 0, 0, 0, 0, 0
140360, 10, 9.828, 10.1821, 0.172004, -0.182126, 5.13047, 4.76375, 0, 0, 0, 0, 0
140370, 10, 9.81748, 9.47036, 0.182523, 0.529641, 5.1646, 5.3933, 0, 0, 0, 0, 0
140381, 10, 10.1471, 9.78592, -0.147064, 0.214079, 4.87881, 5.17561, 0, 0, 0, 0, 0
140391, 10, 9.82449, 9.828, 0.17551, 0.172004, 5.16296, 5.16622, 0, 0, 0, 0, 0
140400, 10, 10.1681, 10.5257, -0.168101, -0.525738, 4.86293, 4.54817, 0, 0, 0, 0, 0
140410, 10, 9.82449, 10.1611, 0.17551, -0.161089, 5.164, 4.81153, 0, 0, 0, 0, 0
140421, 10, 10.1506, 9.45633, -0.15057, 0.543666, 4.88054, 5.43752, 0, 0, 0, 0, 0
140431, 10, 10.1681, 9.82098, -0.168101, 0.179017, 4.84279, 5.17661, 0, 0, 0, 0, 0
140440, 10, 9.83501, 10.1751, 0.164991, -0.175114, 5.13393, 4.87548, 0, 0, 0, 0, 0
140450, 10, 9.81748, 10.5187, 0.182523, -0.518725, 5.1737, 4.53557, 0, 0, 0, 0, 0
140461, 10, 10.1541, 9.81046, -0.154077, 0.189535, 4.88128, 5.11584, 0, 0, 0, 0, 0
140471, 10, 10.1751, 9.47387, -0.175114, 0.526134, 4.83973, 5.45128, 0, 0, 0, 0, 0
140480, 10, 9.79644, 10.1436, 0.20356, -0.143558, 5.17296, 4.90748, 0, 0, 0, 0, 0
140490, 10, 9.8315, 10.1751, 0.168498, -0.175114, 5.16845, 4.85883, 0, 0, 0, 0, 0
140500, 10, 10.1541, 10.5187, -0.154077, -0.518725, 4.88731, 4.51891, 0, 0, 0, 0, 0
140511, 10, 10.1786, 10.1751, -0.17862, -0.175114, 4.84244, 4.76389, 0, 0, 0, 0, 0
140520, 10, 9.82098, 9.47036, 0.179017, 0.529641, 5.1553, 5.38795, 0, 0, 0, 0, 0
140530, 10, 9.81046, 9.81748, 0.189535, 0.182523, 5.19041, 5.14125, 0, 0, 0, 0, 0
140540, 10, 9.82449, 10.1681, 0.17551, -0.168101, 5.20381, 4.84382, 0, 0, 0, 0, 0
140551, 10, 10.1576, 10.5187, -0.157582, -0.518725, 4.91372, 4.49842, 0, 0, 0, 0, 0
140561, 10, 10.1751, 9.80696, -0.175114, 0.193042, 4.87499, 5.08192, 0, 0, 0, 0, 0
140570, 10, 9.81046, 9.82098, 0.189535, 0.179017, 5.19496, 5.09543, 0, 0, 0, 0, 0
140580, 10, 10.1541, 9.81748, -0.154077, 0.182523, 4.8969, 5.12315, 0, 0, 0, 0, 0
140591, 10, 9.82098, 10.1576, 0.179017, -0.157582, 5.19001, 4.8354, 0, 0, 0, 0, 0
140601, 10, 10.1681, 9.828, -0.168101, 0.172004, 4.88715, 5.11689, 0, 0, 0, 0, 0
140610, 10, 9.828, 10.1751, 0.172004, -0.175114, 5.18492, 4.82125, 0, 0, 0, 0, 0
140620, 10, 9.81046, 9.81046, 0.189535, 0.189535, 5.22567, 5.13259, 0, 0, 0, 0, 0
140631, 10, 9.81748, 9.80696, 0.182523, 0.193042, 5.2457, 5.16174, 0, 0, 0, 0, 0
140641, 10, 10.1471, 10.1541, -0.147064, -0.154077, 4.9599, 4.86898, 0, 0, 0, 0, 0
140650, 10, 10.1891, 10.1751, -0.189138, -0.175114, 4.89946, 4.82856, 0, 0, 0, 0, 0
140660, 10, 10.1541, 10.1611, -0.154077, -0.161089, 4.906, 4.81749, 0, 0, 0, 0, 0
140670, 10, 9.80696, 9.82098, 0.193042, 0.179017, 5.21236, 5.10818, 0, 0, 0, 0, 0
140681, 10, 10.1681, 9.81748, -0.168101, 0.182523, 4.89822, 5.1359, 0, 0, 0, 0, 0
140690, 10, 9.8315, 10.1611, 0.168498, -0.161089, 5.19267, 4.84492, 0, 0, 0, 0, 0
140700, 10, 10.1611, 10.1786, -0.161089, -0.17862, 4.9049, 4.80676, 0, 0, 0, 0, 0
140710, 10, 10.1681, 9.81748, -0.168101, 0.182523, 4.87562, 5.11439, 0, 0, 0, 0, 0
140721, 10, 9.81046, 9.80345, 0.189535, 0.196548, 5.18996, 5.15226, 0, 0, 0, 0, 0
140731, 10, 9.82098, 10.1716, 0.179017, -0.171608, 5.20667, 4.84063, 0, 0, 0, 0, 0
140740, 10, 10.1611, 10.1716, -0.161089, -0.171608, 4.91044, 4.81715, 0, 0, 0, 0, 0
140750, 10, 10.1786, 10.1786, -0.17862, -0.17862, 4.87122, 4.78722, 0, 0, 0, 0, 0
140761, 10, 9.80345, 10.1471, 0.196548, -0.147064, 5.20064, 4.7918, 0, 0, 0, 0, 0
140771, 10, 10.1611, 9.47036, -0.161089, 0.529641, 4.89031, 5.39391, 0, 0, 0, 0, 0
140780, 10, 9.83501, 9.83501, 0.164991, 0.164991, 5.1758, 5.13108, 0, 0, 0, 0, 0
140790, 10, 10.1541, 10.1576, -0.154077, -0.157582, 4.89748, 4.85705, 0, 0, 0, 0, 0
140801, 10, 10.1541, 10.5047, -0.154077, -0.504701, 4.87582, 4.51631, 0, 0, 0, 0, 0
140811, 10, 9.82098, 9.81748, 0.179017, 0.182523, 5.16893, 5.07916, 0, 0, 0, 0, 0
140820, 10, 9.82098, 9.81748, 0.179017, 0.182523, 5.1941, 5.10413, 0, 0, 0, 0, 0
140830, 10, 9.81748, 9.82449, 0.182523, 0.17551, 5.22259, 5.12266, 0, 0, 0, 0, 0
140840, 10, 10.1786, 10.1716, -0.17862, -0.171608, 4.90697, 4.8275, 0, 0, 0, 0, 0
140851, 10, 10.1436, 10.1471, -0.143558, -0.147064, 4.91499, 4.82658, 0, 0, 0, 0, 0
140861, 10, 9.82449, 10.1681, 0.17551, -0.168101, 5.19632, 4.78712, 0, 0, 0, 0, 0
140870, 10, 9.81046, 9.47387, 0.189535, 0.526134, 5.23426, 5.40247, 0, 0, 0, 0, 0
140880, 10, 9.82449, 10.1716, 0.17551, -0.171608, 5.24766, 4.83288, 0, 0, 0, 0, 0
140891, 10, 10.1821, 10.1611, -0.182126, -0.161089, 4.93437, 4.81907, 0, 0, 0, 0, 0
140901, 10, 10.1541, 10.1751, -0.154077, -0.175114, 4.93526, 4.78414, 0, 0, 0, 0, 0
140910, 10, 10.1751, 9.828, -0.175114, 0.172004, 4.89371, 5.07935, 0, 0, 0, 0, 0
140920, 10, 9.81748, 9.80345, 0.182523, 0.196548, 5.20706, 5.12545, 0, 0, 0, 0, 0
140931, 10, 10.1436, 10.1541, -0.143558, -0.154077, 4.92458, 4.82995, 0, 0, 0, 0, 0
140941, 10, 10.1821, 10.1821, -0.182126, -0.182126, 4.86794, 4.78307, 0, 0, 0, 0, 0
140950, 10, 9.81046, 10.1506, 0.189535, -0.15057, 5.19356, 4.78717, 0, 0, 0, 0, 0
140960, 10, 9.8315, 9.8315, 0.168498, 0.168498, 5.20033, 5.05995, 0, 0, 0, 0, 0
140971, 10, 9.81046, 9.45984, 0.189535, 0.540159, 5.2439, 5.42475, 0, 0, 0, 0, 0
140981, 10, 10.4977, 10.1541, -0.497688, -0.154077, 4.62112, 4.86031, 0, 0, 0, 0, 0
140990, 10, 9.83501, 10.5117, 0.164991, -0.511713, 5.17738, 4.51038, 0, 0, 0, 0, 0
141000, 10, 9.82098, 10.1821, 0.179017, -0.182126, 5.21383, 4.74342, 0, 0, 0, 0, 0
141010, 10, 10.1541, 9.81748, -0.154077, 0.182523, 4.92423, 5.05379, 0, 0, 0, 0, 0
141021, 10, 10.1681, 9.45633, -0.168101, 0.543666, 4.88931, 5.41084, 0, 0, 0, 0, 0
141031, 10, 10.1576, 9.80696, -0.157582, 0.193042, 4.87561, 5.16283, 0, 0, 0, 0, 0
141040, 10, 9.82449, 10.5328, 0.17551, -0.53275, 5.16823, 4.52187, 0, 0, 0, 0, 0
141050, 10, 9.828, 10.5187, 0.172004, -0.518725, 5.18959, 4.46187, 0, 0, 0, 0, 0
141061, 10, 10.1611, 9.47737, -0.161089, 0.522629, 4.899, 5.34843, 0, 0, 0, 0, 0
141071, 10, 10.1436, 9.4388, -0.143558, 0.561197, 4.89292, 5.4554, 0, 0, 0, 0, 0
141080, 10, 9.8315, 9.8315, 0.168498, 0.168498, 5.16763, 5.1711, 0, 0, 0, 0, 0
141090, 10, 9.81748, 10.5222, 0.182523, -0.522232, 5.20458, 4.55903, 0, 0, 0, 0, 0
141101, 10, 10.1681, 10.5187, -0.168101, -0.518725, 4.8989, 4.4908, 0, 0, 0, 0, 0
141111, 10, 10.1576, 9.79644, -0.157582, 0.20356, 4.8852, 5.08396, 0, 0, 0, 0, 0
141120, 10, 9.82449, 9.48088, 0.17551, 0.519122, 5.17782, 5.40198, 0, 0, 0, 0, 0
141130, 10, 9.80696, 9.80696, 0.193042, 0.193042, 5.21907, 5.17318, 0, 0, 0, 0, 0
141140, 10, 10.1751, 10.1751, -0.175114, -0.175114, 4.8983, 4.86107, 0, 0, 0, 0, 0
141151, 10, 10.1506, 10.5047, -0.15057, -0.504701, 4.89687, 4.53405, 0, 0, 0, 0, 0
141160, 10, 10.1962, 10.1856, -0.196151, -0.185633, 4.83262, 4.75838, 0, 0, 0, 0, 0
141170, 10, 9.80696, 9.81748, 0.193042, 0.182523, 5.17283, 5.0715, 0, 0, 0, 0, 0
141180, 10, 9.80696, 9.45283, 0.193042, 0.547172, 5.19998, 5.43177, 0, 0, 0, 0, 0
141191, 10, 10.1611, 10.1611, -0.161089, -0.161089, 4.89246, 4.85539, 0, 0, 0, 0, 0
141201, 10, 10.1681, 10.1716, -0.168101, -0.171608, 4.86318, 4.82368, 0, 0, 0, 0, 0
141210, 10, 9.828, 10.1751, 0.172004, -0.175114, 5.16095, 4.79697, 0, 0, 0, 0, 0
141220, 10, 9.82449, 9.82449, 0.17551, 0.17551, 5.18845, 5.09541, 0, 0, 0, 0, 0
141231, 10, 9.81046, 9.81046, 0.189535, 0.189535, 5.22639, 5.13232, 0, 0, 0, 0, 0
141241, 10, 10.1506, 9.79995, -0.15057, 0.200054, 4.93164, 5.16793, 0, 0, 0, 0, 0
141250, 10, 10.1716, 10.5117, -0.171608, -0.511713, 4.89058, 4.54083, 0, 0, 0, 0, 0
141260, 10, 9.8315, 10.1716, 0.168498, -0.171608, 5.18785, 4.78354, 0, 0, 0, 0, 0
141271, 10, 10.1506, 9.81046, -0.15057, 0.189535, 4.91002, 5.09213, 0, 0, 0, 0, 0
141281, 10, 9.82449, 9.48088, 0.17551, 0.519122, 5.197, 5.42112, 0, 0, 0, 0, 0
141290, 10, 10.1751, 10.1471, -0.175114, -0.147064, 4.89034, 4.87959, 0, 0, 0, 0, 0
141300, 10, 10.1506, 10.1716, -0.15057, -0.171608, 4.88891, 4.8369, 0, 0, 0, 0, 0
141310, 10, 9.80696, 10.1681, 0.193042, -0.168101, 5.19245, 4.81664, 0, 0, 0, 0, 0
141321, 10, 9.80696, 9.81046, 0.193042, 0.189535, 5.2196, 5.12249, 0, 0, 0, 0, 0
141330, 10, 9.84202, 9.82449, 0.157979, 0.17551, 5.21361, 5.13553, 0, 0, 0, 0, 0
141340, 10, 10.5012, 9.81748, -0.501194, 0.182523, 4.6129, 5.16599, 0, 0, 0, 0, 0
141350, 10, 9.828, 10.5292, 0.172004, -0.529244, 5.1786, 4.53649, 0, 0, 0, 0, 0
141361, 10, 9.81748, 10.1716, 0.182523, -0.171608, 5.21273, 4.79293, 0, 0, 0, 0, 0
141371, 10, 9.81748, 9.46685, 0.182523, 0.533147, 5.23839, 5.41747, 0, 0, 0, 0, 0
141380, 10, 10.5047, 9.79995, -0.504701, 0.200054, 4.61463, 5.18414, 0, 0, 0, 0, 0
141390, 10, 10.1821, 10.1821, -0.182126, -0.182126, 4.84849, 4.8601, 0, 0, 0, 0, 0
141401, 10, 9.81046, 10.5047, 0.189535, -0.504701, 5.1741, 4.53857, 0, 0, 0, 0, 0
141411, 10, 9.80345, 10.1506, 0.196548, -0.15057, 5.20738, 4.79513, 0, 0, 0, 0, 0
141420, 10, 10.1716, 9.82449, -0.171608, 0.17551, 4.88711, 5.07436, 0, 0, 0, 0, 0
141430, 10, 10.5222, 9.81748, -0.522232, 0.182523, 4.53163, 5.10483, 0, 0, 0, 0, 0
141441, 10, 10.1681, 9.8315, -0.168101, 0.168498, 4.79285, 5.11691, 0, 0, 0, 0, 0
141451, 10, 9.82098, 10.1681, 0.179017, -0.168101, 5.09725, 4.83046, 0, 0, 0, 0, 0
141460, 10, 9.44932, 10.1471, 0.550678, -0.147064, 5.47365, 4.8268, 0, 0, 0, 0, 0
141470, 10, 9.82098, 10.1751, 0.179017, -0.175114, 5.19986, 4.78088, 0, 0, 0, 0, 0
141480, 10, 10.5187, 9.46685, -0.518725, 0.533147, 4.56566, 5.40817, 0, 0, 0, 0, 0
141491, 10, 9.81748, 9.81748, 0.182523, 0.182523, 5.1554, 5.15872, 0, 0, 0, 0, 0
141500, 10, 9.82098, 10.1681, 0.179017, -0.168101, 5.17776, 4.8613, 0, 0, 0, 0, 0
141510, 10, 9.81046, 10.1681, 0.189535, -0.168101, 5.21287, 4.8383, 0, 0, 0, 0, 0
141520, 10, 10.1821, 9.83501, -0.182126, 0.164991, 4.8883, 5.12157, 0, 0, 0, 0, 0
141531, 10, 10.1681, 10.1681, -0.168101, -0.168101, 4.87594, 4.83787, 0, 0, 0, 0, 0
141541, 10, 10.4872, 10.133, -0.487169, -0.133039, 4.55078, 4.84711, 0, 0, 0, 0, 0
141550, 10, 9.8315, 10.1821, 0.168498, -0.182126, 5.10188, 4.78377, 0, 0, 0, 0, 0
141560, 10, 9.47036, 9.81046, 0.529641, 0.189535, 5.46686, 5.10059, 0, 0, 0, 0, 0
141571, 10, 9.80345, 9.46685, 0.196548, 0.533147, 5.22657, 5.44248, 0, 0, 0, 0, 0
141581, 10, 10.5328, 10.1786, -0.53275, -0.17862, 4.56501, 4.86096, 0, 0, 0, 0, 0
141590, 10, 10.1681, 10.1716, -0.168101, -0.171608, 4.83469, 4.84296, 0, 0, 0, 0, 0
141600, 10, 9.81046, 10.1576, 0.189535, -0.157582, 5.14902, 4.83238, 0, 0, 0, 0, 0
141611, 10, 9.45984, 9.45283, 0.540159, 0.547172, 5.50702, 5.45884, 0, 0, 0, 0, 0
141621, 10, 10.1541, 9.81748, -0.154077, 0.182523, 4.92692, 5.19841, 0, 0, 0, 0, 0
141630, 10, 10.1891, 10.1821, -0.189138, -0.182126, 4.87212, 4.88809, 0, 0, 0, 0, 0
141640, 10, 10.5187, 10.8623, -0.518725, -0.862337, 4.53405, 4.23772, 0, 0, 0, 0, 0
141650, 10, 9.80345, 9.81748, 0.196548, 0.182523, 5.13705, 5.08048, 0, 0, 0, 0, 0
141661, 10, 9.82098, 9.46685, 0.179017, 0.533147, 5.14812, 5.42785, 0, 0, 0, 0, 0
141671, 10, 9.81748, 9.81046, 0.182523, 0.189535, 5.17661, 5.18485, 0, 0, 0, 0, 0
141680, 10, 10.1576, 10.1611, -0.157582, -0.161089, 4.88087, 4.88838, 0, 0, 0, 0, 0
141690, 10, 10.1856, 10.5187, -0.185633, -0.518725, 4.83221, 4.53749, 0, 0, 0, 0, 0
141701, 10, 10.1436, 9.81046, -0.143558, 0.189535, 4.84586, 5.11776, 0, 0, 0, 0, 0
141711, 10, 9.81046, 9.81046, 0.189535, 0.189535, 5.14045, 5.1437, 0, 0, 0, 0, 0
141720, 10, 9.82098, 9.82449, 0.179017, 0.17551, 5.15717, 5.15674, 0, 0, 0, 0, 0
141730, 10, 9.82449, 10.1716, 0.17551, -0.171608, 5.17903, 4.86157, 0, 0, 0, 0, 0
141741, 10, 10.1716, 10.1716, -0.171608, -0.171608, 4.87568, 4.83809, 0, 0, 0, 0, 0
141751, 10, 10.1471, 9.79644, -0.147064, 0.20356, 4.87474, 5.15958, 0, 0, 0, 0, 0
141760, 10, 9.828, 9.82098, 0.172004, 0.179017, 5.15558, 5.16487, 0, 0, 0, 0, 0
141770, 10, 9.83501, 10.1962, 0.164991, -0.196151, 5.17314, 4.84439, 0, 0, 0, 0, 0
141780, 10, 10.1506, 10.1541, -0.15057, -0.154077, 4.89814, 4.85624, 0, 0, 0, 0, 0
141791, 10, 10.1751, 10.1751, -0.175114, -0.175114, 4.85377, 4.81582, 0, 0, 0, 0, 0
141800, 10, 10.1716, 9.80696, -0.171608, 0.193042, 4.83245, 5.13038, 0, 0, 0, 0, 0
141810, 10, 9.81748, 9.82449, 0.182523, 0.17551, 5.14298, 5.14067, 0, 0, 0, 0, 0
141820, 10, 9.80345, 10.1541, 0.196548, -0.154077, 5.1819, 4.86163, 0, 0, 0, 0, 0
141831, 10, 9.82449, 9.81046, 0.17551, 0.189535, 5.18966, 5.1565, 0, 0, 0, 0, 0
141841, 10, 10.1681, 10.1751, -0.168101, -0.175114, 4.88962, 4.84714, 0, 0, 0, 0, 0
141850, 10, 10.1716, 9.81748, -0.171608, 0.182523, 4.86267, 5.15202, 0, 0, 0, 0, 0
141860, 10, 9.81748, 9.81748, 0.182523, 0.182523, 5.1732, 5.177, 0, 0, 0, 0, 0
141871, 10, 9.81748, 10.1541, 0.182523, -0.154077, 5.19886, 4.89247, 0, 0, 0, 0, 0
141881, 10, 10.1506, 10.1716, -0.15057, -0.171608, 4.90975, 4.85527, 0, 0, 0, 0, 0
141890, 10, 10.1821, 9.82449, -0.182126, 0.17551, 4.85876, 5.15096, 0, 0, 0, 0, 0
141900, 10, 10.1576, 10.1576, -0.157582, -0.157582, 4.85634, 4.8687, 0, 0, 0, 0, 0
141911, 10, 9.81046, 9.82098, 0.189535, 0.179017, 5.16221, 5.15664, 0, 0, 0, 0, 0
141921, 10, 9.81748, 10.1681, 0.182523, -0.168101, 5.18224, 4.86196, 0, 0, 0, 0, 0
141930, 10, 9.8315, 10.1681, 0.168498, -0.168101, 5.19465, 4.83895, 0, 0, 0, 0, 0
141940, 10, 10.1611, 9.82098, -0.161089, 0.179017, 4.90688, 5.13513, 0, 0, 0, 0, 0
141950, 10, 10.1436, 9.80345, -0.143558, 0.196548, 4.9008, 5.17574, 0, 0, 0, 0, 0
141961, 10, 10.1821, 10.1786, -0.182126, -0.17862, 4.84416, 4.85767, 0, 0, 0, 0, 0
141970, 10, 9.81046, 10.1541, 0.189535, -0.154077, 5.16978, 4.8558, 0, 0, 0, 0, 0
141980, 10, 9.8315, 10.1891, 0.168498, -0.189138, 5.17655, 4.80248, 0, 0, 0, 0, 0
141990, 10, 10.1506, 9.80345, -0.15057, 0.196548, 4.89872, 5.13124, 0, 0, 0, 0, 0
142001, 10, 10.1821, 10.1681, -0.182126, -0.168101, 4.84773, 4.82283, 0, 0, 0, 0, 0
142011, 10, 9.79644, 10.1506, 0.20356, -0.15057, 5.18659, 4.81595, 0, 0, 0, 0, 0
142020, 10, 10.1751, 9.8315, -0.175114, 0.168498, 4.85737, 5.08873, 0, 0, 0, 0, 0
142030, 10, 9.82449, 9.828, 0.17551, 0.172004, 5.16409, 5.11501, 0, 0, 0, 0, 0
142041, 10, 10.1541, 10.1541, -0.154077, -0.154077, 4.8773, 4.83872, 0, 0, 0, 0, 0
142051, 10, 10.1611, 10.1576, -0.161089, -0.157582, 4.84901, 4.81441, 0, 0, 0, 0, 0
142060, 10, 9.82449, 9.47737, 0.17551, 0.522629, 5.14445, 5.41831, 0, 0, 0, 0, 0
142070, 10, 9.81046, 10.1576, 0.189535, -0.157582, 5.18238, 4.86436, 0, 0, 0, 0, 0
142081, 10, 9.828, 10.1716, 0.172004, -0.171608, 5.19247, 4.8299, 0, 0, 0, 0, 0
142091, 10, 10.5012, 10.1576, -0.501194, -0.157582, 4.58047, 4.81932, 0, 0, 0, 0, 0
142100, 10, 10.1821, 9.828, -0.182126, 0.172004, 4.81152, 5.10081, 0, 0, 0, 0, 0
142110, 10, 9.82098, 9.82449, 0.179017, 0.17551, 5.12719, 5.12757, 0, 0, 0, 0, 0
142120, 10, 9.45283, 10.1471, 0.547172, -0.147064, 5.50028, 4.85498, 0, 0, 0, 0, 0
142131, 10, 9.80696, 9.82098, 0.193042, 0.179017, 5.24257, 5.13469, 0, 0, 0, 0, 0
142140, 10, 10.5257, 10.1611, -0.525738, -0.161089, 4.59046, 4.84645, 0, 0, 0, 0, 0
142150, 10, 10.5187, 9.828, -0.518725, 0.172004, 4.52315, 5.13069, 0, 0, 0, 0, 0
142160, 10, 9.47387, 10.1506, 0.526134, -0.15057, 5.43761, 4.85762, 0, 0, 0, 0, 0
142171, 10, 9.47036, 10.1891, 0.529641, -0.189138, 5.51491, 4.80155, 0, 0, 0, 0, 0
142181, 10, 10.1576, 10.1365, -0.157582, -0.136545, 4.93996, 4.82403, 0, 0, 0, 0, 0
142190, 10, 10.8518, 9.82449, -0.851818, 0.17551, 4.26174, 5.09228, 0, 0, 0, 0, 0
142200, 10, 10.5187, 9.81046, -0.518725, 0.189535, 4.45673, 5.12919, 0, 0, 0, 0, 0
142211, 10, 9.47737, 9.828, 0.522629, 0.172004, 5.36787, 5.13901, 0, 0, 0, 0, 0
142221, 10, 9.11623, 10.5117, 0.883771, -0.511713, 5.78265, 4.53386, 0, 0, 0, 0, 0
142230, 10, 9.82449, 10.1716, 0.17551, -0.171608, 5.23762, 4.77657, 0, 0, 0, 0, 0
142240, 10, 10.8588, 9.81748, -0.858831, 0.182523, 4.28483, 5.07872, 0, 0, 0, 0, 0
142251, 10, 10.5047, 9.45633, -0.504701, 0.543666, 4.49872, 5.43576, 0, 0, 0, 0, 0
142261, 10, 9.48088, 10.1786, 0.519122, -0.17862, 5.39527, 4.84601, 0, 0, 0, 0, 0
142270, 10, 9.10571, 10.1471, 0.89429, -0.147064, 5.82281, 4.85058, 0, 0, 0, 0, 0
142280, 10, 10.1681, 10.1821, -0.168101, -0.182126, 4.9446, 4.79822, 0, 0, 0, 0, 0
142290, 10, 10.8799, 9.82449, -0.879869, 0.17551, 4.24833, 5.10215, 0, 0, 0, 0, 0
142301, 10, 10.1611, 9.81046, -0.161089, 0.189535, 4.80385, 5.13906, 0, 0, 0, 0, 0
142310, 10, 9.80345, 10.1471, 0.196548, -0.147064, 5.11917, 4.85549, 0, 0, 0, 0, 0
142320, 10, 9.48088, 10.1891, 0.519122, -0.189138, 5.45165, 4.79668, 0, 0, 0, 0, 0
142330, 10, 9.82098, 9.82098, 0.179017, 0.179017, 5.20324, 5.10932, 0, 0, 0, 0, 0
142341, 10, 10.5117, 9.81046, -0.511713, 0.189535, 4.57567, 5.14349, 0, 0, 0, 0, 0
142351, 10, 10.1576, 10.1506, -0.157582, -0.15057, 4.83837, 4.85669, 0, 0, 0, 0, 0
142360, 10, 9.80696, 9.81748, 0.193042, 0.182523, 5.14755, 5.14237, 0, 0, 0, 0, 0
142370, 10, 9.48438, 9.83501, 0.515615, 0.164991, 5.47954, 5.15122, 0, 0, 0, 0, 0
142381, 10, 9.81046, 10.1506, 0.189535, -0.15057, 5.24389, 4.88364, 0, 0, 0, 0, 0
142391, 10, 10.5012, 10.1681, -0.501194, -0.168101, 4.6178, 4.84692, 0, 0, 0, 0, 0
142400, 10, 10.5398, 10.1821, -0.539762, -0.182126, 4.51087, 4.81102, 0, 0, 0, 0, 0
142410, 10, 9.81046, 9.81046, 0.189535, 0.189535, 5.12416, 5.12784, 0, 0, 0, 0, 0
142420, 10, 9.44582, 10.1506, 0.554185, -0.15057, 5.49541, 4.84105, 0, 0, 0, 0, 0
142431, 10, 9.81046, 9.80696, 0.189535, 0.193042, 5.22875, 5.1364, 0, 0, 0, 0, 0
142440, 10, 10.5292, 10.1751, -0.529244, -0.175114, 4.57614, 4.82429, 0, 0, 0, 0, 0
142450, 10, 10.5222, 9.82449, -0.522232, 0.17551, 4.50835, 5.12273, 0, 0, 0, 0, 0
142460, 10, 9.80696, 10.1576, 0.193042, -0.157582, 5.11085, 4.84047, 0, 0, 0, 0, 0
142471, 10, 9.11973, 10.1716, 0.880265, -0.171608, 5.78743, 4.80601, 0, 0, 0, 0, 0
142480, 10, 9.828, 9.82449, 0.172004, 0.17551, 5.2419, 5.10171, 0, 0, 0, 0, 0
142490, 10, 10.5222, 9.82449, -0.522232, 0.17551, 4.61003, 5.12572, 0, 0, 0, 0, 0
142500, 10, 10.8623, 10.1541, -0.862337, -0.154077, 4.21519, 4.84668, 0, 0, 0, 0, 0
142511, 10, 9.45283, 9.81748, 0.547172, 0.182523, 5.42593, 5.1351, 0, 0, 0, 0, 0
142521, 10, 9.45984, 9.80696, 0.540159, 0.193042, 5.49624, 5.16975, 0, 0, 0, 0, 0
142530, 10, 9.828, 10.1786, 0.172004, -0.17862, 5.22429, 4.85442, 0, 0, 0, 0, 0
142540, 10, 10.5082, 10.1611, -0.508206, -0.161089, 4.60567, 4.8461, 0, 0, 0, 0, 0
142551, 10, 10.5328, 10.1786, -0.53275, -0.17862, 4.51101, 4.80793, 0, 0, 0, 0, 0
142561, 10, 9.45633, 9.80696, 0.543666, 0.193042, 5.45332, 5.12524, 0, 0, 0, 0, 0
142570, 10, 9.45984, 9.44582, 0.540159, 0.554185, 5.52646, 5.48372, 0, 0, 0, 0, 0
142580, 10, 10.1611, 10.1786, -0.161089, -0.17862, 4.93973, 4.88574, 0, 0, 0, 0, 0
142590, 10, 10.5117, 10.1611, -0.511713, -0.161089, 4.58573, 4.87742, 0, 0, 0, 0, 0
142601, 10, 9.828, 10.1716, 0.172004, -0.171608, 5.1599, 4.8457, 0, 0, 0, 0, 0
142610, 10, 9.81046, 9.81748, 0.189535, 0.182523, 5.20065, 5.14784, 0, 0, 0, 0, 0
142620, 10, 9.828, 9.8315, 0.172004, 0.168498, 5.21074, 5.15992, 0, 0, 0, 0, 0
142630, 10, 10.1681, 10.1471, -0.168101, -0.147064, 4.91352, 4.89282, 0, 0, 0, 0, 0
142641, 10, 10.5117, 10.5222, -0.511713, -0.522232, 4.56516, 4.52773, 0, 0, 0, 0, 0
142650, 10, 9.79995, 9.80345, 0.200054, 0.196548, 5.16583, 5.11719, 0, 0, 0, 0, 0
142660, 10, 9.82098, 9.8315, 0.179017, 0.168498, 5.17409, 5.11829, 0, 0, 0, 0, 0
142670, 10, 9.81748, 9.80345, 0.182523, 0.196548, 5.20257, 5.16714, 0, 0, 0, 0, 0
142681, 10, 10.1786, 10.1856, -0.17862, -0.185633, 4.88696, 4.84262, 0, 0, 0, 0, 0
142691, 10, 10.4907, 10.1471, -0.490676, -0.147064, 4.56694, 4.85268, 0, 0, 0, 0, 0
142700, 10, 10.1891, 10.1856, -0.189138, -0.185633, 4.7829, 4.7971, 0, 0, 0, 0, 0
142710, 10, 9.47036, 9.82098, 0.529641, 0.179017, 5.43556, 5.10699, 0, 0, 0, 0, 0
142721, 10, 9.80345, 9.80345, 0.196548, 0.196548, 5.19526, 5.14761, 0, 0, 0, 0, 0
142731, 10, 10.1681, 10.1576, -0.168101, -0.157582, 4.8783, 4.84888, 0, 0, 0, 0, 0
142740, 10, 10.5117, 9.81748, -0.511713, 0.182523, 4.52994, 5.14004, 0, 0, 0, 0, 0
142750, 10, 9.828, 9.83501, 0.172004, 0.164991, 5.1041, 5.1489, 0, 0, 0, 0, 0
142760, 10, 9.45633, 10.1541, 0.543666, -0.154077, 5.47952, 4.87809, 0, 0, 0, 0, 0
142771, 10, 9.79644, 10.1471, 0.20356, -0.147064, 5.23457, 4.86345, 0, 0, 0, 0, 0
142780, 10, 10.1997, 10.1821, -0.199657, -0.182126, 4.88215, 4.81109, 0, 0, 0, 0, 0
142790, 10, 10.5082, 9.828, -0.508206, 0.172004, 4.56249, 5.1118, 0, 0, 0, 0, 0
142800, 10, 9.82449, 9.81046, 0.17551, 0.189535, 5.13714, 5.15145, 0, 0, 0, 0, 0
142811, 10, 9.79995, 10.1576, 0.200054, -0.157582, 5.18502, 4.85821, 0, 0, 0, 0, 0
142821, 10, 9.82449, 9.82449, 0.17551, 0.17551, 5.18996, 5.14293, 0, 0, 0, 0, 0
142830, 10, 10.1611, 10.5012, -0.161089, -0.501194, 4.89655, 4.54471, 0, 0, 0, 0, 0
142840, 10, 10.5047, 9.81748, -0.504701, 0.182523, 4.54917, 5.10481, 0, 0, 0, 0, 0
142851, 10, 10.1821, 9.82098, -0.182126, 0.179017, 4.78304, 5.12656, 0, 0, 0, 0, 0
142861, 10, 9.80345, 9.81748, 0.196548, 0.182523, 5.11528, 5.15428, 0, 0, 0, 0, 0
142870, 10, 9.47737, 10.1786, 0.522629, -0.17862, 5.45107, 4.84718, 0, 0, 0, 0, 0
142880, 10, 9.81046, 10.1611, 0.189535, -0.161089, 5.20979, 4.83886, 0, 0, 0, 0, 0
142891, 10, 10.5047, 9.80345, -0.504701, 0.196548, 4.58038, 5.14567, 0, 0, 0, 0, 0
142901, 10, 10.1716, 9.82098, -0.171608, 0.179017, 4.82418, 5.15644, 0, 0, 0, 0, 0
142910, 10, 9.83501, 10.1786, 0.164991, -0.17862, 5.11814, 4.85209, 0, 0, 0, 0, 0
142920, 10, 9.81748, 10.5257, 0.182523, -0.525738, 5.15791, 4.50847, 0, 0, 0, 0, 0
142930, 10, 9.80696, 9.79995, 0.193042, 0.200054, 5.19352, 5.10391, 0, 0, 0, 0, 0
142941, 10, 10.5047, 9.45984, -0.504701, 0.540159, 4.56129, 5.44401, 0, 0, 0, 0, 0
142950, 0, 10.1541, 10.1576, -10.1541, -10.1576, 0, 0, 0, 0, 0, 0, 0
142960, 0, 9.85605, 10.2032, -9.85605, -10.2032, 0, 0, 0, 0, 0, 0, 0
142970, 0, 6.31825, 7.01248, -6.31825, -7.01248, 0, 0, 0, 0, 0, 0, 0
142981, 0, 2.80149, 3.15562, -2.80149, -3.15562, 0, 0, 0, 0, 0, 0, 0
142990, 0, 1.75312, 1.75312, -1.75312, -1.75312, 0, 0, 0, 0, 0, 0, 0
143000, 0, 1.05187, 1.05187, -1.05187, -1.05187, 0, 0, 0, 0, 0, 0, 0
143010, 0, 0.701248, 1.05187, -0.701248, -1.05187, 0, 0, 0, 0, 0, 0, 0
143021, 0, 1.04837, 1.04837, -1.04837, -1.04837, 0, 0, 0, 0, 0, 0, 0
143030, 0, 0.701248, 0.701248, -0.701248, -0.701248, 0, 0, 0, 0, 0, 0, 0
143040, 0, 0.701248, 1.05187, -0.701248, -1.05187, 0, 0, 0, 0, 0, 0, 0
143050, 0, 0.697742, 0.697742, -0.697742, -0.697742, 0, 0, 0, 0, 0, 0, 0
143060, 0, 0.697742, 0.701248, -0.697742, -0.701248, 0, 0, 0, 0, 0, 0, 0
143071, 0, 0.697742, 0.697742, -0.697742, -0.697742, 0, 0, 0, 0, 0, 0, 0
143080, 0, 0.701248, 0.701248, -0.701248, -0.701248, 0, 0, 0, 0, 0, 0, 0
143090, 0, 0.701248, 0.701248, -0.701248, -0.701248, 0, 0, 0, 0, 0, 0, 0
143100, 0, 0.701248, 0.701248, -0.701248, -0.701248, 0, 0, 0, 0, 0, 0, 0
143111, 0, 0.347118, 0.347118, -0.347118, -0.347118, 0, 0, 0, 0, 0, 0, 0
143120, 0, 0, 0, 0, 0, 0, 0, 0, 0, 0, 0, 0
143130, 0, 0, 0, 0, 0, 0, 0, 0, 0, 0, 0, 0
143140, 0, 0, 0, 0, 0, 0, 0, 0, 0, 0, 0, 0
143151, 0, 0, 0, 0, 0, 0, 0, 0, 0, 0, 0, 0
143160, 0, 0, 0, 0, 0, 0, 0, 0, 0, 0, 0, 0
143170, 0, 0, 0, 0, 0, 0, 0, 0, 0, 0, 0, 0
143180, 0, 0, 0, 0, 0, 0, 0, 0, 0, 0, 0, 0
143191, 0, 0, 0, 0, 0, 0, 0, 0, 0, 0, 0, 0
143200, 0, 0, 0, 0, 0, 0, 0, 0, 0, 0, 0, 0
143210, 0, 0, 0, 0, 0, 0, 0, 0, 0, 0, 0, 0
143220, 0, 0, 0, 0, 0, 0, 0, 0, 0, 0, 0, 0
143230, 0, 0, 0, 0, 0, 0, 0, 0, 0, 0, 0, 0
143240, 0, 0, 0, 0, 0, 0, 0, 0, 0, 0, 0, 0
143250, 0, 0, 0, 0, 0, 0, 0, 0, 0, 0, 0, 0
143260, 0, 0, 0, 0, 0, 0, 0, 0, 0, 0, 0, 0
143270, 0, 0, 0, 0, 0, 0, 0, 0, 0, 0, 0, 0
143281, 0, 0, 0, 0, 0, 0, 0, 0, 0, 0, 0, 0
143290, 0, 0, 0, 0, 0, 0, 0, 0, 0, 0, 0, 0
143300, 0, 0, 0, 0, 0, 0, 0, 0, 0, 0, 0, 0
143310, 0, 0, 0, 0, 0, 0, 0, 0, 0, 0, 0, 0
143321, 0, 0, 0, 0, 0, 0, 0, 0, 0, 0, 0, 0
143330, 0, 0, 0, 0, 0, 0, 0, 0, 0, 0, 0, 0
143340, 0, 0, 0, 0, 0, 0, 0, 0, 0, 0, 0, 0
143350, 0, 0, 0, 0, 0, 0, 0, 0, 0, 0, 0, 0
143361, 0, 0, 0, 0, 0, 0, 0, 0, 0, 0, 0, 0
143370, 0, 0, 0, 0, 0, 0, 0, 0, 0, 0, 0, 0
143380, 0, 0, 0, 0, 0, 0, 0, 0, 0, 0, 0, 0
143390, 0, 0, 0, 0, 0, 0, 0, 0, 0, 0, 0, 0
143400, 0, 0, 0, 0, 0, 0, 0, 0, 0, 0, 0, 0
143410, 0, 0, 0, 0, 0, 0, 0, 0, 0, 0, 0, 0
143420, 0, 0, 0, 0, 0, 0, 0, 0, 0, 0, 0, 0
143430, 0, 0, 0, 0, 0, 0, 0, 0, 0, 0, 0, 0
143440, 0, 0, 0, 0, 0, 0, 0, 0, 0, 0, 0, 0
143451, 0, 0, 0, 0, 0, 0, 0, 0, 0, 0, 0, 0
143460, 0, 0, 0, 0, 0, 0, 0, 0, 0, 0, 0, 0
143470, 0, 0, 0, 0, 0, 0, 0, 0, 0, 0, 0, 0
143480, 0, 0, 0, 0, 0, 0, 0, 0, 0, 0, 0, 0
143491, 0, 0, 0, 0, 0, 0, 0, 0, 0, 0, 0, 0
143500, 0, 0, 0, 0, 0, 0, 0, 0, 0, 0, 0, 0
143510, 0, 0, 0, 0, 0, 0, 0, 0, 0, 0, 0, 0
143520, 0, 0, 0, 0, 0, 0, 0, 0, 0, 0, 0, 0
143531, 0, 0, 0, 0, 0, 0, 0, 0, 0, 0, 0, 0
143540, 0, 0, 0, 0, 0, 0, 0, 0, 0, 0, 0, 0
143550, 0, 0, 0, 0, 0, 0, 0, 0, 0, 0, 0, 0
143560, 0, 0, 0, 0, 0, 0, 0, 0, 0, 0, 0, 0
143570, 0, 0, 0, 0, 0, 0, 0, 0, 0, 0, 0, 0
143580, 0, 0, 0, 0, 0, 0, 0, 0, 0, 0, 0, 0
143590, 0, 0, 0, 0, 0, 0, 0, 0, 0, 0, 0, 0
143600, 0, 0, 0, 0, 0, 0, 0, 0, 0, 0, 0, 0
143610, 0, 0, 0, 0, 0, 0, 0, 0, 0, 0, 0, 0
143621, 0, 0, 0, 0, 0, 0, 0, 0, 0, 0, 0, 0
143630, 0, 0, 0, 0, 0, 0, 0, 0, 0, 0, 0, 0
143640, 0, 0, 0, 0, 0, 0, 0, 0, 0, 0, 0, 0
143650, 0, 0, 0, 0, 0, 0, 0, 0, 0, 0, 0, 0
143661, 0, 0, 0, 0, 0, 0, 0, 0, 0, 0, 0, 0
143670, 0, 0, 0, 0, 0, 0, 0, 0, 0, 0, 0, 0
143680, 0, 0, 0, 0, 0, 0, 0, 0, 0, 0, 0, 0
143690, 0, 0, 0, 0, 0, 0, 0, 0, 0, 0, 0, 0
143700, 0, 0, 0, 0, 0, 0, 0, 0, 0, 0, 0, 0
143710, 0, 0, 0, 0, 0, 0, 0, 0, 0, 0, 0, 0
143720, 0, 0, 0, 0, 0, 0, 0, 0, 0, 0, 0, 0
143730, 0, 0, 0, 0, 0, 0, 0, 0, 0, 0, 0, 0
143740, 0, 0, 0, 0, 0, 0, 0, 0, 0, 0, 0, 0
143750, 0, 0, 0, 0, 0, 0, 0, 0, 0, 0, 0, 0
143760, 0, 0, 0, 0, 0, 0, 0, 0, 0, 0, 0, 0
143770, 0, 0, 0, 0, 0, 0, 0, 0, 0, 0, 0, 0
143780, 0, 0, 0, 0, 0, 0, 0, 0, 0, 0, 0, 0
143791, 0, 0, 0, 0, 0, 0, 0, 0, 0, 0, 0, 0
143800, 0, 0, 0, 0, 0, 0, 0, 0, 0, 0, 0, 0
143810, 0, 0, 0, 0, 0, 0, 0, 0, 0, 0, 0, 0
143820, 0, 0, 0, 0, 0, 0, 0, 0, 0, 0, 0, 0
143831, 0, 0, 0, 0, 0, 0, 0, 0, 0, 0, 0, 0
143840, 0, 0, 0, 0, 0, 0, 0, 0, 0, 0, 0, 0
143850, 0, 0, 0, 0, 0, 0, 0, 0, 0, 0, 0, 0
143860, 0, 0, 0, 0, 0, 0, 0, 0, 0, 0, 0, 0
143870, 0, 0, 0, 0, 0, 0, 0, 0, 0, 0, 0, 0
143880, 0, 0, 0, 0, 0, 0, 0, 0, 0, 0, 0, 0
143890, 0, 0, 0, 0, 0, 0, 0, 0, 0, 0, 0, 0
143900, 0, 0, 0, 0, 0, 0, 0, 0, 0, 0, 0, 0
143910, 0, 0, 0, 0, 0, 0, 0, 0, 0, 0, 0, 0
143921, 0, 0, 0, 0, 0, 0, 0, 0, 0, 0, 0, 0
143930, 0, 0, 0, 0, 0, 0, 0, 0, 0, 0, 0, 0
143940, 0, 0, 0, 0, 0, 0, 0, 0, 0, 0, 0, 0
143950, 0, 0, 0, 0, 0, 0, 0, 0, 0, 0, 0, 0
143961, 0, 0, 0, 0, 0, 0, 0, 0, 0, 0, 0, 0
143970, 0, 0, 0, 0, 0, 0, 0, 0, 0, 0, 0, 0
143980, 0, 0, 0, 0, 0, 0, 0, 0, 0, 0, 0, 0
143990, 0, 0, 0, 0, 0, 0, 0, 0, 0, 0, 0, 0
144001, 0, 0, 0, 0, 0, 0, 0, 0, 0, 0, 0, 0
144010, 0, 0, 0, 0, 0, 0, 0, 0, 0, 0, 0, 0
144020, 0, 0, 0, 0, 0, 0, 0, 0, 0, 0, 0, 0
144030, 0, 0, 0, 0, 0, 0, 0, 0, 0, 0, 0, 0
144040, 0, 0, 0, 0, 0, 0, 0, 0, 0, 0, 0, 0
144050, 0, 0, 0, 0, 0, 0, 0, 0, 0, 0, 0, 0
144060, 0, 0, 0, 0, 0, 0, 0, 0, 0, 0, 0, 0
144070, 0, 0, 0, 0, 0, 0, 0, 0, 0, 0, 0, 0
144080, 0, 0, 0, 0, 0, 0, 0, 0, 0, 0, 0, 0
144091, 0, 0, 0, 0, 0, 0, 0, 0, 0, 0, 0, 0
144100, 0, 0, 0, 0, 0, 0, 0, 0, 0, 0, 0, 0
144110, 0, 0, 0, 0, 0, 0, 0, 0, 0, 0, 0, 0
144120, 0, 0, 0, 0, 0, 0, 0, 0, 0, 0, 0, 0
144131, 0, 0, 0, 0, 0, 0, 0, 0, 0, 0, 0, 0
144140, 0, 0, 0, 0, 0, 0, 0, 0, 0, 0, 0, 0
144150, 0, 0, 0, 0, 0, 0, 0, 0, 0, 0, 0, 0
144160, 0, 0, 0, 0, 0, 0, 0, 0, 0, 0, 0, 0
144171, 0, 0, 0, 0, 0, 0, 0, 0, 0, 0, 0, 0
144180, 0, 0, 0, 0, 0, 0, 0, 0, 0, 0, 0, 0
144190, 0, 0, 0, 0, 0, 0, 0, 0, 0, 0, 0, 0
144200, 0, 0, 0, 0, 0, 0, 0, 0, 0, 0, 0, 0
144210, 0, 0, 0, 0, 0, 0, 0, 0, 0, 0, 0, 0
144220, 0, 0, 0, 0, 0, 0, 0, 0, 0, 0, 0, 0
144230, 0, 0, 0, 0, 0, 0, 0, 0, 0, 0, 0, 0
144240, 0, 0, 0, 0, 0, 0, 0, 0, 0, 0, 0, 0
144250, 0, 0, 0, 0, 0, 0, 0, 0, 0, 0, 0, 0
144261, 0, 0, 0, 0, 0, 0, 0, 0, 0, 0, 0, 0
144270, 0, 0, 0, 0, 0, 0, 0, 0, 0, 0, 0, 0
144280, 0, 0, 0, 0, 0, 0, 0, 0, 0, 0, 0, 0
144290, 0, 0, 0, 0, 0, 0, 0, 0, 0, 0, 0, 0
144301, 0, 0, 0, 0, 0, 0, 0, 0, 0, 0, 0, 0
144310, 0, 0, 0, 0, 0, 0, 0, 0, 0, 0, 0, 0
144320, 0, 0, 0, 0, 0, 0, 0, 0, 0, 0, 0, 0
144330, 0, 0, 0, 0, 0, 0, 0, 0, 0, 0, 0, 0
144340, 0, 0, 0, 0, 0, 0, 0, 0, 0, 0, 0, 0
144350, 0, 0, 0, 0, 0, 0, 0, 0, 0, 0, 0, 0
144360, 0, 0, 0, 0, 0, 0, 0, 0, 0, 0, 0, 0
144370, 0, 0, 0, 0, 0, 0, 0, 0, 0, 0, 0, 0
144380, 0, 0, 0, 0, 0, 0, 0, 0, 0, 0, 0, 0
144391, 0, 0, 0, 0, 0, 0, 0, 0, 0, 0, 0, 0
144400, 0, 0, 0, 0, 0, 0, 0, 0, 0, 0, 0, 0
144410, 0, 0, 0, 0, 0, 0, 0, 0, 0, 0, 0, 0
144420, 0, 0, 0, 0, 0, 0, 0, 0, 0, 0, 0, 0
144431, 0, 0, 0, 0, 0, 0, 0, 0, 0, 0, 0, 0
144440, 0, 0, 0, 0, 0, 0, 0, 0, 0, 0, 0, 0
144450, 0, 0, 0, 0, 0, 0, 0, 0, 0, 0, 0, 0
144460, 0, 0, 0, 0, 0, 0, 0, 0, 0, 0, 0, 0
144471, 0, 0, 0, 0, 0, 0, 0, 0, 0, 0, 0, 0
144480, 0, 0, 0, 0, 0, 0, 0, 0, 0, 0, 0, 0
144490, 0, 0, 0, 0, 0, 0, 0, 0, 0, 0, 0, 0
144500, 0, 0, 0, 0, 0, 0, 0, 0, 0, 0, 0, 0
144510, 0, 0, 0, 0, 0, 0, 0, 0, 0, 0, 0, 0
144520, 0, 0, 0, 0, 0, 0, 0, 0, 0, 0, 0, 0
144530, 0, 0, 0, 0, 0, 0, 0, 0, 0, 0, 0, 0
144540, 0, 0, 0, 0, 0, 0, 0, 0, 0, 0, 0, 0
144550, 0, 0, 0, 0, 0, 0, 0, 0, 0, 0, 0, 0
144561, 0, 0, 0, 0, 0, 0, 0, 0, 0, 0, 0, 0
144570, 0, 0, 0, 0, 0, 0, 0, 0, 0, 0, 0, 0
144580, 0, 0, 0, 0, 0, 0, 0, 0, 0, 0, 0, 0
144590, 0, 0, 0, 0, 0, 0, 0, 0, 0, 0, 0, 0
144601, 0, 0, 0, 0, 0, 0, 0, 0, 0, 0, 0, 0
144610, 0, 0, 0, 0, 0, 0, 0, 0, 0, 0, 0, 0
144620, 0, 0, 0, 0, 0, 0, 0, 0, 0, 0, 0, 0
144630, 0, 0, 0, 0, 0, 0, 0, 0, 0, 0, 0, 0
144641, 0, 0, 0, 0, 0, 0, 0, 0, 0, 0, 0, 0
144650, 0, 0, 0, 0, 0, 0, 0, 0, 0, 0, 0, 0
144660, 0, 0, 0, 0, 0, 0, 0, 0, 0, 0, 0, 0
144670, 0, 0, 0, 0, 0, 0, 0, 0, 0, 0, 0, 0
144680, 0, 0, 0, 0, 0, 0, 0, 0, 0, 0, 0, 0
144690, 0, 0, 0, 0, 0, 0, 0, 0, 0, 0, 0, 0
144700, 0, 0, 0, 0, 0, 0, 0, 0, 0, 0, 0, 0
144710, 0, 0, 0, 0, 0, 0, 0, 0, 0, 0, 0, 0
144720, 0, 0, 0, 0, 0, 0, 0, 0, 0, 0, 0, 0
144731, 0, 0, 0, 0, 0, 0, 0, 0, 0, 0, 0, 0
144740, 0, 0, 0, 0, 0, 0, 0, 0, 0, 0, 0, 0
144750, 0, 0, 0, 0, 0, 0, 0, 0, 0, 0, 0, 0
