QGPIORecord, QRC v6.1.0, 18-12-2024 @ 17:13:27, Windows 10 Version 2009, 10.0.19045, x86_64
Time, ValueIn0, ValueIn1, ValueIn2, ValueIn3, ValueIn4, ValueIn5, ValueIn6, ValueIn7, ValueIn8, ValueIn9, ValueIn10, ValueIn11
7943, 0, 0, 0, 0, 0, 0, 0, 0, 0, 0, 0, 0
7953, 0, 0, 0, 0, 0, 0, 0, 0, 0, 0, 0, 0
7963, 0, 0, 0, 0, 0, 0, 0, 0, 0, 0, 0, 0
7973, 0, 0, 0, 0, 0, 0, 0, 0, 0, 0, 0, 0
7983, 0, 0, 0, 0, 0, 0, 0, 0, 0, 0, 0, 0
7993, 0, 0, 0, 0, 0, 0, 0, 0, 0, 0, 0, 0
8003, 0, 0, 0, 0, 0, 0, 0, 0, 0, 0, 0, 0
8013, 0, 0, 0, 0, 0, 0, 0, 0, 0, 0, 0, 0
8024, 0, 0, 0, 0, 0, 0, 0, 0, 0, 0, 0, 0
8033, 0, 0, 0, 0, 0, 0, 0, 0, 0, 0, 0, 0
8043, 0, 0, 0, 0, 0, 0, 0, 0, 0, 0, 0, 0
8053, 0, 0, 0, 0, 0, 0, 0, 0, 0, 0, 0, 0
8064, 0, 0, 0, 0, 0, 0, 0, 0, 0, 0, 0, 0
8073, 0, 0, 0, 0, 0, 0, 0, 0, 0, 0, 0, 0
8083, 0, 0, 0, 0, 0, 0, 0, 0, 0, 0, 0, 0
8093, 0, 0, 0, 0, 0, 0, 0, 0, 0, 0, 0, 0
8103, 0, 0, 0, 0, 0, 0, 0, 0, 0, 0, 0, 0
8113, 0, 0, 0, 0, 0, 0, 0, 0, 0, 0, 0, 0
8123, 0, 0, 0, 0, 0, 0, 0, 0, 0, 0, 0, 0
8133, 0, 0, 0, 0, 0, 0, 0, 0, 0, 0, 0, 0
8143, 0, 0, 0, 0, 0, 0, 0, 0, 0, 0, 0, 0
8153, 0, 0, 0, 0, 0, 0, 0, 0, 0, 0, 0, 0
8163, 0, 0, 0, 0, 0, 0, 0, 0, 0, 0, 0, 0
8173, 0, 0, 0, 0, 0, 0, 0, 0, 0, 0, 0, 0
8183, 0, 0, 0, 0, 0, 0, 0, 0, 0, 0, 0, 0
8194, 0, 0, 0, 0, 0, 0, 0, 0, 0, 0, 0, 0
8203, 0, 0, 0, 0, 0, 0, 0, 0, 0, 0, 0, 0
8213, 0, 0, 0, 0, 0, 0, 0, 0, 0, 0, 0, 0
8223, 0, 0, 0, 0, 0, 0, 0, 0, 0, 0, 0, 0
8233, 0, 0, 0, 0, 0, 0, 0, 0, 0, 0, 0, 0
8243, 0, 0, 0, 0, 0, 0, 0, 0, 0, 0, 0, 0
8253, 0, 0, 0, 0, 0, 0, 0, 0, 0, 0, 0, 0
8263, 0, 0, 0, 0, 0, 0, 0, 0, 0, 0, 0, 0
8273, 0, 0, 0, 0, 0, 0, 0, 0, 0, 0, 0, 0
8283, 0, 0, 0, 0, 0, 0, 0, 0, 0, 0, 0, 0
8293, 0, 0, 0, 0, 0, 0, 0, 0, 0, 0, 0, 0
8303, 0, 0, 0, 0, 0, 0, 0, 0, 0, 0, 0, 0
8313, 0, 0, 0, 0, 0, 0, 0, 0, 0, 0, 0, 0
8323, 0, 0, 0, 0, 0, 0, 0, 0, 0, 0, 0, 0
8333, 0, 0, 0, 0, 0, 0, 0, 0, 0, 0, 0, 0
8343, 0, 0, 0, 0, 0, 0, 0, 0, 0, 0, 0, 0
8353, 0, 0, 0, 0, 0, 0, 0, 0, 0, 0, 0, 0
8364, 0, 0, 0, 0, 0, 0, 0, 0, 0, 0, 0, 0
8373, 0, 0, 0, 0, 0, 0, 0, 0, 0, 0, 0, 0
8383, 0, 0, 0, 0, 0, 0, 0, 0, 0, 0, 0, 0
8393, 0, 0, 0, 0, 0, 0, 0, 0, 0, 0, 0, 0
8403, 0, 0, 0, 0, 0, 0, 0, 0, 0, 0, 0, 0
8413, 0, 0, 0, 0, 0, 0, 0, 0, 0, 0, 0, 0
8424, 0, 0, 0, 0, 0, 0, 0, 0, 0, 0, 0, 0
8433, 0, 0, 0, 0, 0, 0, 0, 0, 0, 0, 0, 0
8443, 0, 0.000229582, -0.00170061, 0, 0, 0, 0, 0, 0, 0, 0, 0
8454, 0, 0.000546858, -0.00193928, 0.0197674, 0, 0, 0, 0, 0, 0, 0, 0
8463, 0, 0.000897628, -0.00197046, 0.0423091, 0, 0, 0, 0, 0, 0, 0, 0
8473, 0, 0.00154723, -0.00197451, 0.0652132, 0, 0, 0, 0, 0, 0, 0.000462824, 0
8483, 0, 0.00231098, -0.00197504, 0.0881645, 0, 0, 0, 0, 0, 0, 0.000925648, 0
8494, 0, 0.00311834, 0.00373582, 0.146517, 0, 0, 0, 0, 0, 0, 0.00138847, 0.00307096
8504, 0, 0.00401385, 0.00715914, 0.173882, 0, 0, 0, 0, 0, 0, 0.001967, 0.00614192
8514, 0, 0.00515757, 0.0159646, 0.232245, 0, 0, 0, 0, 0, 0, 0.00289265, 0.0122838
8523, 0, 0.00661039, 0.0224411, 0.259046, 0, 0, 0, 0, 0, 0, 0.00416542, 0.0184258
8534, 0, 0.00825303, 0.0342909, 0.316749, 0, 0, 0, 0, 0, 0, 0.00555389, 0.0276386
8544, 0, 0.0100397, 0.0438107, 0.342898, 0, 0, 0, 0, 0, 0, 0.00705806, 0.0368515
8554, 0, 0.0120244, 0.0558516, 0.382273, 0, 0, 0, 0, 0, 0, 0.00879365, 0.0475999
8563, 0, 0.0141562, 0.0695603, 0.423268, 0, 0, 0, 0, 0, 0, 0.010645, 0.0598837
8573, 0, 0.0164157, 0.0819552, 0.446494, 0, 0, 0, 0, 0, 0, 0.012612, 0.0721676
8584, 0, 0.0190101, 0.0970189, 0.484922, 0, 0, 0, 0, 0, 0, 0.0150418, 0.0859869
8594, 0, 0.0218754, 0.110914, 0.50753, 0, 0, 0, 0, 0, 0, 0.017703, 0.0998062
8603, 0, 0.0249871, 0.127498, 0.545594, 0, 0, 0, 0, 0, 0, 0.0205957, 0.115161
8613, 0, 0.0282646, 0.142915, 0.567871, 0, 0, 0, 0, 0, 0, 0.023604, 0.130516
8624, 0, 0.0316053, 0.158166, 0.587912, 0, 0, 0, 0, 0, 0, 0.0266124, 0.145871
8634, 0, 0.0351132, 0.173394, 0.607661, 0, 0, 0, 0, 0, 0, 0.0298521, 0.161225
8643, 0, 0.0388995, 0.18862, 0.627371, 0, 0, 0, 0, 0, 0, 0.033439, 0.17658
8653, 0, 0.0429352, 0.203845, 0.647077, 0, 0, 0, 0, 0, 0, 0.0372573, 0.191935
8664, 0, 0.0472806, 0.21907, 0.666782, 0, 0, 0, 0, 0, 0, 0.0414227, 0.20729
8674, 0, 0.0517444, 0.234296, 0.686487, 0, 0, 0, 0, 0, 0, 0.0455882, 0.222645
8684, 0, 0.0563246, 0.246667, 0.688494, 0, 0, 0, 0, 0, 0, 0.0498693, 0.236464
8693, 0, 0.0610926, 0.263035, 0.723673, 0, 0, 0, 0, 0, 0, 0.0543818, 0.251819
8704, 0, 0.0661468, 0.272713, 0.710179, 0, 0, 0, 0, 0, 0, 0.0592415, 0.264103
8714, 0, 0.0714534, 0.287392, 0.743461, 0, 0, 0, 0, 0, 0, 0.0643325, 0.277922
8724, 0, 0.0769278, 0.298382, 0.747699, 0, 0, 0, 0, 0, 0, 0.0695393, 0.290206
8733, 0, 0.0826095, 0.307536, 0.748079, 0, 0, 0, 0, 0, 0, 0.0749775, 0.300954
8743, 0, 0.0884417, 0.315127, 0.748234, 0, 0, 0, 0, 0, 0, 0.0805314, 0.310167
8754, 0, 0.094546, 0.324045, 0.766343, 0, 0, 0, 0, 0, 0, 0.0864324, 0.31938
8764, 0, 0.100897, 0.330296, 0.769273, 0, 0, 0, 0, 0, 0, 0.0925648, 0.327057
8774, 0, 0.107113, 0.336561, 0.770329, 0, 0, 0, 0, 0, 0, 0.0986972, 0.333199
8783, 0, 0.113421, 0.33982, 0.751656, 0, 0, 0, 0, 0, 0, 0.105061, 0.337806
8794, 0, 0.119834, 0.344202, 0.748193, 0, 0, 0, 0, 0, 0, 0.111541, 0.342412
8804, 0, 0.126432, 0.34589, 0.729195, 0, 0, 0, 0, 0, 0, 0.118252, 0.345483
8814, 0, 0.133099, 0.345887, 0.708276, 0, 0, 0, 0, 0, 0, 0.124962, 0.347019
8823, 0, 0.139865, 0.341484, 0.669691, 0, 0, 0, 0, 0, 0, 0.131789, 0.345483
8834, 0, 0.146669, 0.339555, 0.664584, 0, 0, 0, 0, 0, 0, 0.138616, 0.343948
8844, 0, 0.153487, 0.335124, 0.646503, 0, 0, 0, 0, 0, 0, 0.145442, 0.340877
8854, 0, 0.160381, 0.326172, 0.609138, 0, 0, 0, 0, 0, 0, 0.152385, 0.334735
8863, 0, 0.167449, 0.316823, 0.587342, 0, 0, 0, 0, 0, 0, 0.159559, 0.327057
8873, 0, 0.174582, 0.303257, 0.550339, 0, 0, 0, 0, 0, 0, 0.166732, 0.316309
8884, 0, 0.18174, 0.289334, 0.529439, 0, 0, 0, 0, 0, 0, 0.173906, 0.304025
8894, 0, 0.188836, 0.274056, 0.5111, 0, 0, 0, 0, 0, 0, 0.180964, 0.290206
8904, 0, 0.19598, 0.257277, 0.493379, 0, 0, 0, 0, 0, 0, 0.188138, 0.274851
8913, 0, 0.203143, 0.238978, 0.47602, 0, 0, 0, 0, 0, 0, 0.195312, 0.257961
8924, 0, 0.210312, 0.219157, 0.458992, 0, 0, 0, 0, 0, 0, 0.202485, 0.239535
8934, 0, 0.217556, 0.194959, 0.424592, 0, 0, 0, 0, 0, 0, 0.209775, 0.218038
8944, 0, 0.224899, 0.173237, 0.423709, 0, 0, 0, 0, 0, 0, 0.21718, 0.196541
8953, 0, 0.23221, 0.146157, 0.392159, 0, 0, 0, 0, 0, 0, 0.22447, 0.171974
8964, 0, 0.239578, 0.121412, 0.392215, 0, 0, 0, 0, 0, 0, 0.231875, 0.147406
8974, 0, 0.24697, 0.0941456, 0.37905, 0, 0, 0, 0, 0, 0, 0.23928, 0.121303
8984, 0, 0.254227, 0.0709225, 0.399662, 0, 0, 0, 0, 0, 0, 0.246454, 0.0967353
8993, 0, 0.261504, 0.0438703, 0.389357, 0, 0, 0, 0, 0, 0, 0.253743, 0.0706321
9004, 0, 0.268788, 0.0178197, 0.392645, 0, 0, 0, 0, 0, 0, 0.261033, 0.0445289
9014, 0, 0.276219, -0.00808514, 0.397882, 0, 0, 0, 0, 0, 0, 0.268554, 0.0184258
9024, 0, 0.283705, -0.0368263, 0.385677, 0, 0, 0, 0, 0, 0, 0.276074, -0.00921288
9034, 0, 0.291213, -0.0615658, 0.406697, 0, 0, 0, 0, 0, 0, 0.283595, -0.0353161
9043, 0, 0.298658, -0.0844288, 0.432123, 0, 0, 0, 0, 0, 0, 0.291001, -0.0598837
9054, 0, 0.306006, -0.108578, 0.440145, 0, 0, 0, 0, 0, 0, 0.29829, -0.0844514
9064, 0, 0.313318, -0.130056, 0.463415, 0, 0, 0, 0, 0, 0, 0.30558, -0.107484
9074, 0, 0.320759, -0.152701, 0.470872, 0, 0, 0, 0, 0, 0, 0.3131, -0.130516
9083, 0, 0.32825, -0.172658, 0.493786, 0, 0, 0, 0, 0, 0, 0.320621, -0.152013
9094, 0, 0.335759, -0.190926, 0.518611, 0, 0, 0, 0, 0, 0, 0.328142, -0.171974
9104, 0, 0.342903, -0.205948, 0.543402, 0, 0, 0, 0, 0, 0, 0.335432, -0.1904
9114, 0, 0.35005, -0.218051, 0.565837, 0, 0, 0, 0, 0, 0, 0.342953, -0.205754
9123, 0, 0.357127, -0.232839, 0.551986, 0, 0, 0, 0, 0, 0, 0.350358, -0.221109
9134, 0, 0.364106, -0.242296, 0.56844, 0, 0, 0, 0, 0, 0, 0.357647, -0.233393
9144, 0, 0.370976, -0.25409, 0.553241, 0, 0, 0, 0, 0, 0, 0.364821, -0.245677
9154, 0, 0.377589, -0.263365, 0.551257, 0, 0, 0, 0, 0, 0, 0.371648, -0.256425
9163, 0, 0.383962, -0.273827, 0.533192, 0, 0, 0, 0, 0, 0, 0.378243, -0.267174
9174, 0, 0.390242, -0.284459, 0.512853, 0, 0, 0, 0, 0, 0, 0.384838, -0.277922
9184, 0, 0.396345, -0.295115, 0.492217, 0, 0, 0, 0, 0, 0, 0.391202, -0.28867
9194, 0, 0.402308, -0.302915, 0.489259, 0, 0, 0, 0, 0, 0, 0.39745, -0.297883
9203, 0, 0.408075, -0.309005, 0.488482, 0, 0, 0, 0, 0, 0, 0.403467, -0.305561
9213, 0, 0.413552, -0.316404, 0.470011, 0, 0, 0, 0, 0, 0, 0.409136, -0.313238
9224, 0, 0.418775, -0.318278, 0.484447, 0, 0, 0, 0, 0, 0, 0.414575, -0.317844
9234, 0, 0.42383, -0.325319, 0.449874, 0, 0, 0, 0, 0, 0, 0.419897, -0.323986
9243, 0, 0.42875, -0.325837, 0.46175, 0, 0, 0, 0, 0, 0, 0.425104, -0.327057
9253, 0, 0.433474, -0.328522, 0.444257, 0, 0, 0, 0, 0, 0, 0.430079, -0.330128
9264, 0, 0.438052, -0.328665, 0.440275, 0, 0, 0, 0, 0, 0, 0.434939, -0.331664
9274, 0, 0.442289, -0.329992, 0.420254, 0, 0, 0, 0, 0, 0, 0.439336, -0.333199
9283, 0, 0.446323, -0.325778, 0.433356, 0, 0, 0, 0, 0, 0, 0.443617, -0.331664
9293, 0, 0.450138, -0.323874, 0.415175, 0, 0, 0, 0, 0, 0, 0.447666, -0.330128
9304, 0, 0.453797, -0.319446, 0.410255, 0, 0, 0, 0, 0, 0, 0.4516, -0.327057
9314, 0, 0.457253, -0.316205, 0.389262, 0, 0, 0, 0, 0, 0, 0.455303, -0.323986
9324, 0, 0.46056, -0.310279, 0.383692, 0, 0, 0, 0, 0, 0, 0.45889, -0.31938
9333, 0, 0.463525, -0.302664, 0.380028, 0, 0, 0, 0, 0, 0, 0.462014, -0.313238
9344, 0, 0.466287, -0.296361, 0.358634, 0, 0, 0, 0, 0, 0, 0.465022, -0.307096
9354, 0, 0.4689, -0.287386, 0.352465, 0, 0, 0, 0, 0, 0, 0.467915, -0.299419
9364, 0, 0.471314, -0.27958, 0.330461, 0, 0, 0, 0, 0, 0, 0.470576, -0.291741
9373, 0, 0.473507, -0.269087, 0.323911, 0, 0, 0, 0, 0, 0, 0.473006, -0.282528
9383, 0, 0.475403, -0.25976, 0.301573, 0, 0, 0, 0, 0, 0, 0.475089, -0.273316
9394, 0, 0.477185, -0.247744, 0.294696, 0, 0, 0, 0, 0, 0, 0.477171, -0.262567
9404, 0, 0.478708, -0.236894, 0.272033, 0, 0, 0, 0, 0, 0, 0.478907, -0.251819
9413, 0, 0.47999, -0.226211, 0.247133, 0, 0, 0, 0, 0, 0, 0.480411, -0.24107
9423, 0, 0.481109, -0.21555, 0.221941, 0, 0, 0, 0, 0, 0, 0.4818, -0.230322
9434, 0, 0.482251, -0.206593, 0.196712, 0, 0, 0, 0, 0, 0, 0.482957, -0.219574
9444, 0, 0.48303, -0.191617, 0.208942, 0, 0, 0, 0, 0, 0, 0.483882, -0.20729
9453, 0, 0.48367, -0.181896, 0.170987, 0, 0, 0, 0, 0, 0, 0.484808, -0.196541
9463, 0, 0.484042, -0.171376, 0.143915, 0, 0, 0, 0, 0, 0, 0.485387, -0.185793
9474, 0, 0.484241, -0.157881, 0.136136, 0, 0, 0, 0, 0, 0, 0.485849, -0.173509
9484, 0, 0.48423, -0.148369, 0.0953759, 0, 0, 0, 0, 0, 0, 0.486081, -0.162761
9493, 0, 0.483996, -0.135021, 0.0856348, 0, 0, 0, 0, 0, 0, 0.486081, -0.150477
9503, 0, 0.483678, -0.122673, 0.0623149, 0, 0, 0, 0, 0, 0, 0.486081, -0.138193
9513, 0, 0.483183, -0.113326, 0.0193494, 0, 0, 0, 0, 0, 0, 0.485849, -0.127445
9524, 0, 0.482407, -0.102857, -0.00837699, 0, 0, 0, 0, 0, 0, 0.485271, -0.116697
9534, 0, 0.481452, -0.0950774, -0.0516155, 0, 0, 0, 0, 0, 0, 0.484577, -0.107484
9543, 0, 0.480286, -0.0861343, -0.0790942, 0, 0, 0, 0, 0, 0, 0.483651, -0.0982707
9553, 0, 0.478896, -0.0827352, -0.139735, 0, 0, 0, 0, 0, 0, 0.482494, -0.0921288
9564, 0, 0.477277, -0.0741712, -0.151398, 0, 0, 0, 0, 0, 0, 0.481105, -0.0844514
9574, 0, 0.475357, -0.0692748, -0.191818, 0, 0, 0, 0, 0, 0, 0.47937, -0.0783095
9583, 0, 0.473249, -0.0662111, -0.23606, 0, 0, 0, 0, 0, 0, 0.477519, -0.0737031
9593, 0, 0.470999, -0.0647105, -0.28052, 0, 0, 0, 0, 0, 0, 0.475552, -0.0706321
9604, 0, 0.46848, -0.0618823, -0.307027, 0, 0, 0, 0, 0, 0, 0.473237, -0.0675611
9614, 0, 0.465715, -0.061721, -0.348711, 0, 0, 0, 0, 0, 0, 0.470692, -0.0660257
9623, 0, 0.462713, -0.0603913, -0.374573, 0, 0, 0, 0, 0, 0, 0.467915, -0.0644902
9633, 0, 0.459406, -0.0646049, -0.433588, 0, 0, 0, 0, 0, 0, 0.464791, -0.0660257
9644, 0, 0.455982, -0.066509, -0.461323, 0, 0, 0, 0, 0, 0, 0.461667, -0.0675611
9654, 0, 0.4523, -0.0709369, -0.50232, 0, 0, 0, 0, 0, 0, 0.458196, -0.0706321
9664, 0, 0.448375, -0.0741775, -0.527243, 0, 0, 0, 0, 0, 0, 0.454493, -0.0737031
9673, 0, 0.444215, -0.0801036, -0.567589, 0, 0, 0, 0, 0, 0, 0.450559, -0.0783095
9683, 0, 0.439822, -0.0877208, -0.609842, 0, 0, 0, 0, 0, 0, 0.446394, -0.0844514
9694, 0, 0.435269, -0.0940237, -0.634344, 0, 0, 0, 0, 0, 0, 0.442113, -0.0905933
9704, 0, 0.430511, -0.102997, -0.67407, 0, 0, 0, 0, 0, 0, 0.4376, -0.0982707
9713, 0, 0.425533, -0.110802, -0.697978, 0, 0, 0, 0, 0, 0, 0.432856, -0.105948
9723, 0, 0.420326, -0.121296, -0.737344, 0, 0, 0, 0, 0, 0, 0.427881, -0.115161
9734, 0, 0.414819, -0.130623, -0.760923, 0, 0, 0, 0, 0, 0, 0.422558, -0.124374
9744, 0, 0.409124, -0.142639, -0.799963, 0, 0, 0, 0, 0, 0, 0.41712, -0.135122
9754, 0, 0.403144, -0.153489, -0.823216, 0, 0, 0, 0, 0, 0, 0.411335, -0.145871
9763, 0, 0.397055, -0.164172, -0.844233, 0, 0, 0, 0, 0, 0, 0.405549, -0.156619
9774, 0, 0.390939, -0.176533, -0.864957, 0, 0, 0, 0, 0, 0, 0.399417, -0.167367
9784, 0, 0.38467, -0.190286, -0.883574, 0, 0, 0, 0, 0, 0, 0.393053, -0.179651
9794, 0, 0.378271, -0.199831, -0.86622, 0, 0, 0, 0, 0, 0, 0.386574, -0.1904
9803, 0, 0.371822, -0.210328, -0.861798, 0, 0, 0, 0, 0, 0, 0.380094, -0.201148
9814, 0, 0.365211, -0.220965, -0.859241, 0, 0, 0, 0, 0, 0, 0.373383, -0.211896
9824, 0, 0.358538, -0.228764, -0.83923, 0, 0, 0, 0, 0, 0, 0.366672, -0.221109
9834, 0, 0.351771, -0.231999, -0.799349, 0, 0, 0, 0, 0, 0, 0.359846, -0.227251
9843, 0, 0.344895, -0.237686, -0.792659, 0, 0, 0, 0, 0, 0, 0.352903, -0.233393
9853, 0, 0.337906, -0.238012, -0.755259, 0, 0, 0, 0, 0, 0, 0.345845, -0.236464
9864, 0, 0.330875, -0.237817, -0.731762, 0, 0, 0, 0, 0, 0, 0.338787, -0.237999
9874, 0, 0.323899, -0.236244, -0.710537, 0, 0, 0, 0, 0, 0, 0.331845, -0.237999
9884, 0, 0.316943, -0.236024, -0.707591, 0, 0, 0, 0, 0, 0, 0.324902, -0.237999
9893, 0, 0.309996, -0.230284, -0.671811, 0, 0, 0, 0, 0, 0, 0.31796, -0.234929
9904, 0, 0.303052, -0.226857, -0.667354, 0, 0, 0, 0, 0, 0, 0.311018, -0.231858
9914, 0, 0.295966, -0.220907, -0.64964, 0, 0, 0, 0, 0, 0, 0.303844, -0.227251
9924, 0, 0.288825, -0.213288, -0.630303, 0, 0, 0, 0, 0, 0, 0.29667, -0.221109
9933, 0, 0.281664, -0.204128, -0.611036, 0, 0, 0, 0, 0, 0, 0.289496, -0.213432
9944, 0, 0.274495, -0.193442, -0.592062, 0, 0, 0, 0, 0, 0, 0.282323, -0.204219
9954, 0, 0.267252, -0.181234, -0.573409, 0, 0, 0, 0, 0, 0, 0.275033, -0.193471
9964, 0, 0.25998, -0.167504, -0.55508, 0, 0, 0, 0, 0, 0, 0.267744, -0.181187
9973, 0, 0.252697, -0.155106, -0.554774, 0, 0, 0, 0, 0, 0, 0.260454, -0.168903
9984, 0, 0.24541, -0.137186, -0.521602, 0, 0, 0, 0, 0, 0, 0.253165, -0.153548
9994, 0, 0.23805, -0.121579, -0.519749, 0, 0, 0, 0, 0, 0, 0.24576, -0.138193
10004, 0, 0.230734, -0.106304, -0.522335, 0, 0, 0, 0, 0, 0, 0.23847, -0.122838
10014, 0, 0.223434, -0.0882169, -0.507804, 0, 0, 0, 0, 0, 0, 0.231181, -0.105948
10023, 0, 0.216141, -0.0712792, -0.508842, 0, 0, 0, 0, 0, 0, 0.223891, -0.0890579
10034, 0, 0.20885, -0.0545066, -0.512089, 0, 0, 0, 0, 0, 0, 0.216602, -0.0721676
10044, 0, 0.201488, -0.0349002, -0.497928, 0, 0, 0, 0, 0, 0, 0.209196, -0.0537418
10054, 0, 0.194028, -0.0164404, -0.499297, 0, 0, 0, 0, 0, 0, 0.201676, -0.0353161
10063, 0, 0.186531, 0.00185469, -0.50287, 0, 0, 0, 0, 0, 0, 0.194155, -0.0168903
10074, 0, 0.17909, 0.0201282, -0.506731, 0, 0, 0, 0, 0, 0, 0.186749, 0.00153548
10084, 0, 0.171671, 0.0355434, -0.528327, 0, 0, 0, 0, 0, 0, 0.179344, 0.0184258
10094, 0, 0.164404, 0.052102, -0.534434, 0, 0, 0, 0, 0, 0, 0.172171, 0.0353161
10103, 0, 0.157353, 0.064269, -0.55604, 0, 0, 0, 0, 0, 0, 0.164881, 0.0506709
10114, 0, 0.150169, 0.0819186, -0.524401, 0, 0, 0, 0, 0, 0, 0.157244, 0.0675611
10124, 0, 0.143078, 0.0959437, -0.520942, 0, 0, 0, 0, 0, 0, 0.149839, 0.0829159
10134, 0, 0.136166, 0.110997, -0.503533, 0, 0, 0, 0, 0, 0, 0.142665, 0.0982707
10143, 0, 0.129464, 0.123344, -0.501826, 0, 0, 0, 0, 0, 0, 0.135723, 0.11209
10153, 0, 0.122844, 0.136855, -0.484364, 0, 0, 0, 0, 0, 0, 0.128781, 0.125909
10164, 0, 0.116468, 0.153388, -0.446972, 0, 0, 0, 0, 0, 0, 0.122186, 0.141264
10174, 0, 0.110187, 0.168799, -0.424782, 0, 0, 0, 0, 0, 0, 0.11559, 0.156619
10183, 0, 0.104083, 0.186906, -0.387054, 0, 0, 0, 0, 0, 0, 0.109226, 0.173509
10193, 0, 0.0981203, 0.200989, -0.382821, 0, 0, 0, 0, 0, 0, 0.102978, 0.188864
10204, 0, 0.0923536, 0.21605, -0.365312, 0, 0, 0, 0, 0, 0, 0.0969616, 0.204219
10214, 0, 0.086805, 0.234109, -0.328197, 0, 0, 0, 0, 0, 0, 0.0911763, 0.221109
10224, 0, 0.0815542, 0.248188, -0.324023, 0, 0, 0, 0, 0, 0, 0.0857381, 0.236464
10233, 0, 0.0764887, 0.263248, -0.306522, 0, 0, 0, 0, 0, 0, 0.0804157, 0.251819
10244, 0, 0.071637, 0.275596, -0.304802, 0, 0, 0, 0, 0, 0, 0.0753246, 0.265638
10254, 0, 0.0669384, 0.286252, -0.305036, 0, 0, 0, 0, 0, 0, 0.0703492, 0.277922
10264, 0, 0.0624414, 0.301073, -0.269847, 0, 0, 0, 0, 0, 0, 0.0656053, 0.291741
10273, 0, 0.0582359, 0.312082, -0.26536, 0, 0, 0, 0, 0, 0, 0.0612085, 0.304025
10284, 0, 0.0541417, 0.321238, -0.264948, 0, 0, 0, 0, 0, 0, 0.0568116, 0.314773
10294, 0, 0.0502331, 0.331685, -0.24709, 0, 0, 0, 0, 0, 0, 0.0526462, 0.325522
10304, 0, 0.0465384, 0.336604, -0.262173, 0, 0, 0, 0, 0, 0, 0.0487122, 0.333199
10313, 0, 0.0430684, 0.343835, -0.245947, 0, 0, 0, 0, 0, 0, 0.0450096, 0.340877
10323, 0, 0.0398987, 0.351397, -0.225282, 0, 0, 0, 0, 0, 0, 0.0416542, 0.348554
10334, 0, 0.0369154, 0.353292, -0.239432, 0, 0, 0, 0, 0, 0, 0.0384144, 0.353161
10344, 0, 0.0341459, 0.357483, -0.222519, 0, 0, 0, 0, 0, 0, 0.035406, 0.357767
10353, 0, 0.0315299, 0.359144, -0.218917, 0, 0, 0, 0, 0, 0, 0.0325134, 0.360838
10363, 0, 0.029044, 0.359137, -0.216924, 0, 0, 0, 0, 0, 0, 0.0297364, 0.362373
10374, 0, 0.0268223, 0.35759, -0.214859, 0, 0, 0, 0, 0, 0, 0.0273066, 0.362373
10384, 0, 0.0248446, 0.357373, -0.194805, 0, 0, 0, 0, 0, 0, 0.0251082, 0.362373
10393, 0, 0.0231746, 0.351633, -0.20762, 0, 0, 0, 0, 0, 0, 0.0232569, 0.359302
10403, 0, 0.0217652, 0.348206, -0.189118, 0, 0, 0, 0, 0, 0, 0.021637, 0.356231
10414, 0, 0.0204552, 0.342256, -0.183875, 0, 0, 0, 0, 0, 0, 0.0200171, 0.351625
10424, 0, 0.0192548, 0.337493, -0.162555, 0, 0, 0, 0, 0, 0, 0.018513, 0.347019
10433, 0, 0.0180812, 0.331745, -0.15666, 0, 0, 0, 0, 0, 0, 0.0173559, 0.340877
10443, 0, 0.0171324, 0.322845, -0.172439, 0, 0, 0, 0, 0, 0, 0.016546, 0.333199
10454, 0, 0.0163409, 0.31505, -0.173261, 0, 0, 0, 0, 0, 0, 0.0158517, 0.325522
10464, 0, 0.0154665, 0.304558, -0.189651, 0, 0, 0, 0, 0, 0, 0.0149261, 0.316309
10473, 0, 0.0145604, 0.292375, -0.207967, 0, 0, 0, 0, 0, 0, 0.0140004, 0.305561
10483, 0, 0.0137853, 0.278647, -0.226252, 0, 0, 0, 0, 0, 0, 0.0133062, 0.293277
10493, 0, 0.0131316, 0.260539, -0.261947, 0, 0, 0, 0, 0, 0, 0.0127277, 0.277922
10504, 0, 0.0125959, 0.242052, -0.281828, 0, 0, 0, 0, 0, 0, 0.0122648, 0.261032
10513, 0, 0.0120337, 0.222206, -0.299186, 0, 0, 0, 0, 0, 0, 0.0116863, 0.242606
10523, 0, 0.01139, 0.20086, -0.31593, 0, 0, 0, 0, 0, 0, 0.0109921, 0.222645
10533, 0, 0.0107865, 0.177993, -0.332313, 0, 0, 0, 0, 0, 0, 0.0104135, 0.201148
10544, 0, 0.0103415, 0.153605, -0.348365, 0, 0, 0, 0, 0, 0, 0.0100664, 0.178116
10554, 0, 0.00995695, 0.127694, -0.364091, 0, 0, 0, 0, 0, 0, 0.0097193, 0.153548
10563, 0, 0.00952403, 0.103116, -0.361794, 0, 0, 0, 0, 0, 0, 0.00925648, 0.12898
10573, 0, 0.00900112, 0.0758721, -0.374666, 0, 0, 0, 0, 0, 0, 0.00867795, 0.102877
10584, 0, 0.00851535, 0.0497964, -0.371713, 0, 0, 0, 0, 0, 0, 0.00821512, 0.076774
10594, 0, 0.00811527, 0.0238883, -0.366519, 0, 0, 0, 0, 0, 0, 0.00786801, 0.0506709
10603, 0, 0.00781943, -0.00485331, -0.37873, 0, 0, 0, 0, 0, 0, 0.00763659, 0.0230322
10613, 0, 0.00756341, -0.0295928, -0.357711, 0, 0, 0, 0, 0, 0, 0.00740518, -0.00307096
10624, 0, 0.00717958, -0.0524558, -0.332285, 0, 0, 0, 0, 0, 0, 0.00694236, -0.0276386
10634, 0, 0.00681844, -0.079461, -0.341961, 0, 0, 0, 0, 0, 0, 0.00659524, -0.0537418
10643, 0, 0.00653747, -0.10265, -0.320894, 0, 0, 0, 0, 0, 0, 0.00636383, -0.0783095
10653, 0, 0.00635865, -0.123987, -0.295745, 0, 0, 0, 0, 0, 0, 0.00624812, -0.101342
10663, 0, 0.00614732, -0.146614, -0.288042, 0, 0, 0, 0, 0, 0, 0.00601671, -0.124374
10674, 0, 0.00592358, -0.166568, -0.265096, 0, 0, 0, 0, 0, 0, 0.0057853, -0.145871
10683, 0, 0.0056951, -0.184835, -0.240267, 0, 0, 0, 0, 0, 0, 0.00555389, -0.165832
10693, 0, 0.00553631, -0.201558, -0.215475, 0, 0, 0, 0, 0, 0, 0.00543818, -0.184258
10703, 0, 0.00540415, -0.216756, -0.19097, 0, 0, 0, 0, 0, 0, 0.00532248, -0.201148
10714, 0, 0.00521065, -0.230431, -0.166786, 0, 0, 0, 0, 0, 0, 0.00509106, -0.216503
10724, 0, 0.00506523, -0.242583, -0.142927, 0, 0, 0, 0, 0, 0, 0.00497536, -0.230322
10733, 0, 0.00486667, -0.253213, -0.119393, 0, 0, 0, 0, 0, 0, 0.00474395, -0.242606
10743, 0, 0.00471931, -0.259464, -0.0784867, 0, 0, 0, 0, 0, 0, 0.00462824, -0.251819
10754, 0, 0.00459151, -0.265337, -0.0533998, 0, 0, 0, 0, 0, 0, 0.00451253, -0.259496
10764, 0, 0.00447119, -0.269852, -0.0308364, 0, 0, 0, 0, 0, 0, 0.00439683, -0.265638
10773, 0, 0.00435372, -0.270011, 0.00881106, 0, 0, 0, 0, 0, 0, 0.00428112, -0.268709
10783, 0, 0.00423734, -0.269793, 0.0326023, 0, 0, 0, 0, 0, 0, 0.00416542, -0.270245
10793, 0, 0.00412138, -0.268218, 0.0538648, 0, 0, 0, 0, 0, 0, 0.00404971, -0.270245
10804, 0, 0.00400557, -0.262286, 0.0922115, 0, 0, 0, 0, 0, 0, 0.003934, -0.267174
10813, 0, 0.00388983, -0.255978, 0.114701, 0, 0, 0, 0, 0, 0, 0.0038183, -0.262567
10823, 0, 0.00377411, -0.245458, 0.152359, 0, 0, 0, 0, 0, 0, 0.00370259, -0.25489
10833, 0, 0.0036584, -0.237435, 0.156214, 0, 0, 0, 0, 0, 0, 0.00358689, -0.247212
10844, 0, 0.0036142, -0.224058, 0.190697, 0, 0, 0, 0, 0, 0, 0.00358689, -0.236464
10853, 0, 0.00352581, -0.21016, 0.211268, 0, 0, 0, 0, 0, 0, 0.00347118, -0.22418
10863, 0, 0.00342054, -0.194884, 0.229565, 0, 0, 0, 0, 0, 0, 0.00335547, -0.210361
10873, 0, 0.00338033, -0.17525, 0.264978, 0, 0, 0, 0, 0, 0, 0.00335547, -0.193471
10884, 0, 0.00329346, -0.158096, 0.266842, 0, 0, 0, 0, 0, 0, 0.00323977, -0.17658
10893, 0, 0.00318876, -0.141295, 0.263974, 0, 0, 0, 0, 0, 0, 0.00312406, -0.15969
10903, 0, 0.00314878, -0.118829, 0.295883, 0, 0, 0, 0, 0, 0, 0.00312406, -0.139729
10913, 0, 0.0031335, -0.098657, 0.296723, 0, 0, 0, 0, 0, 0, 0.00312406, -0.119767
10924, 0, 0.00305616, -0.0759592, 0.310853, 0, 0, 0, 0, 0, 0, 0.00300836, -0.0982707
10934, 0, 0.0029551, -0.0544483, 0.308914, 0, 0, 0, 0, 0, 0, 0.00289265, -0.076774
10943, 0, 0.0029165, -0.0331074, 0.3047, 0, 0, 0, 0, 0, 0, 0.00289265, -0.0552773
10953, 0, 0.00290176, -0.00893336, 0.317887, 0, 0, 0, 0, 0, 0, 0.00289265, -0.0322451
10963, 0, 0.00282462, 0.014094, 0.315542, 0, 0, 0, 0, 0, 0, 0.00277694, -0.00921288
10974, 0, 0.00279515, 0.0341012, 0.293296, 0, 0, 0, 0, 0, 0, 0.00277694, 0.0122838
10983, 0, 0.00271239, 0.058086, 0.303953, 0, 0, 0, 0, 0, 0, 0.00266124, 0.0353161
10993, 0, 0.00268078, 0.0782332, 0.283579, 0, 0, 0, 0, 0, 0, 0.00266124, 0.0568128
11003, 0, 0.0026687, 0.0993809, 0.276784, 0, 0, 0, 0, 0, 0, 0.00266124, 0.0783095
11014, 0, 0.00259258, 0.117819, 0.254239, 0, 0, 0, 0, 0, 0, 0.00254553, 0.0982707
11023, 0, 0.0025635, 0.13742, 0.247442, 0, 0, 0, 0, 0, 0, 0.00254553, 0.118232
11033, 0, 0.00248089, 0.154332, 0.22518, 0, 0, 0, 0, 0, 0, 0.00242983, 0.136658
11043, 0, 0.00244933, 0.169554, 0.201006, 0, 0, 0, 0, 0, 0, 0.00242983, 0.153548
11054, 0, 0.00243727, 0.183232, 0.176865, 0, 0, 0, 0, 0, 0, 0.00242983, 0.168903
11063, 0, 0.00243267, 0.19824, 0.170709, 0, 0, 0, 0, 0, 0, 0.00242983, 0.184258
11073, 0, 0.0023594, 0.207726, 0.131682, 0, 0, 0, 0, 0, 0, 0.00231412, 0.196541
11083, 0, 0.00233142, 0.216669, 0.106274, 0, 0, 0, 0, 0, 0, 0.00231412, 0.20729
11094, 0, 0.00232073, 0.224232, 0.0831036, 0, 0, 0, 0, 0, 0, 0.00231412, 0.216503
11103, 0, 0.00231664, 0.230291, 0.0605084, 0, 0, 0, 0, 0, 0, 0.00231412, 0.22418
11113, 0, 0.00224357, 0.234831, 0.0382708, 0, 0, 0, 0, 0, 0, 0.00219841, 0.230322
11123, 0, 0.00221566, 0.237848, 0.0163628, 0, 0, 0, 0, 0, 0, 0.00219841, 0.234929
11133, 0, 0.002205, 0.236487, -0.0229168, 0, 0, 0, 0, 0, 0, 0.00219841, 0.236464
11144, 0, 0.00212942, 0.234747, -0.046377, 0, 0, 0, 0, 0, 0, 0.00208271, 0.236464
11153, 0, 0.00210055, 0.231649, -0.0673135, 0, 0, 0, 0, 0, 0, 0.00208271, 0.234929
11163, 0, 0.00208952, 0.22705, -0.0876373, 0, 0, 0, 0, 0, 0, 0.00208271, 0.231858
11173, 0, 0.00208531, 0.220932, -0.107598, 0, 0, 0, 0, 0, 0, 0.00208271, 0.227251
11184, 0, 0.0020837, 0.210436, -0.144926, 0, 0, 0, 0, 0, 0, 0.00208271, 0.219574
11193, 0, 0.00208309, 0.202417, -0.148737, 0, 0, 0, 0, 0, 0, 0.00208271, 0.211896
11203, 0, 0.00208285, 0.18904, -0.183216, 0, 0, 0, 0, 0, 0, 0.00208271, 0.201148
11213, 0, 0.00208276, 0.175141, -0.203786, 0, 0, 0, 0, 0, 0, 0.00208271, 0.188864
11224, 0, 0.00208273, 0.162722, -0.204384, 0, 0, 0, 0, 0, 0, 0.00208271, 0.17658
11233, 0, 0.00201121, 0.147655, -0.219897, 0, 0, 0, 0, 0, 0, 0.001967, 0.162761
11243, 0, 0.00198389, 0.130904, -0.23725, 0, 0, 0, 0, 0, 0, 0.001967, 0.147406
11253, 0, 0.00197345, 0.112608, -0.25456, 0, 0, 0, 0, 0, 0, 0.001967, 0.130516
11264, 0, 0.00196947, 0.0956436, -0.253884, 0, 0, 0, 0, 0, 0, 0.001967, 0.113626
11274, 0, 0.00196794, 0.076012, -0.268382, 0, 0, 0, 0, 0, 0, 0.001967, 0.0951998
11283, 0, 0.00196736, 0.0575489, -0.267056, 0, 0, 0, 0, 0, 0, 0.001967, 0.076774
11293, 0, 0.00196714, 0.036398, -0.281186, 0, 0, 0, 0, 0, 0, 0.001967, 0.0568128
11303, 0, 0.00196705, 0.0164128, -0.27953, 0, 0, 0, 0, 0, 0, 0.001967, 0.0368515
11314, 0, 0.00196702, -0.00340515, -0.275636, 0, 0, 0, 0, 0, 0, 0.001967, 0.0168903
11323, 0, 0.00196701, -0.0232012, -0.271451, 0, 0, 0, 0, 0, 0, 0.001967, -0.00307096
11333, 0, 0.001967, -0.0401389, -0.24953, 0, 0, 0, 0, 0, 0, 0.001967, -0.0214967
11343, 0, 0.001967, -0.0610756, -0.260795, 0, 0, 0, 0, 0, 0, 0.001967, -0.041458
11354, 0, 0.001967, -0.0810328, -0.258764, 0, 0, 0, 0, 0, 0, 0.001967, -0.0614192
11363, 0, 0.001967, -0.0979916, -0.237125, 0, 0, 0, 0, 0, 0, 0.001967, -0.079845
11373, 0, 0.001967, -0.11322, -0.213032, 0, 0, 0, 0, 0, 0, 0.001967, -0.0967353
11383, 0, 0.001967, -0.129754, -0.206599, 0, 0, 0, 0, 0, 0, 0.001967, -0.113626
11394, 0, 0.001967, -0.143619, -0.18495, 0, 0, 0, 0, 0, 0, 0.001967, -0.12898
11403, 0, 0.001967, -0.158651, -0.179119, 0, 0, 0, 0, 0, 0, 0.001967, -0.144335
11413, 0, 0.001967, -0.170996, -0.157832, 0, 0, 0, 0, 0, 0, 0.001967, -0.158154
11423, 0, 0.001967, -0.18165, -0.134634, 0, 0, 0, 0, 0, 0, 0.001967, -0.170438
11433, 0, 0.001967, -0.190761, -0.111468, 0, 0, 0, 0, 0, 0, 0.001967, -0.181187
11443, 0, 0.001967, -0.198346, -0.0885906, 0, 0, 0, 0, 0, 0, 0.001967, -0.1904
11453, 0, 0.001967, -0.204408, -0.0660333, 0, 0, 0, 0, 0, 0, 0.001967, -0.198077
11463, 0, 0.001967, -0.208948, -0.0438009, 0, 0, 0, 0, 0, 0, 0.001967, -0.204219
11473, 0, 0.001967, -0.211965, -0.0218934, 0, 0, 0, 0, 0, 0, 0.001967, -0.208825
11484, 0, 0.001967, -0.213459, -0.000311201, 0, 0, 0, 0, 0, 0, 0.001967, -0.211896
11493, 0, 0.001967, -0.213431, 0.0209453, 0, 0, 0, 0, 0, 0, 0.001967, -0.213432
11503, 0, 0.001967, -0.211881, 0.0418767, 0, 0, 0, 0, 0, 0, 0.001967, -0.213432
11513, 0, 0.001967, -0.208808, 0.0624829, 0, 0, 0, 0, 0, 0, 0.001967, -0.211896
11524, 0, 0.001967, -0.201357, 0.100461, 0, 0, 0, 0, 0, 0, 0.001967, -0.20729
11533, 0, 0.001967, -0.196382, 0.104923, 0, 0, 0, 0, 0, 0, 0.001967, -0.202683
11543, 0, 0.001967, -0.188906, 0.122354, 0, 0, 0, 0, 0, 0, 0.001967, -0.196541
11553, 0, 0.001967, -0.179765, 0.141371, 0, 0, 0, 0, 0, 0, 0.001967, -0.188864
11564, 0, 0.001967, -0.169082, 0.160313, 0, 0, 0, 0, 0, 0, 0.001967, -0.179651
11573, 0, 0.001967, -0.156874, 0.178962, 0, 0, 0, 0, 0, 0, 0.001967, -0.168903
11583, 0, 0.001967, -0.143143, 0.197291, 0, 0, 0, 0, 0, 0, 0.001967, -0.156619
11593, 0, 0.001967, -0.130746, 0.197596, 0, 0, 0, 0, 0, 0, 0.001967, -0.144335
11603, 0, 0.001967, -0.115682, 0.213071, 0, 0, 0, 0, 0, 0, 0.001967, -0.130516
11614, 0, 0.001967, -0.0989306, 0.230418, 0, 0, 0, 0, 0, 0, 0.001967, -0.115161
11623, 0, 0.001967, -0.083491, 0.230031, 0, 0, 0, 0, 0, 0, 0.001967, -0.0998062
11633, 0, 0.001967, -0.0653823, 0.244849, 0, 0, 0, 0, 0, 0, 0.001967, -0.0829159
11643, 0, 0.001967, -0.0512972, 0.22615, 0, 0, 0, 0, 0, 0, 0.001967, -0.0675611
11654, 0, 0.001967, -0.030525, 0.256099, 0, 0, 0, 0, 0, 0, 0.001967, -0.0491354
11663, 0, 0.001967, -0.0147534, 0.239269, 0, 0, 0, 0, 0, 0, 0.001967, -0.0322451
11673, 0, 0.001967, 0.00185185, 0.233785, 0, 0, 0, 0, 0, 0, 0.001967, -0.0153548
11683, 0, 0.001967, 0.0214364, 0.247654, 0, 0, 0, 0, 0, 0, 0.001967, 0.00307096
11694, 0, 0.001967, 0.0370379, 0.22855, 0, 0, 0, 0, 0, 0, 0.001967, 0.0199612
11703, 0, 0.001967, 0.0536209, 0.222768, 0, 0, 0, 0, 0, 0, 0.001967, 0.0368515
11713, 0, 0.001967, 0.0674916, 0.201204, 0, 0, 0, 0, 0, 0, 0.001967, 0.0522063
11723, 0, 0.001967, 0.0853804, 0.213082, 0, 0, 0, 0, 0, 0, 0.001967, 0.0690966
11734, 0, 0.001967, 0.0994367, 0.193999, 0, 0, 0, 0, 0, 0, 0.001967, 0.0844514
11743, 0, 0.001967, 0.111639, 0.170806, 0, 0, 0, 0, 0, 0, 0.001967, 0.0982707
11753, 0, 0.001967, 0.12513, 0.165056, 0, 0, 0, 0, 0, 0, 0.001967, 0.11209
11763, 0, 0.001967, 0.13595, 0.144063, 0, 0, 0, 0, 0, 0, 0.001967, 0.124374
11773, 0, 0.001967, 0.145082, 0.121186, 0, 0, 0, 0, 0, 0, 0.001967, 0.135122
11784, 0, 0.001967, 0.155525, 0.116043, 0, 0, 0, 0, 0, 0, 0.001967, 0.145871
11793, 0, 0.001967, 0.1633, 0.0956938, 0, 0, 0, 0, 0, 0, 0.001967, 0.155084
11803, 0, 0.001967, 0.169386, 0.0734666, 0, 0, 0, 0, 0, 0, 0.001967, 0.162761
11813, 0, 0.001967, 0.173929, 0.0512772, 0, 0, 0, 0, 0, 0, 0.001967, 0.168903
11824, 0, 0.001967, 0.176947, 0.0293753, 0, 0, 0, 0, 0, 0, 0.001967, 0.173509
11833, 0, 0.001967, 0.178441, 0.00779396, 0, 0, 0, 0, 0, 0, 0.001967, 0.17658
11843, 0, 0.001967, 0.178413, -0.0134627, 0, 0, 0, 0, 0, 0, 0.001967, 0.178116
11853, 0, 0.001967, 0.179718, -0.0166968, 0, 0, 0, 0, 0, 0, 0.001967, 0.179651
11864, 0, 0.001967, 0.175501, -0.0527965, 0, 0, 0, 0, 0, 0, 0.001967, 0.178116
11873, 0, 0.001967, 0.170741, -0.0752758, 0, 0, 0, 0, 0, 0, 0.001967, 0.175045
11883, 0, 0.001967, 0.167457, -0.0778212, 0, 0, 0, 0, 0, 0, 0.001967, 0.171974
11893, 0, 0.001967, 0.161526, -0.0952848, 0, 0, 0, 0, 0, 0, 0.001967, 0.167367
11904, 0, 0.001967, 0.151054, -0.132287, 0, 0, 0, 0, 0, 0, 0.001967, 0.15969
11913, 0, 0.001967, 0.145893, -0.118358, 0, 0, 0, 0, 0, 0, 0.001967, 0.153548
11923, 0, 0.001967, 0.134229, -0.150627, 0, 0, 0, 0, 0, 0, 0.001967, 0.144335
11933, 0, 0.001967, 0.124733, -0.153494, 0, 0, 0, 0, 0, 0, 0.001967, 0.135122
11943, 0, 0.001967, 0.112695, -0.169869, 0, 0, 0, 0, 0, 0, 0.001967, 0.124374
11954, 0, 0.001967, 0.0989869, -0.1879, 0, 0, 0, 0, 0, 0, 0.001967, 0.11209
11963, 0, 0.001967, 0.086592, -0.188167, 0, 0, 0, 0, 0, 0, 0.001967, 0.0998062
11973, 0, 0.001967, 0.0715284, -0.203637, 0, 0, 0, 0, 0, 0, 0.001967, 0.0859869
11983, 0, 0.001967, 0.0604884, -0.185589, 0, 0, 0, 0, 0, 0, 0.001967, 0.0737031
11994, 0, 0.001967, 0.0427612, -0.216189, 0, 0, 0, 0, 0, 0, 0.001967, 0.0583483
12003, 0, 0.001967, 0.0300346, -0.200009, 0, 0, 0, 0, 0, 0, 0.001967, 0.0445289
12013, 0, 0.001967, 0.0136189, -0.212873, 0, 0, 0, 0, 0, 0, 0.001967, 0.0291741
12023, 0, 0.001967, -0.00177677, -0.211899, 0, 0, 0, 0, 0, 0, 0.001967, 0.0138193
12034, 0, 0.001967, -0.0141688, -0.191247, 0, 0, 0, 0, 0, 0, 0.001967, 0
12043, 0, 0.001967, -0.0305407, -0.203526, 0, 0, 0, 0, 0, 0, 0.001967, -0.0153548
12053, 0, 0.001967, -0.0459308, -0.202476, 0, 0, 0, 0, 0, 0, 0.001967, -0.0307096
12063, 0, 0.001967, -0.0583221, -0.181813, 0, 0, 0, 0, 0, 0, 0.001967, -0.0445289
12073, 0, 0.001967, -0.0718384, -0.176394, 0, 0, 0, 0, 0, 0, 0.001967, -0.0583483
12084, 0, 0.001967, -0.0855167, -0.17314, 0, 0, 0, 0, 0, 0, 0.001967, -0.0721676
12093, 0, 0.001967, -0.0963608, -0.152473, 0, 0, 0, 0, 0, 0, 0.001967, -0.0844514
12103, 0, 0.001967, -0.108351, -0.147335, 0, 0, 0, 0, 0, 0, 0.001967, -0.0967353
12113, 0, 0.001967, -0.117651, -0.126704, 0, 0, 0, 0, 0, 0, 0.001967, -0.107484
12124, 0, 0.001967, -0.128117, -0.121855, 0, 0, 0, 0, 0, 0, 0.001967, -0.118232
12133, 0, 0.001967, -0.135894, -0.101544, 0, 0, 0, 0, 0, 0, 0.001967, -0.127445
12143, 0, 0.001967, -0.141981, -0.0793219, 0, 0, 0, 0, 0, 0, 0.001967, -0.135122
12153, 0, 0.001967, -0.149379, -0.0748305, 0, 0, 0, 0, 0, 0, 0.001967, -0.1428
12164, 0, 0.001967, -0.154108, -0.0551322, 0, 0, 0, 0, 0, 0, 0.001967, -0.148942
12173, 0, 0.001967, -0.15715, -0.0335559, 0, 0, 0, 0, 0, 0, 0.001967, -0.153548
12183, 0, 0.001967, -0.158648, -0.0120171, 0, 0, 0, 0, 0, 0, 0.001967, -0.156619
12193, 0, 0.001967, -0.161476, -0.00846332, 0, 0, 0, 0, 0, 0, 0.001967, -0.15969
12204, 0, 0.001967, -0.158782, 0.0279613, 0, 0, 0, 0, 0, 0, 0.001967, -0.15969
12213, 0, 0.001967, -0.1584, 0.0330684, 0, 0, 0, 0, 0, 0, 0.001967, -0.15969
12223, 0, 0.001967, -0.155494, 0.0514331, 0, 0, 0, 0, 0, 0, 0.001967, -0.158154
12233, 0, 0.001967, -0.153776, 0.053723, 0, 0, 0, 0, 0, 0, 0.001967, -0.156619
12243, 0, 0.001967, -0.146517, 0.0891342, 0, 0, 0, 0, 0, 0, 0.001967, -0.152013
12253, 0, 0.001967, -0.141568, 0.0932605, 0, 0, 0, 0, 0, 0, 0.001967, -0.147406
12263, 0, 0.001967, -0.134095, 0.110648, 0, 0, 0, 0, 0, 0, 0.001967, -0.141264
12273, 0, 0.001967, -0.127809, 0.111963, 0, 0, 0, 0, 0, 0, 0.001967, -0.135122
12283, 0, 0.001967, -0.118838, 0.1287, 0, 0, 0, 0, 0, 0, 0.001967, -0.127445
12294, 0, 0.001967, -0.108178, 0.147344, 0, 0, 0, 0, 0, 0, 0.001967, -0.118232
12303, 0, 0.001967, -0.0988281, 0.148257, 0, 0, 0, 0, 0, 0, 0.001967, -0.109019
12313, 0, 0.001967, -0.0868095, 0.164377, 0, 0, 0, 0, 0, 0, 0.001967, -0.0982707
12323, 0, 0.001967, -0.0759591, 0.164677, 0, 0, 0, 0, 0, 0, 0.001967, -0.0875224
12334, 0, 0.001967, -0.0652763, 0.162736, 0, 0, 0, 0, 0, 0, 0.001967, -0.076774
12343, 0, 0.001967, -0.0517599, 0.1782, 0, 0, 0, 0, 0, 0, 0.001967, -0.0644902
12353, 0, 0.001967, -0.0393901, 0.178132, 0, 0, 0, 0, 0, 0, 0.001967, -0.0522063
12363, 0, 0.001967, -0.0271852, 0.17586, 0, 0, 0, 0, 0, 0, 0.001967, -0.0399225
12374, 0, 0.001967, -0.0150018, 0.173301, 0, 0, 0, 0, 0, 0, 0.001967, -0.0276386
12383, 0, 0.001967, 3.42727e-05, 0.188401, 0, 0, 0, 0, 0, 0, 0.001967, -0.0138193
12393, 0, 0.001967, 0.0110707, 0.170305, 0, 0, 0, 0, 0, 0, 0.001967, -0.00153548
12403, 0, 0.001967, 0.0230865, 0.165504, 0, 0, 0, 0, 0, 0, 0.001967, 0.0107484
12413, 0, 0.001967, 0.0352451, 0.162614, 0, 0, 0, 0, 0, 0, 0.001967, 0.0230322
12424, 0, 0.001967, 0.0474225, 0.159974, 0, 0, 0, 0, 0, 0, 0.001967, 0.0353161
12433, 0, 0.001967, 0.0596023, 0.157366, 0, 0, 0, 0, 0, 0, 0.001967, 0.0475999
12443, 0, 0.001967, 0.068927, 0.137066, 0, 0, 0, 0, 0, 0, 0.001967, 0.0583483
12453, 0, 0.001967, 0.0793955, 0.132259, 0, 0, 0, 0, 0, 0, 0.001967, 0.0690966
12464, 0, 0.001967, 0.0900284, 0.129651, 0, 0, 0, 0, 0, 0, 0.001967, 0.079845
12473, 0, 0.001967, 0.0978274, 0.109634, 0, 0, 0, 0, 0, 0, 0.001967, 0.0890579
12483, 0, 0.001967, 0.103917, 0.0874498, 0, 0, 0, 0, 0, 0, 0.001967, 0.0967353
12493, 0, 0.001967, 0.111316, 0.0829632, 0, 0, 0, 0, 0, 0, 0.001967, 0.104413
12504, 0, 0.001967, 0.116045, 0.0632657, 0, 0, 0, 0, 0, 0, 0.001967, 0.110555
12513, 0, 0.001967, 0.121943, 0.0593868, 0, 0, 0, 0, 0, 0, 0.001967, 0.116697
12523, 0, 0.001967, 0.125152, 0.0400514, 0, 0, 0, 0, 0, 0, 0.001967, 0.121303
12533, 0, 0.001967, 0.126672, 0.0188054, 0, 0, 0, 0, 0, 0, 0.001967, 0.124374
12544, 0, 0.001967, 0.129503, 0.0152898, 0, 0, 0, 0, 0, 0, 0.001967, 0.127445
12553, 0, 0.001967, 0.129664, -0.00343257, 0, 0, 0, 0, 0, 0, 0.001967, 0.12898
12563, 0, 0.001967, 0.128138, -0.0240326, 0, 0, 0, 0, 0, 0, 0.001967, 0.12898
12573, 0, 0.001967, 0.127924, -0.0268984, 0, 0, 0, 0, 0, 0, 0.001967, 0.12898
12583, 0, 0.001967, 0.125041, -0.0449698, 0, 0, 0, 0, 0, 0, 0.001967, 0.127445
12594, 0, 0.001967, 0.12047, -0.0649195, 0, 0, 0, 0, 0, 0, 0.001967, 0.124374
12603, 0, 0.001967, 0.114355, -0.0848318, 0, 0, 0, 0, 0, 0, 0.001967, 0.119767
12613, 0, 0.001967, 0.10957, -0.0867588, 0, 0, 0, 0, 0, 0, 0.001967, 0.115161
12623, 0, 0.001967, 0.104974, -0.0861618, 0, 0, 0, 0, 0, 0, 0.001967, 0.110555
12634, 0, 0.001967, 0.0975475, -0.102932, 0, 0, 0, 0, 0, 0, 0.001967, 0.104413
12643, 0, 0.001967, 0.0884124, -0.121864, 0, 0, 0, 0, 0, 0, 0.001967, 0.0967353
12653, 0, 0.001967, 0.0805858, -0.123097, 0, 0, 0, 0, 0, 0, 0.001967, 0.0890579
12663, 0, 0.001967, 0.0729453, -0.121844, 0, 0, 0, 0, 0, 0, 0.001967, 0.0813805
12674, 0, 0.001967, 0.0624736, -0.137963, 0, 0, 0, 0, 0, 0, 0.001967, 0.0721676
12683, 0, 0.001967, 0.0531488, -0.138546, 0, 0, 0, 0, 0, 0, 0.001967, 0.0629547
12693, 0, 0.001967, 0.0439889, -0.136926, 0, 0, 0, 0, 0, 0, 0.001967, 0.0537418
12703, 0, 0.001967, 0.0319951, -0.152714, 0, 0, 0, 0, 0, 0, 0.001967, 0.0429934
12713, 0, 0.001967, 0.0211479, -0.152971, 0, 0, 0, 0, 0, 0, 0.001967, 0.0322451
12723, 0, 0.001967, 0.0104654, -0.151025, 0, 0, 0, 0, 0, 0, 0.001967, 0.0214967
12733, 0, 0.001967, -0.000195443, -0.148791, 0, 0, 0, 0, 0, 0, 0.001967, 0.0107484
12743, 0, 0.001967, -0.0108535, -0.146519, 0, 0, 0, 0, 0, 0, 0.001967, 0
12753, 0, 0.001967, -0.0186558, -0.126545, 0, 0, 0, 0, 0, 0, 0.001967, -0.00921288
12764, 0, 0.001967, -0.0304572, -0.139761, 0, 0, 0, 0, 0, 0, 0.001967, -0.0199612
12773, 0, 0.001967, -0.0412793, -0.139683, 0, 0, 0, 0, 0, 0, 0.001967, -0.0307096
12783, 0, 0.001967, -0.049103, -0.119995, 0, 0, 0, 0, 0, 0, 0.001967, -0.0399225
12793, 0, 0.001967, -0.0609072, -0.133249, 0, 0, 0, 0, 0, 0, 0.001967, -0.0506709
12804, 0, 0.001967, -0.0688742, -0.115478, 0, 0, 0, 0, 0, 0, 0.001967, -0.0598837
12813, 0, 0.001967, -0.0749863, -0.0935874, 0, 0, 0, 0, 0, 0, 0.001967, -0.0675611
12823, 0, 0.001967, -0.0823878, -0.0891389, 0, 0, 0, 0, 0, 0, 0.001967, -0.0752385
12833, 0, 0.001967, -0.0899728, -0.0871437, 0, 0, 0, 0, 0, 0, 0.001967, -0.0829159
12844, 0, 0.001967, -0.0947264, -0.0677718, 0, 0, 0, 0, 0, 0, 0.001967, -0.0890579
12853, 0, 0.001967, -0.100627, -0.0639353, 0, 0, 0, 0, 0, 0, 0.001967, -0.0951998
12863, 0, 0.001967, -0.103837, -0.0446053, 0, 0, 0, 0, 0, 0, 0.001967, -0.0998062
12873, 0, 0.001967, -0.108212, -0.0410573, 0, 0, 0, 0, 0, 0, 0.001967, -0.104413
12883, 0, 0.001967, -0.109899, -0.0220479, 0, 0, 0, 0, 0, 0, 0.001967, -0.107484
12893, 0, 0.001967, -0.112751, -0.0188248, 0, 0, 0, 0, 0, 0, 0.001967, -0.110555
12903, 0, 0.001967, -0.112916, -0.00014051, 0, 0, 0, 0, 0, 0, 0.001967, -0.11209
12913, 0, 0.001967, -0.114246, 0.00275734, 0, 0, 0, 0, 0, 0, 0.001967, -0.113626
12923, 0, 0.001967, -0.112888, 0.0211161, 0, 0, 0, 0, 0, 0, 0.001967, -0.113626
12934, 0, 0.001967, -0.10984, 0.0413862, 0, 0, 0, 0, 0, 0, 0.001967, -0.11209
12943, 0, 0.001967, -0.108103, 0.0439258, 0, 0, 0, 0, 0, 0, 0.001967, -0.110555
12953, 0, 0.001967, -0.103697, 0.0616719, 0, 0, 0, 0, 0, 0, 0.001967, -0.107484
12963, 0, 0.001967, -0.100459, 0.0635986, 0, 0, 0, 0, 0, 0, 0.001967, -0.104413
12974, 0, 0.001967, -0.0973892, 0.0632848, 0, 0, 0, 0, 0, 0, 0.001967, -0.101342
12983, 0, 0.001967, -0.0914854, 0.0803752, 0, 0, 0, 0, 0, 0, 0.001967, -0.0967353
12993, 0, 0.001967, -0.0838728, 0.0996311, 0, 0, 0, 0, 0, 0, 0.001967, -0.0905933
13003, 0, 0.001967, -0.0775688, 0.10119, 0, 0, 0, 0, 0, 0, 0.001967, -0.0844514
13014, 0, 0.001967, -0.0714507, 0.100262, 0, 0, 0, 0, 0, 0, 0.001967, -0.0783095
13023, 0, 0.001967, -0.065357, 0.0990092, 0, 0, 0, 0, 0, 0, 0.001967, -0.0721676
13033, 0, 0.001967, -0.056411, 0.115411, 0, 0, 0, 0, 0, 0, 0.001967, -0.0644902
13043, 0, 0.001967, -0.0486092, 0.116315, 0, 0, 0, 0, 0, 0, 0.001967, -0.0568128
13053, 0, 0.001967, -0.0409718, 0.115018, 0, 0, 0, 0, 0, 0, 0.001967, -0.0491354
13064, 0, 0.001967, -0.0305005, 0.131132, 0, 0, 0, 0, 0, 0, 0.001967, -0.0399225
13073, 0, 0.001967, -0.0240313, 0.114017, 0, 0, 0, 0, 0, 0, 0.001967, -0.0322451
13083, 0, 0.001967, -0.0137276, 0.12789, 0, 0, 0, 0, 0, 0, 0.001967, -0.0230322
13093, 0, 0.001967, -0.00442484, 0.12818, 0, 0, 0, 0, 0, 0, 0.001967, -0.0138193
13104, 0, 0.001967, 0.00187676, 0.108823, 0, 0, 0, 0, 0, 0, 0.001967, -0.00614192
13113, 0, 0.001967, 0.0121585, 0.122403, 0, 0, 0, 0, 0, 0, 0.001967, 0.00307096
13123, 0, 0.001967, 0.0214585, 0.122654, 0, 0, 0, 0, 0, 0, 0.001967, 0.0122838
13133, 0, 0.001967, 0.0277597, 0.103293, 0, 0, 0, 0, 0, 0, 0.001967, 0.0199612
13144, 0, 0.001967, 0.0351859, 0.099175, 0, 0, 0, 0, 0, 0, 0.001967, 0.0276386
13153, 0, 0.001967, 0.0427742, 0.0972227, 0, 0, 0, 0, 0, 0, 0.001967, 0.0353161
13163, 0, 0.001967, 0.0503836, 0.0955537, 0, 0, 0, 0, 0, 0, 0.001967, 0.0429934
13173, 0, 0.001967, 0.0579958, 0.0939216, 0, 0, 0, 0, 0, 0, 0.001967, 0.0506709
13184, 0, 0.001967, 0.0627529, 0.0745968, 0, 0, 0, 0, 0, 0, 0.001967, 0.0568128
13193, 0, 0.001967, 0.0686538, 0.0707664, 0, 0, 0, 0, 0, 0, 0.001967, 0.0629547
13203, 0, 0.001967, 0.0718637, 0.0514373, 0, 0, 0, 0, 0, 0, 0.001967, 0.0675611
13213, 0, 0.001967, 0.0762389, 0.0478894, 0, 0, 0, 0, 0, 0, 0.001967, 0.0721676
13223, 0, 0.001967, 0.0807814, 0.0465774, 0, 0, 0, 0, 0, 0, 0.001967, 0.076774
13234, 0, 0.001967, 0.0824902, 0.0278604, 0, 0, 0, 0, 0, 0, 0.001967, 0.079845
13243, 0, 0.001967, 0.0824902, 0.00697767, 0, 0, 0, 0, 0, 0, 0.001967, 0.0813805
13253, 0, 0.001967, 0.0837988, 0.0037924, 0, 0, 0, 0, 0, 0, 0.001967, 0.0829159
13263, 0, 0.001967, 0.0852934, 0.00309358, 0, 0, 0, 0, 0, 0, 0.001967, 0.0844514
13274, 0, 0.001967, 0.0839568, -0.0149777, 0, 0, 0, 0, 0, 0, 0.001967, 0.0844514
13283, 0, 0.001967, 0.0837672, -0.0175129, 0, 0, 0, 0, 0, 0, 0.001967, 0.0844514
13293, 0, 0.001967, 0.0808869, -0.0355415, 0, 0, 0, 0, 0, 0, 0.001967, 0.0829159
13303, 0, 0.001967, 0.079172, -0.0377881, 0, 0, 0, 0, 0, 0, 0.001967, 0.0813805
13314, 0, 0.001967, 0.0776244, -0.0377986, 0, 0, 0, 0, 0, 0, 0.001967, 0.079845
13323, 0, 0.001967, 0.0732431, -0.0552145, 0, 0, 0, 0, 0, 0, 0.001967, 0.076774
13333, 0, 0.001967, 0.067153, -0.0747958, 0, 0, 0, 0, 0, 0, 0.001967, 0.0721676
13343, 0, 0.001967, 0.065227, -0.0589824, 0, 0, 0, 0, 0, 0, 0.001967, 0.0690966
13353, 0, 0.001967, 0.0594877, -0.0738736, 0, 0, 0, 0, 0, 0, 0.001967, 0.0644902
13363, 0, 0.001967, 0.0547521, -0.0751447, 0, 0, 0, 0, 0, 0, 0.001967, 0.0598837
13373, 0, 0.001967, 0.0501625, -0.0744624, 0, 0, 0, 0, 0, 0, 0.001967, 0.0552773
13383, 0, 0.001967, 0.0427366, -0.091222, 0, 0, 0, 0, 0, 0, 0.001967, 0.0491354
13393, 0, 0.001967, 0.036457, -0.0924546, 0, 0, 0, 0, 0, 0, 0.001967, 0.0429934
13404, 0, 0.001967, 0.0303422, -0.0914842, 0, 0, 0, 0, 0, 0, 0.001967, 0.0368515
13414, 0, 0.001967, 0.0242489, -0.0902258, 0, 0, 0, 0, 0, 0, 0.001967, 0.0307096
13423, 0, 0.001967, 0.0153029, -0.106627, 0, 0, 0, 0, 0, 0, 0.001967, 0.0230322
13433, 0, 0.001967, 0.0103566, -0.0898331, 0, 0, 0, 0, 0, 0, 0.001967, 0.0168903
13444, 0, 0.001967, 0.00157541, -0.104031, 0, 0, 0, 0, 0, 0, 0.001967, 0.00921288
13453, 0, 0.001967, -0.00334935, -0.0869481, 0, 0, 0, 0, 0, 0, 0.001967, 0.00307096
13463, 0, 0.001967, -0.0121277, -0.101108, 0, 0, 0, 0, 0, 0, 0.001967, -0.00460644
13473, 0, 0.001967, -0.0170521, -0.0840207, 0, 0, 0, 0, 0, 0, 0.001967, -0.0107484
13484, 0, 0.001967, -0.0229749, -0.0804829, 0, 0, 0, 0, 0, 0, 0.001967, -0.0168903
13493, 0, 0.001967, -0.0318986, -0.0965865, 0, 0, 0, 0, 0, 0, 0.001967, -0.0245677
13503, 0, 0.001967, -0.036842, -0.0797534, 0, 0, 0, 0, 0, 0, 0.001967, -0.0307096
13513, 0, 0.001967, -0.0399119, -0.0585512, 0, 0, 0, 0, 0, 0, 0.001967, -0.0353161
13523, 0, 0.001967, -0.0471242, -0.0724555, 0, 0, 0, 0, 0, 0, 0.001967, -0.041458
13533, 0, 0.001967, -0.0505204, -0.0556179, 0, 0, 0, 0, 0, 0, 0.001967, -0.0460644
13543, 0, 0.001967, -0.05492, -0.0523955, 0, 0, 0, 0, 0, 0, 0.001967, -0.0506709
13553, 0, 0.001967, -0.0594656, -0.0511259, 0, 0, 0, 0, 0, 0, 0.001967, -0.0552773
13563, 0, 0.001967, -0.0640303, -0.0501117, 0, 0, 0, 0, 0, 0, 0.001967, -0.0598837
13574, 0, 0.001967, -0.065742, -0.0314333, 0, 0, 0, 0, 0, 0, 0.001967, -0.0629547
13583, 0, 0.001967, -0.0657424, -0.0105557, 0, 0, 0, 0, 0, 0, 0.001967, -0.0644902
13593, 0, 0.001967, -0.0699065, -0.0250683, 0, 0, 0, 0, 0, 0, 0.001967, -0.0675611
13603, 0, 0.001967, -0.0702573, -0.00887593, 0, 0, 0, 0, 0, 0, 0.001967, -0.0690966
13614, 0, 0.001967, -0.0716118, -0.00630351, 0, 0, 0, 0, 0, 0, 0.001967, -0.0706321
13623, 0, 0.001967, -0.0702568, 0.012013, 0, 0, 0, 0, 0, 0, 0.001967, -0.0706321
13633, 0, 0.001967, -0.0700648, 0.0145801, 0, 0, 0, 0, 0, 0, 0.001967, -0.0706321
13643, 0, 0.001967, -0.0671843, 0.0326129, 0, 0, 0, 0, 0, 0, 0.001967, -0.0690966
13654, 0, 0.001967, -0.0654693, 0.0348601, 0, 0, 0, 0, 0, 0, 0.001967, -0.0675611
13663, 0, 0.001967, -0.0639217, 0.0348707, 0, 0, 0, 0, 0, 0, 0.001967, -0.0660257
13673, 0, 0.001967, -0.0623959, 0.0345891, 0, 0, 0, 0, 0, 0, 0.001967, -0.0644902
13683, 0, 0.001967, -0.0580175, 0.0519668, 0, 0, 0, 0, 0, 0, 0.001967, -0.0614192
13693, 0, 0.001967, -0.0547832, 0.0538458, 0, 0, 0, 0, 0, 0, 0.001967, -0.0583483
13704, 0, 0.001967, -0.0517135, 0.0535255, 0, 0, 0, 0, 0, 0, 0.001967, -0.0552773
13713, 0, 0.001967, -0.0486652, 0.0529179, 0, 0, 0, 0, 0, 0, 0.001967, -0.0522063
13723, 0, 0.001967, -0.0427643, 0.0699701, 0, 0, 0, 0, 0, 0, 0.001967, -0.0475999
13733, 0, 0.001967, -0.040863, 0.0538264, 0, 0, 0, 0, 0, 0, 0.001967, -0.0445289
13744, 0, 0.001967, -0.0351269, 0.0686746, 0, 0, 0, 0, 0, 0, 0.001967, -0.0399225
13753, 0, 0.001967, -0.0303917, 0.0699401, 0, 0, 0, 0, 0, 0, 0.001967, -0.0353161
13763, 0, 0.001967, -0.0258022, 0.0692571, 0, 0, 0, 0, 0, 0, 0.001967, -0.0307096
13773, 0, 0.001967, -0.0212318, 0.0683192, 0, 0, 0, 0, 0, 0, 0.001967, -0.0261032
13784, 0, 0.001967, -0.0166638, 0.0673482, 0, 0, 0, 0, 0, 0, 0.001967, -0.0214967
13793, 0, 0.001967, -0.00924075, 0.0840701, 0, 0, 0, 0, 0, 0, 0.001967, -0.0153548
13803, 0, 0.001967, -0.00581698, 0.0676004, 0, 0, 0, 0, 0, 0, 0.001967, -0.0107484
13813, 0, 0.001967, -0.00141382, 0.0644259, 0, 0, 0, 0, 0, 0, 0.001967, -0.00614192
13824, 0, 0.001967, 0.00598769, 0.0808598, 0, 0, 0, 0, 0, 0, 0.001967, 0
13833, 0, 0.001967, 0.00940866, 0.0643526, 0, 0, 0, 0, 0, 0, 0.001967, 0.00460644
13843, 0, 0.001967, 0.0138114, 0.0611732, 0, 0, 0, 0, 0, 0, 0.001967, 0.00921288
13853, 0, 0.001967, 0.0183574, 0.0599091, 0, 0, 0, 0, 0, 0, 0.001967, 0.0138193
13863, 0, 0.001967, 0.0229222, 0.0588957, 0, 0, 0, 0, 0, 0, 0.001967, 0.0184258
13874, 0, 0.001967, 0.0274894, 0.0579148, 0, 0, 0, 0, 0, 0, 0.001967, 0.0230322
13883, 0, 0.001967, 0.0320569, 0.0569382, 0, 0, 0, 0, 0, 0, 0.001967, 0.0276386
13893, 0, 0.001967, 0.033769, 0.0382647, 0, 0, 0, 0, 0, 0, 0.001967, 0.0307096
13903, 0, 0.001967, 0.0366249, 0.035085, 0, 0, 0, 0, 0, 0, 0.001967, 0.0337806
13914, 0, 0.001967, 0.0396452, 0.034104, 0, 0, 0, 0, 0, 0, 0.001967, 0.0368515
13923, 0, 0.001967, 0.0426871, 0.0334104, 0, 0, 0, 0, 0, 0, 0.001967, 0.0399225
13933, 0, 0.001967, 0.0428762, 0.0150568, 0, 0, 0, 0, 0, 0, 0.001967, 0.041458
13943, 0, 0.001967, 0.0442095, 0.0122018, 0, 0, 0, 0, 0, 0, 0.001967, 0.0429934
13954, 0, 0.001967, 0.0457073, 0.011546, 0, 0, 0, 0, 0, 0, 0.001967, 0.0445289
13963, 0, 0.001967, 0.0443712, -0.00651969, 0, 0, 0, 0, 0, 0, 0.001967, 0.0445289
13973, 0, 0.001967, 0.0441816, -0.00905419, 0, 0, 0, 0, 0, 0, 0.001967, 0.0445289
13983, 0, 0.001967, 0.0441568, -0.00938537, 0, 0, 0, 0, 0, 0, 0.001967, 0.0445289
13993, 0, 0.001967, 0.0441536, -0.00942837, 0, 0, 0, 0, 0, 0, 0.001967, 0.0445289
14003, 0, 0.001967, 0.0412977, -0.0271314, 0, 0, 0, 0, 0, 0, 0.001967, 0.0429934
14013, 0, 0.001967, 0.039586, -0.0293356, 0, 0, 0, 0, 0, 0, 0.001967, 0.041458
14023, 0, 0.001967, 0.0380387, -0.0293408, 0, 0, 0, 0, 0, 0, 0.001967, 0.0399225
14033, 0, 0.001967, 0.036513, -0.0290585, 0, 0, 0, 0, 0, 0, 0.001967, 0.038387
14044, 0, 0.001967, 0.0321346, -0.046436, 0, 0, 0, 0, 0, 0, 0.001967, 0.0353161
14053, 0, 0.001967, 0.0289004, -0.048315, 0, 0, 0, 0, 0, 0, 0.001967, 0.0322451
14063, 0, 0.001967, 0.028686, -0.0302975, 0, 0, 0, 0, 0, 0, 0.001967, 0.0307096
14073, 0, 0.001967, 0.024494, -0.0451835, 0, 0, 0, 0, 0, 0, 0.001967, 0.0276386
14084, 0, 0.001967, 0.0212841, -0.046737, 0, 0, 0, 0, 0, 0, 0.001967, 0.0245677
14093, 0, 0.001967, 0.0182175, -0.0463745, 0, 0, 0, 0, 0, 0, 0.001967, 0.0214967
14103, 0, 0.001967, 0.0151697, -0.0457612, 0, 0, 0, 0, 0, 0, 0.001967, 0.0184258
14113, 0, 0.001967, 0.00926878, -0.0628128, 0, 0, 0, 0, 0, 0, 0.001967, 0.0138193
14124, 0, 0.001967, 0.00736749, -0.046669, 0, 0, 0, 0, 0, 0, 0.001967, 0.0107484
14133, 0, 0.001967, 0.00448686, -0.0438198, 0, 0, 0, 0, 0, 0, 0.001967, 0.0076774
14143, 0, 0.001967, 0.00146333, -0.0428817, 0, 0, 0, 0, 0, 0, 0.001967, 0.00460644
14153, 0, 0.001967, -0.00443438, -0.0598911, 0, 0, 0, 0, 0, 0, 0.001967, 0
14163, 0, 0.001967, -0.00633526, -0.0437418, 0, 0, 0, 0, 0, 0, 0.001967, -0.00307096
14173, 0, 0.001967, -0.00921584, -0.0408919, 0, 0, 0, 0, 0, 0, 0.001967, -0.00614192
14183, 0, 0.001967, -0.0122394, -0.0399537, 0, 0, 0, 0, 0, 0, 0.001967, -0.00921288
14193, 0, 0.001967, -0.0152816, -0.0392656, 0, 0, 0, 0, 0, 0, 0.001967, -0.0122838
14203, 0, 0.001967, -0.0183263, -0.0386101, 0, 0, 0, 0, 0, 0, 0.001967, -0.0153548
14214, 0, 0.001967, -0.0213713, -0.0379588, 0, 0, 0, 0, 0, 0, 0.001967, -0.0184258
14223, 0, 0.001967, -0.0244163, -0.037308, 0, 0, 0, 0, 0, 0, 0.001967, -0.0214967
14233, 0, 0.001967, -0.0246059, -0.01896, 0, 0, 0, 0, 0, 0, 0.001967, -0.0230322
14243, 0, 0.001967, -0.0259393, -0.0161057, 0, 0, 0, 0, 0, 0, 0.001967, -0.0245677
14254, 0, 0.001967, -0.0302925, -0.0331474, 0, 0, 0, 0, 0, 0, 0.001967, -0.0276386
14263, 0, 0.001967, -0.030668, -0.0172853, 0, 0, 0, 0, 0, 0, 0.001967, -0.0291741
14273, 0, 0.001967, -0.0291703, 0.00294151, 0, 0, 0, 0, 0, 0, 0.001967, -0.0291741
14283, 0, 0.001967, -0.031815, -0.0119387, 0, 0, 0, 0, 0, 0, 0.001967, -0.0307096
14294, 0, 0.001967, -0.0306437, 0.00392288, 0, 0, 0, 0, 0, 0, 0.001967, -0.0307096
14303, 0, 0.001967, -0.0333312, -0.0115282, 0, 0, 0, 0, 0, 0, 0.001967, -0.0322451
14313, 0, 0.001967, -0.0321654, 0.00425928, 0, 0, 0, 0, 0, 0, 0.001967, -0.0322451
14323, 0, 0.001967, -0.0291426, 0.0241934, 0, 0, 0, 0, 0, 0, 0.001967, -0.0307096
14333, 0, 0.001967, -0.0302646, 0.00899203, 0, 0, 0, 0, 0, 0, 0.001967, -0.0307096
14343, 0, 0.001967, -0.0275707, 0.0245288, 0, 0, 0, 0, 0, 0, 0.001967, -0.0291741
14353, 0, 0.001967, -0.0287356, 0.00875254, 0, 0, 0, 0, 0, 0, 0.001967, -0.0291741
14363, 0, 0.001967, -0.0260473, 0.0242147, 0, 0, 0, 0, 0, 0, 0.001967, -0.0276386
14373, 0, 0.001967, -0.0243575, 0.026126, 0, 0, 0, 0, 0, 0, 0.001967, -0.0261032
14384, 0, 0.001967, -0.0228131, 0.0260931, 0, 0, 0, 0, 0, 0, 0.001967, -0.0245677
14393, 0, 0.001967, -0.0212877, 0.0258058, 0, 0, 0, 0, 0, 0, 0.001967, -0.0230322
14403, 0, 0.001967, -0.0169094, 0.0431827, 0, 0, 0, 0, 0, 0, 0.001967, -0.0199612
14413, 0, 0.001967, -0.0165306, 0.0273643, 0, 0, 0, 0, 0, 0, 0.001967, -0.0184258
14424, 0, 0.001967, -0.0151725, 0.0248405, 0, 0, 0, 0, 0, 0, 0.001967, -0.0168903
14433, 0, 0.001967, -0.0136715, 0.0242277, 0, 0, 0, 0, 0, 0, 0.001967, -0.0153548
14443, 0, 0.001967, -0.0092963, 0.0415624, 0, 0, 0, 0, 0, 0, 0.001967, -0.0122838
14453, 0, 0.001967, -0.00891794, 0.0257384, 0, 0, 0, 0, 0, 0, 0.001967, -0.0107484
14464, 0, 0.001967, -0.00755988, 0.0232139, 0, 0, 0, 0, 0, 0, 0.001967, -0.00921288
14473, 0, 0.001967, -0.00605888, 0.022601, 0, 0, 0, 0, 0, 0, 0.001967, -0.0076774
14483, 0, 0.001967, -0.00453916, 0.0222383, 0, 0, 0, 0, 0, 0, 0.001967, -0.00614192
14493, 0, 0.001967, -0.003017, 0.0219081, 0, 0, 0, 0, 0, 0, 0.001967, -0.00460644
14503, 0, 0.001967, -0.00149453, 0.0215822, 0, 0, 0, 0, 0, 0, 0.001967, -0.00307096
14514, 0, 0.001967, 2.79901e-05, 0.0212567, 0, 0, 0, 0, 0, 0, 0.001967, -0.00153548
14523, 0, 0.001967, 0.00155051, 0.0209314, 0, 0, 0, 0, 0, 0, 0.001967, 0
14533, 0, 0.001967, 0.00307303, 0.020606, 0, 0, 0, 0, 0, 0, 0.001967, 0.00153548
14543, 0, 0.001967, 0.00459555, 0.0202807, 0, 0, 0, 0, 0, 0, 0.001967, 0.00307096
14554, 0, 0.001967, 0.00611807, 0.0199554, 0, 0, 0, 0, 0, 0, 0.001967, 0.00460644
14563, 0, 0.001967, 0.0076406, 0.01963, 0, 0, 0, 0, 0, 0, 0.001967, 0.00614192
14573, 0, 0.001967, 0.00630765, 0.00160731, 0, 0, 0, 0, 0, 0, 0.001967, 0.00614192
14583, 0, 0.001967, 0.00897398, 0.0167758, 0, 0, 0, 0, 0, 0, 0.001967, 0.0076774
14594, 0, 0.001967, 0.00780544, 0.00095158, 0, 0, 0, 0, 0, 0, 0.001967, 0.0076774
14603, 0, 0.001967, 0.0104933, 0.0164075, 0, 0, 0, 0, 0, 0, 0.001967, 0.00921288
14613, 0, 0.001967, 0.00932755, 0.000620673, 0, 0, 0, 0, 0, 0, 0.001967, 0.00921288
14623, 0, 0.001967, 0.00916029, -0.00161594, 0, 0, 0, 0, 0, 0, 0.001967, 0.00921288
14633, 0, 0.001967, 0.0091384, -0.00190836, 0, 0, 0, 0, 0, 0, 0.001967, 0.00921288
14643, 0, 0.001967, 0.00913555, -0.00194635, 0, 0, 0, 0, 0, 0, 0.001967, 0.00921288
14653, 0, 0.001967, 0.00913518, -0.00195129, 0, 0, 0, 0, 0, 0, 0.001967, 0.00921288
14663, 0, 0.001967, 0.00913514, -0.00195193, 0, 0, 0, 0, 0, 0, 0.001967, 0.00921288
14673, 0, 0.001967, 0.00913513, -0.00195201, 0, 0, 0, 0, 0, 0, 0.001967, 0.00921288
14684, 0, 0.001967, 0.00627966, -0.0196494, 0, 0, 0, 0, 0, 0, 0.001967, 0.0076774
14693, 0, 0.001967, 0.00742347, -0.00415562, 0, 0, 0, 0, 0, 0, 0.001967, 0.0076774
14703, 0, 0.001967, 0.00758788, -0.00195708, 0, 0, 0, 0, 0, 0, 0.001967, 0.0076774
14713, 0, 0.001967, 0.00475393, -0.019367, 0, 0, 0, 0, 0, 0, 0.001967, 0.00614192
14724, 0, 0.001967, 0.00590053, -0.00383587, 0, 0, 0, 0, 0, 0, 0.001967, 0.00614192
14733, 0, 0.001967, 0.0060653, -0.00163247, 0, 0, 0, 0, 0, 0, 0.001967, 0.00614192
14743, 0, 0.001967, 0.0032314, -0.0190418, 0, 0, 0, 0, 0, 0, 0.001967, 0.00460644
14753, 0, 0.001967, 0.004378, -0.00351054, 0, 0, 0, 0, 0, 0, 0.001967, 0.00460644
14764, 0, 0.001967, 0.00168731, -0.0190045, 0, 0, 0, 0, 0, 0, 0.001967, 0.00307096
14773, 0, 0.001967, 0.00285268, -0.00322264, 0, 0, 0, 0, 0, 0, 0.001967, 0.00307096
14783, 0, 0.001967, 0.000164429, -0.018684, 0, 0, 0, 0, 0, 0, 0.001967, 0.00153548
14793, 0, 0.001967, 0.00133011, -0.00289793, 0, 0, 0, 0, 0, 0, 0.001967, 0.00153548
14803, 0, 0.001967, -0.0013581, -0.0183588, 0, 0, 0, 0, 0, 0, 0.001967, 0
14813, 0, 0.001967, -0.000192411, -0.0025726, 0, 0, 0, 0, 0, 0, 0.001967, 0
14823, 0, 0.001967, -2.51555e-05, -0.000336065, 0, 0, 0, 0, 0, 0, 0.001967, 0
14833, 0, 0.001967, -3.26857e-06, -4.36636e-05, 0, 0, 0, 0, 0, 0, 0.001967, 0
14843, 0, 0.001967, -0.00285589, -0.017703, 0, 0, 0, 0, 0, 0, 0.001967, -0.00153548
14854, 0, 0.001967, -0.00171172, -0.00220434, 0, 0, 0, 0, 0, 0, 0.001967, -0.00153548
14863, 0, 0.001967, -0.00154726, -5.15209e-06, 0, 0, 0, 0, 0, 0, 0.001967, -0.00153548
14873, 0, 0.001967, -0.00152574, 0.000282397, 0, 0, 0, 0, 0, 0, 0.001967, -0.00153548
14883, 0, 0.001967, -0.00152294, 0.000319761, 0, 0, 0, 0, 0, 0, 0.001967, -0.00153548
14894, 0, 0.001967, -0.00152258, 0.000324614, 0, 0, 0, 0, 0, 0, 0.001967, -0.00153548
14903, 0, 0.001967, -0.00152253, 0.000325243, 0, 0, 0, 0, 0, 0, 0.001967, -0.00153548
14913, 0, 0.001967, -0.00152252, 0.000325324, 0, 0, 0, 0, 0, 0, 0.001967, -0.00153548
14923, 0, 0.001967, 0.00133294, 0.0180227, 0, 0, 0, 0, 0, 0, 0.001967, 0
14934, 0, 0.001967, 0.000189143, 0.00252894, 0, 0, 0, 0, 0, 0, 0.001967, 0
14943, 0, 0.001967, 2.4731e-05, 0.000330394, 0, 0, 0, 0, 0, 0, 0.001967, 0
14953, 0, 0.001967, 3.21344e-06, 4.2927e-05, 0, 0, 0, 0, 0, 0, 0.001967, 0
14963, 0, 0.001967, 4.17329e-07, 5.5749e-06, 0, 0, 0, 0, 0, 0, 0.001967, 0
14973, 0, 0.001967, 5.41964e-08, 7.23984e-07, 0, 0, 0, 0, 0, 0, 0.001967, 0
14984, 0, 0.001967, 7.03819e-09, 9.40198e-08, 0, 0, 0, 0, 0, 0, 0.001967, 0
14993, 0, 0.001967, 0.00285547, 0.0176974, 0, 0, 0, 0, 0, 0, 0.001967, 0.00153548
15003, 0, 0.001967, 0.00171166, 0.0022036, 0, 0, 0, 0, 0, 0, 0.001967, 0.00153548
15013, 0, 0.001967, 0.00154725, 5.05616e-06, 0, 0, 0, 0, 0, 0, 0.001967, 0.00153548
15024, 0, 0.001967, 0.00152573, -0.000282411, 0, 0, 0, 0, 0, 0, 0.001967, 0.00153548
15033, 0, 0.001967, 0.00152294, -0.000319763, 0, 0, 0, 0, 0, 0, 0.001967, 0.00153548
15043, 0, 0.001967, 0.00152258, -0.000324614, 0, 0, 0, 0, 0, 0, 0.001967, 0.00153548
15053, 0, 0.001967, 0.00152253, -0.000325243, 0, 0, 0, 0, 0, 0, 0.001967, 0.00153548
15064, 0, 0.001967, 0.00152252, -0.000325326, 0, 0, 0, 0, 0, 0, 0.001967, 0.00153548
15073, 0, 0.001967, 0.00152252, -0.000325336, 0, 0, 0, 0, 0, 0, 0.001967, 0.00153548
15083, 0, 0.001967, 0.00152252, -0.000325338, 0, 0, 0, 0, 0, 0, 0.001967, 0.00153548
15093, 0, 0.001967, 0.00152252, -0.000325338, 0, 0, 0, 0, 0, 0, 0.001967, 0.00153548
15104, 0, 0.001967, 0.00152252, -0.000325338, 0, 0, 0, 0, 0, 0, 0.001967, 0.00153548
15113, 0, 0.001967, 0.00152252, -0.000325338, 0, 0, 0, 0, 0, 0, 0.001967, 0.00153548
15123, 0, 0.001967, 0.00152252, -0.000325338, 0, 0, 0, 0, 0, 0, 0.001967, 0.00153548
15133, 0, 0.001967, 0.00152252, -0.000325338, 0, 0, 0, 0, 0, 0, 0.001967, 0.00153548
15143, 0, 0.001967, 0.00152252, -0.000325338, 0, 0, 0, 0, 0, 0, 0.001967, 0.00153548
15154, 0, 0.001967, 0.00152252, -0.000325338, 0, 0, 0, 0, 0, 0, 0.001967, 0.00153548
15163, 0, 0.001967, 0.00152252, -0.000325338, 0, 0, 0, 0, 0, 0, 0.001967, 0.00153548
15173, 0, 0.001967, 0.00152252, -0.000325338, 0, 0, 0, 0, 0, 0, 0.001967, 0.00153548
15183, 0, 0.001967, 0.00152252, -0.000325338, 0, 0, 0, 0, 0, 0, 0.001967, 0.00153548
15194, 0, 0.001967, 0.00152252, -0.000325338, 0, 0, 0, 0, 0, 0, 0.001967, 0.00153548
15203, 0, 0.001967, 0.00152252, -0.000325338, 0, 0, 0, 0, 0, 0, 0.001967, 0.00153548
15213, 0, 0.001967, 0.00152252, -0.000325338, 0, 0, 0, 0, 0, 0, 0.001967, 0.00153548
15223, 0, 0.001967, 0.00152252, -0.000325338, 0, 0, 0, 0, 0, 0, 0.001967, 0.00153548
15234, 0, 0.001967, 0.00152252, -0.000325338, 0, 0, 0, 0, 0, 0, 0.001967, 0.00153548
15243, 0, 0.001967, 0.00152252, -0.000325338, 0, 0, 0, 0, 0, 0, 0.001967, 0.00153548
15253, 0, 0.001967, 0.00152252, -0.000325338, 0, 0, 0, 0, 0, 0, 0.001967, 0.00153548
15263, 0, 0.001967, 0.00152252, -0.000325338, 0, 0, 0, 0, 0, 0, 0.001967, 0.00153548
15273, 0, 0.001967, 0.00152252, -0.000325338, 0, 0, 0, 0, 0, 0, 0.001967, 0.00153548
15283, 0, 0.001967, 0.00152252, -0.000325338, 0, 0, 0, 0, 0, 0, 0.001967, 0.00153548
15293, 0, 0.001967, 0.00152252, -0.000325338, 0, 0, 0, 0, 0, 0, 0.001967, 0.00153548
15303, 0, 0.001967, 0.00152252, -0.000325338, 0, 0, 0, 0, 0, 0, 0.001967, 0.00153548
15313, 0, 0.001967, 0.00152252, -0.000325338, 0, 0, 0, 0, 0, 0, 0.001967, 0.00153548
15324, 0, 0.001967, 0.00152252, -0.000325339, 0, 0, 0, 0, 0, 0, 0.001967, 0.00153548
15333, 0, 0.001967, 0.00152252, -0.000325339, 0, 0, 0, 0, 0, 0, 0.001967, 0.00153548
15343, 0, 0.001967, 0.00152252, -0.000325339, 0, 0, 0, 0, 0, 0, 0.001967, 0.00153548
15353, 0, 0.001967, 0.00152252, -0.000325339, 0, 0, 0, 0, 0, 0, 0.001967, 0.00153548
15364, 0, 0.001967, 0.00152252, -0.000325339, 0, 0, 0, 0, 0, 0, 0.001967, 0.00153548
15373, 0, 0.001967, 0.00152252, -0.000325339, 0, 0, 0, 0, 0, 0, 0.001967, 0.00153548
15383, 0, 0.001967, 0.00152252, -0.000325339, 0, 0, 0, 0, 0, 0, 0.001967, 0.00153548
15393, 0, 0.001967, 0.00152252, -0.000325339, 0, 0, 0, 0, 0, 0, 0.001967, 0.00153548
15404, 0, 0.001967, 0.00152252, -0.000325339, 0, 0, 0, 0, 0, 0, 0.001967, 0.00153548
15414, 0, 0.001967, 0.00152252, -0.000325339, 0, 0, 0, 0, 0, 0, 0.001967, 0.00153548
15423, 0, 0.001967, 0.00152252, -0.000325339, 0, 0, 0, 0, 0, 0, 0.001967, 0.00153548
15433, 0, 0.001967, 0.00152252, -0.000325339, 0, 0, 0, 0, 0, 0, 0.001967, 0.00153548
15443, 0, 0.001967, 0.00152252, -0.000325339, 0, 0, 0, 0, 0, 0, 0.001967, 0.00153548
15453, 0, 0.001967, 0.00152252, -0.000325339, 0, 0, 0, 0, 0, 0, 0.001967, 0.00153548
15463, 0, 0.001967, 0.00152252, -0.000325339, 0, 0, 0, 0, 0, 0, 0.001967, 0.00153548
15473, 0, 0.001967, 0.00152252, -0.000325339, 0, 0, 0, 0, 0, 0, 0.001967, 0.00153548
15483, 0, 0.001967, 0.00152252, -0.000325339, 0, 0, 0, 0, 0, 0, 0.001967, 0.00153548
15494, 0, 0.001967, 0.00152252, -0.000325338, 0, 0, 0, 0, 0, 0, 0.001967, 0.00153548
15503, 0, 0.001967, 0.00152252, -0.000325338, 0, 0, 0, 0, 0, 0, 0.001967, 0.00153548
15513, 0, 0.001967, 0.00152252, -0.000325338, 0, 0, 0, 0, 0, 0, 0.001967, 0.00153548
15523, 0, 0.001967, 0.00152252, -0.000325338, 0, 0, 0, 0, 0, 0, 0.001967, 0.00153548
15534, 0, 0.001967, 0.00152252, -0.000325338, 0, 0, 0, 0, 0, 0, 0.001967, 0.00153548
15543, 0, 0.001967, 0.00152252, -0.000325338, 0, 0, 0, 0, 0, 0, 0.001967, 0.00153548
15553, 0, 0.001967, 0.00152252, -0.000325338, 0, 0, 0, 0, 0, 0, 0.001967, 0.00153548
15563, 0, 0.001967, 0.00152252, -0.000325338, 0, 0, 0, 0, 0, 0, 0.001967, 0.00153548
15574, 0, 0.001967, 0.00152252, -0.000325338, 0, 0, 0, 0, 0, 0, 0.001967, 0.00153548
15583, 0, 0.001967, 0.00152252, -0.000325338, 0, 0, 0, 0, 0, 0, 0.001967, 0.00153548
15593, 0, 0.001967, 0.00152252, -0.000325338, 0, 0, 0, 0, 0, 0, 0.001967, 0.00153548
15603, 0, 0.001967, 0.00152252, -0.000325338, 0, 0, 0, 0, 0, 0, 0.001967, 0.00153548
15613, 0, 0.001967, 0.00152252, -0.000325338, 0, 0, 0, 0, 0, 0, 0.001967, 0.00153548
15624, 0, 0.001967, 0.00152252, -0.000325338, 0, 0, 0, 0, 0, 0, 0.001967, 0.00153548
15633, 0, 0.001967, 0.00152252, -0.000325338, 0, 0, 0, 0, 0, 0, 0.001967, 0.00153548
15643, 0, 0.001967, 0.00152252, -0.000325338, 0, 0, 0, 0, 0, 0, 0.001967, 0.00153548
15653, 0, 0.001967, 0.00152252, -0.000325338, 0, 0, 0, 0, 0, 0, 0.001967, 0.00153548
15664, 0, 0.001967, 0.00152252, -0.000325338, 0, 0, 0, 0, 0, 0, 0.001967, 0.00153548
15673, 0, 0.001967, 0.00152252, -0.000325338, 0, 0, 0, 0, 0, 0, 0.001967, 0.00153548
15683, 0, 0.001967, 0.00152252, -0.000325338, 0, 0, 0, 0, 0, 0, 0.001967, 0.00153548
15693, 0, 0.001967, 0.00152252, -0.000325338, 0, 0, 0, 0, 0, 0, 0.001967, 0.00153548
15704, 0, 0.001967, 0.00152252, -0.000325338, 0, 0, 0, 0, 0, 0, 0.001967, 0.00153548
15713, 0, 0.001967, 0.00152252, -0.000325338, 0, 0, 0, 0, 0, 0, 0.001967, 0.00153548
15723, 0, 0.001967, 0.00152252, -0.000325338, 0, 0, 0, 0, 0, 0, 0.001967, 0.00153548
15733, 0, 0.001967, 0.00152252, -0.000325338, 0, 0, 0, 0, 0, 0, 0.001967, 0.00153548
15744, 0, 0.001967, 0.00152252, -0.000325338, 0, 0, 0, 0, 0, 0, 0.001967, 0.00153548
15753, 0, 0.001967, 0.00152252, -0.000325338, 0, 0, 0, 0, 0, 0, 0.001967, 0.00153548
15763, 0, 0.001967, 0.00152252, -0.000325338, 0, 0, 0, 0, 0, 0, 0.001967, 0.00153548
15773, 0, 0.001967, 0.00152252, -0.000325338, 0, 0, 0, 0, 0, 0, 0.001967, 0.00153548
15783, 0, 0.001967, 0.00152252, -0.000325338, 0, 0, 0, 0, 0, 0, 0.001967, 0.00153548
15794, 0, 0.001967, 0.00152252, -0.000325339, 0, 0, 0, 0, 0, 0, 0.001967, 0.00153548
15803, 0, 0.001967, 0.00152252, -0.000325339, 0, 0, 0, 0, 0, 0, 0.001967, 0.00153548
15813, 0, 0.001967, 0.00152252, -0.000325339, 0, 0, 0, 0, 0, 0, 0.001967, 0.00153548
15823, 0, 0.001967, 0.00152252, -0.000325339, 0, 0, 0, 0, 0, 0, 0.001967, 0.00153548
15834, 0, 0.001967, 0.00152252, -0.000325339, 0, 0, 0, 0, 0, 0, 0.001967, 0.00153548
15843, 0, 0.001967, 0.00152252, -0.000325339, 0, 0, 0, 0, 0, 0, 0.001967, 0.00153548
15853, 0, 0.001967, 0.00152252, -0.000325339, 0, 0, 0, 0, 0, 0, 0.001967, 0.00153548
15863, 0, 0.001967, 0.00152252, -0.000325339, 0, 0, 0, 0, 0, 0, 0.001967, 0.00153548
15874, 0, 0.001967, 0.00152252, -0.000325339, 0, 0, 0, 0, 0, 0, 0.001967, 0.00153548
15883, 0, 0.001967, 0.00152252, -0.000325339, 0, 0, 0, 0, 0, 0, 0.001967, 0.00153548
15893, 0, 0.001967, 0.00152252, -0.000325339, 0, 0, 0, 0, 0, 0, 0.001967, 0.00153548
15903, 0, 0.001967, 0.00152252, -0.000325339, 0, 0, 0, 0, 0, 0, 0.001967, 0.00153548
15913, 0, 0.001967, 0.00152252, -0.000325339, 0, 0, 0, 0, 0, 0, 0.001967, 0.00153548
15923, 0, 0.001967, 0.00152252, -0.000325339, 0, 0, 0, 0, 0, 0, 0.001967, 0.00153548
15933, 0, 0.001967, 0.00152252, -0.000325339, 0, 0, 0, 0, 0, 0, 0.001967, 0.00153548
15943, 0, 0.001967, 0.00152252, -0.000325339, 0, 0, 0, 0, 0, 0, 0.001967, 0.00153548
15953, 0, 0.001967, 0.00152252, -0.000325339, 0, 0, 0, 0, 0, 0, 0.001967, 0.00153548
15964, 0, 0.001967, 0.00152252, -0.000325338, 0, 0, 0, 0, 0, 0, 0.001967, 0.00153548
15973, 0, 0.001967, 0.00152252, -0.000325338, 0, 0, 0, 0, 0, 0, 0.001967, 0.00153548
15983, 0, 0.001967, 0.00152252, -0.000325338, 0, 0, 0, 0, 0, 0, 0.001967, 0.00153548
15993, 0, 0.001967, 0.00152252, -0.000325338, 0, 0, 0, 0, 0, 0, 0.001967, 0.00153548
16004, 0, 0.001967, 0.00152252, -0.000325338, 0, 0, 0, 0, 0, 0, 0.001967, 0.00153548
16013, 0, 0.001967, 0.00152252, -0.000325338, 0, 0, 0, 0, 0, 0, 0.001967, 0.00153548
16023, 0, 0.001967, 0.00152252, -0.000325338, 0, 0, 0, 0, 0, 0, 0.001967, 0.00153548
16033, 0, 0.001967, 0.00152252, -0.000325338, 0, 0, 0, 0, 0, 0, 0.001967, 0.00153548
16044, 0, 0.001967, 0.00152252, -0.000325338, 0, 0, 0, 0, 0, 0, 0.001967, 0.00153548
16053, 0, 0.001967, 0.00152252, -0.000325338, 0, 0, 0, 0, 0, 0, 0.001967, 0.00153548
16063, 0, 0.001967, 0.00152252, -0.000325338, 0, 0, 0, 0, 0, 0, 0.001967, 0.00153548
16073, 0, 0.001967, 0.00152252, -0.000325338, 0, 0, 0, 0, 0, 0, 0.001967, 0.00153548
16083, 0, 0.001967, 0.00152252, -0.000325338, 0, 0, 0, 0, 0, 0, 0.001967, 0.00153548
16093, 0, 0.001967, 0.00152252, -0.000325338, 0, 0, 0, 0, 0, 0, 0.001967, 0.00153548
16103, 0, 0.001967, 0.00152252, -0.000325338, 0, 0, 0, 0, 0, 0, 0.001967, 0.00153548
16113, 0, 0.001967, 0.00152252, -0.000325338, 0, 0, 0, 0, 0, 0, 0.001967, 0.00153548
16123, 0, 0.001967, 0.00152252, -0.000325338, 0, 0, 0, 0, 0, 0, 0.001967, 0.00153548
16134, 0, 0.001967, 0.00152252, -0.000325338, 0, 0, 0, 0, 0, 0, 0.001967, 0.00153548
16143, 0, 0.001967, 0.00152252, -0.000325338, 0, 0, 0, 0, 0, 0, 0.001967, 0.00153548
16153, 0, 0.001967, 0.00152252, -0.000325338, 0, 0, 0, 0, 0, 0, 0.001967, 0.00153548
16163, 0, 0.001967, 0.00152252, -0.000325338, 0, 0, 0, 0, 0, 0, 0.001967, 0.00153548
16174, 0, 0.001967, 0.00152252, -0.000325338, 0, 0, 0, 0, 0, 0, 0.001967, 0.00153548
16183, 0, 0.001967, 0.00152252, -0.000325338, 0, 0, 0, 0, 0, 0, 0.001967, 0.00153548
16193, 0, 0.001967, 0.00152252, -0.000325338, 0, 0, 0, 0, 0, 0, 0.001967, 0.00153548
16203, 0, 0.001967, 0.00152252, -0.000325338, 0, 0, 0, 0, 0, 0, 0.001967, 0.00153548
16214, 0, 0.001967, 0.00152252, -0.000325338, 0, 0, 0, 0, 0, 0, 0.001967, 0.00153548
16223, 0, 0.001967, 0.00152252, -0.000325338, 0, 0, 0, 0, 0, 0, 0.001967, 0.00153548
16233, 0, 0.001967, 0.00152252, -0.000325338, 0, 0, 0, 0, 0, 0, 0.001967, 0.00153548
16243, 0, 0.001967, 0.00152252, -0.000325338, 0, 0, 0, 0, 0, 0, 0.001967, 0.00153548
16253, 0, 0.001967, 0.00152252, -0.000325338, 0, 0, 0, 0, 0, 0, 0.001967, 0.00153548
16264, 0, 0.001967, 0.00152252, -0.000325339, 0, 0, 0, 0, 0, 0, 0.001967, 0.00153548
16273, 0, 0.001967, 0.00152252, -0.000325339, 0, 0, 0, 0, 0, 0, 0.001967, 0.00153548
16283, 0, 0.001967, 0.00152252, -0.000325339, 0, 0, 0, 0, 0, 0, 0.001967, 0.00153548
16293, 0, 0.001967, 0.00152252, -0.000325339, 0, 0, 0, 0, 0, 0, 0.001967, 0.00153548
16304, 0, 0.001967, 0.00152252, -0.000325339, 0, 0, 0, 0, 0, 0, 0.001967, 0.00153548
16313, 0, 0.001967, 0.00152252, -0.000325339, 0, 0, 0, 0, 0, 0, 0.001967, 0.00153548
16323, 0, 0.001967, 0.00152252, -0.000325339, 0, 0, 0, 0, 0, 0, 0.001967, 0.00153548
16333, 0, 0.001967, 0.00152252, -0.000325339, 0, 0, 0, 0, 0, 0, 0.001967, 0.00153548
16344, 0, 0.001967, 0.00152252, -0.000325339, 0, 0, 0, 0, 0, 0, 0.001967, 0.00153548
16353, 0, 0.001967, 0.00152252, -0.000325339, 0, 0, 0, 0, 0, 0, 0.001967, 0.00153548
16363, 0, 0.001967, 0.00152252, -0.000325339, 0, 0, 0, 0, 0, 0, 0.001967, 0.00153548
16373, 0, 0.001967, 0.00152252, -0.000325339, 0, 0, 0, 0, 0, 0, 0.001967, 0.00153548
16384, 0, 0.001967, 0.00152252, -0.000325339, 0, 0, 0, 0, 0, 0, 0.001967, 0.00153548
16393, 0, 0.001967, 0.00152252, -0.000325339, 0, 0, 0, 0, 0, 0, 0.001967, 0.00153548
16403, 0, 0.001967, 0.00152252, -0.000325339, 0, 0, 0, 0, 0, 0, 0.001967, 0.00153548
16413, 0, 0.001967, 0.00152252, -0.000325339, 0, 0, 0, 0, 0, 0, 0.001967, 0.00153548
16423, 0, 0.001967, 0.00152252, -0.000325339, 0, 0, 0, 0, 0, 0, 0.001967, 0.00153548
16434, 0, 0.001967, 0.00152252, -0.000325338, 0, 0, 0, 0, 0, 0, 0.001967, 0.00153548
16443, 0, 0.001967, 0.00152252, -0.000325338, 0, 0, 0, 0, 0, 0, 0.001967, 0.00153548
16453, 0, 0.001967, 0.00152252, -0.000325338, 0, 0, 0, 0, 0, 0, 0.001967, 0.00153548
16463, 0, 0.001967, 0.00152252, -0.000325338, 0, 0, 0, 0, 0, 0, 0.001967, 0.00153548
16474, 0, 0.001967, 0.00152252, -0.000325338, 0, 0, 0, 0, 0, 0, 0.001967, 0.00153548
16483, 0, 0.001967, 0.00152252, -0.000325338, 0, 0, 0, 0, 0, 0, 0.001967, 0.00153548
16493, 0, 0.001967, 0.00152252, -0.000325338, 0, 0, 0, 0, 0, 0, 0.001967, 0.00153548
16503, 0, 0.001967, 0.00152252, -0.000325338, 0, 0, 0, 0, 0, 0, 0.001967, 0.00153548
16514, 0, 0.001967, 0.00152252, -0.000325338, 0, 0, 0, 0, 0, 0, 0.001967, 0.00153548
16523, 0, 0.001967, 0.00152252, -0.000325338, 0, 0, 0, 0, 0, 0, 0.001967, 0.00153548
16533, 0, 0.001967, 0.00152252, -0.000325338, 0, 0, 0, 0, 0, 0, 0.001967, 0.00153548
16543, 0, 0.001967, 0.00152252, -0.000325338, 0, 0, 0, 0, 0, 0, 0.001967, 0.00153548
16553, 0, 0.001967, 0.00152252, -0.000325338, 0, 0, 0, 0, 0, 0, 0.001967, 0.00153548
16563, 0, 0.001967, 0.00152252, -0.000325338, 0, 0, 0, 0, 0, 0, 0.001967, 0.00153548
16573, 0, 0.001967, 0.00152252, -0.000325338, 0, 0, 0, 0, 0, 0, 0.001967, 0.00153548
16583, 0, 0.001967, 0.00152252, -0.000325338, 0, 0, 0, 0, 0, 0, 0.001967, 0.00153548
16593, 0, 0.001967, 0.00152252, -0.000325338, 0, 0, 0, 0, 0, 0, 0.001967, 0.00153548
16604, 0, 0.001967, 0.00152252, -0.000325338, 0, 0, 0, 0, 0, 0, 0.001967, 0.00153548
16613, 0, 0.001967, 0.00152252, -0.000325338, 0, 0, 0, 0, 0, 0, 0.001967, 0.00153548
16623, 0, 0.001967, 0.00152252, -0.000325338, 0, 0, 0, 0, 0, 0, 0.001967, 0.00153548
16633, 0, 0.001967, 0.00152252, -0.000325338, 0, 0, 0, 0, 0, 0, 0.001967, 0.00153548
16644, 0, 0.001967, 0.00152252, -0.000325338, 0, 0, 0, 0, 0, 0, 0.001967, 0.00153548
16653, 0, 0.001967, 0.00152252, -0.000325338, 0, 0, 0, 0, 0, 0, 0.001967, 0.00153548
16663, 0, 0.001967, 0.00152252, -0.000325338, 0, 0, 0, 0, 0, 0, 0.001967, 0.00153548
16673, 0, 0.001967, 0.00152252, -0.000325338, 0, 0, 0, 0, 0, 0, 0.001967, 0.00153548
16684, 0, 0.001967, 0.00152252, -0.000325338, 0, 0, 0, 0, 0, 0, 0.001967, 0.00153548
16693, 0, 0.001967, 0.00152252, -0.000325338, 0, 0, 0, 0, 0, 0, 0.001967, 0.00153548
16703, 0, 0.001967, 0.00152252, -0.000325338, 0, 0, 0, 0, 0, 0, 0.001967, 0.00153548
16713, 0, 0.001967, 0.00152252, -0.000325338, 0, 0, 0, 0, 0, 0, 0.001967, 0.00153548
16723, 0, 0.001967, 0.00152252, -0.000325338, 0, 0, 0, 0, 0, 0, 0.001967, 0.00153548
16733, 0, 0.001967, 0.00152252, -0.000325339, 0, 0, 0, 0, 0, 0, 0.001967, 0.00153548
16743, 0, 0.001967, 0.00152252, -0.000325339, 0, 0, 0, 0, 0, 0, 0.001967, 0.00153548
16753, 0, 0.001967, 0.00152252, -0.000325339, 0, 0, 0, 0, 0, 0, 0.001967, 0.00153548
16763, 0, 0.001967, 0.00152252, -0.000325339, 0, 0, 0, 0, 0, 0, 0.001967, 0.00153548
16774, 0, 0.001967, 0.00152252, -0.000325339, 0, 0, 0, 0, 0, 0, 0.001967, 0.00153548
16783, 0, 0.001967, 0.00152252, -0.000325339, 0, 0, 0, 0, 0, 0, 0.001967, 0.00153548
16793, 0, 0.001967, 0.00152252, -0.000325339, 0, 0, 0, 0, 0, 0, 0.001967, 0.00153548
16803, 0, 0.001967, 0.00152252, -0.000325339, 0, 0, 0, 0, 0, 0, 0.001967, 0.00153548
16814, 0, 0.001967, 0.00152252, -0.000325339, 0, 0, 0, 0, 0, 0, 0.001967, 0.00153548
16823, 0, 0.001967, 0.00152252, -0.000325339, 0, 0, 0, 0, 0, 0, 0.001967, 0.00153548
16833, 0, 0.001967, 0.00152252, -0.000325339, 0, 0, 0, 0, 0, 0, 0.001967, 0.00153548
16843, 0, 0.001967, 0.00152252, -0.000325339, 0, 0, 0, 0, 0, 0, 0.001967, 0.00153548
16854, 0, 0.001967, 0.00152252, -0.000325339, 0, 0, 0, 0, 0, 0, 0.001967, 0.00153548
16863, 0, 0.001967, 0.00152252, -0.000325339, 0, 0, 0, 0, 0, 0, 0.001967, 0.00153548
16873, 0, 0.001967, 0.00152252, -0.000325339, 0, 0, 0, 0, 0, 0, 0.001967, 0.00153548
16883, 0, 0.001967, 0.00152252, -0.000325339, 0, 0, 0, 0, 0, 0, 0.001967, 0.00153548
16893, 0, 0.001967, 0.00152252, -0.000325339, 0, 0, 0, 0, 0, 0, 0.001967, 0.00153548
16904, 0, 0.001967, 0.00152252, -0.000325338, 0, 0, 0, 0, 0, 0, 0.001967, 0.00153548
16913, 0, 0.001967, 0.00152252, -0.000325338, 0, 0, 0, 0, 0, 0, 0.001967, 0.00153548
16923, 0, 0.001967, 0.00152252, -0.000325338, 0, 0, 0, 0, 0, 0, 0.001967, 0.00153548
16933, 0, 0.001967, 0.00152252, -0.000325338, 0, 0, 0, 0, 0, 0, 0.001967, 0.00153548
16944, 0, 0.001967, 0.00152252, -0.000325338, 0, 0, 0, 0, 0, 0, 0.001967, 0.00153548
16953, 0, 0.001967, 0.00152252, -0.000325338, 0, 0, 0, 0, 0, 0, 0.001967, 0.00153548
16963, 0, 0.001967, 0.00152252, -0.000325338, 0, 0, 0, 0, 0, 0, 0.001967, 0.00153548
16973, 0, 0.001967, 0.00152252, -0.000325338, 0, 0, 0, 0, 0, 0, 0.001967, 0.00153548
16984, 0, 0.001967, 0.00152252, -0.000325338, 0, 0, 0, 0, 0, 0, 0.001967, 0.00153548
16993, 0, 0.001967, 0.00152252, -0.000325338, 0, 0, 0, 0, 0, 0, 0.001967, 0.00153548
17003, 0, 0.001967, 0.00152252, -0.000325338, 0, 0, 0, 0, 0, 0, 0.001967, 0.00153548
17013, 0, 0.001967, 0.00152252, -0.000325338, 0, 0, 0, 0, 0, 0, 0.001967, 0.00153548
17024, 0, 0.001967, 0.00152252, -0.000325338, 0, 0, 0, 0, 0, 0, 0.001967, 0.00153548
17033, 0, 0.001967, 0.00152252, -0.000325338, 0, 0, 0, 0, 0, 0, 0.001967, 0.00153548
17043, 0, 0.001967, 0.00152252, -0.000325338, 0, 0, 0, 0, 0, 0, 0.001967, 0.00153548
17053, 0, 0.001967, 0.00152252, -0.000325338, 0, 0, 0, 0, 0, 0, 0.001967, 0.00153548
17063, 0, 0.001967, 0.00152252, -0.000325338, 0, 0, 0, 0, 0, 0, 0.001967, 0.00153548
17074, 0, 0.001967, 0.00152252, -0.000325338, 0, 0, 0, 0, 0, 0, 0.001967, 0.00153548
17083, 0, 0.001967, 0.00152252, -0.000325338, 0, 0, 0, 0, 0, 0, 0.001967, 0.00153548
17093, 0, 0.001967, 0.00152252, -0.000325338, 0, 0, 0, 0, 0, 0, 0.001967, 0.00153548
17103, 0, 0.001967, 0.00152252, -0.000325338, 0, 0, 0, 0, 0, 0, 0.001967, 0.00153548
17114, 0, 0.001967, 0.00152252, -0.000325338, 0, 0, 0, 0, 0, 0, 0.001967, 0.00153548
17123, 0, 0.001967, 0.00152252, -0.000325338, 0, 0, 0, 0, 0, 0, 0.001967, 0.00153548
17133, 0, 0.001967, 0.00152252, -0.000325338, 0, 0, 0, 0, 0, 0, 0.001967, 0.00153548
17143, 0, 0.001967, 0.00152252, -0.000325338, 0, 0, 0, 0, 0, 0, 0.001967, 0.00153548
17154, 0, 0.001967, 0.00152252, -0.000325338, 0, 0, 0, 0, 0, 0, 0.001967, 0.00153548
17163, 0, 0.001967, 0.00152252, -0.000325338, 0, 0, 0, 0, 0, 0, 0.001967, 0.00153548
17173, 0, 0.001967, 0.00152252, -0.000325338, 0, 0, 0, 0, 0, 0, 0.001967, 0.00153548
