QGPIORecord, QRC v6.1.0, 16-12-2024 @ 20:41:32, Windows 10 Version 2009, 10.0.19045, x86_64
Time, ValueIn0, ValueIn1, ValueIn2, ValueIn3, ValueIn4, ValueIn5, ValueIn6, ValueIn7, ValueIn8, ValueIn9, ValueIn10, ValueIn11
7400, 0, 0, 0, 0, 0, 0, 0, -0.404096, -2, 0, 0, 0
7410, 0, 0, 0, 0, 0, 0, 0, -0.404096, -2, 0, 0, 0
7420, 0, 0, 0, 0, 0, 0, 0, -0.404096, -2, 0, 0, 0
7430, 0, 0, 0, 0, 0, 0, 0, -0.404096, -2, 0, 0, 0
7440, 0, 0, 0, 0, 0, 0, 0, -0.404096, -2, 0, 0, 0
7450, 0, 0, 0, 0, 0, 0, 0, -0.410438, -2, 0, 0, 0
7460, 0, 0, 0, 0, 0, 0, 0, -0.404096, -2, 0, 0, 0
7470, 0, 0, 0, 0, 0, 0, 0, -0.404096, -2, 0, 0, 0
7480, 0, 0, 0, 0, 0, 0, 0, -0.386225, -2, 0, 0, 0
7490, 0, 0, 0, 0, 0, 0, 0, -0.404096, -2, 0, 0, 0
7500, 0, 0, 0, 0, 0, 0, 0, -0.404096, -2, 0, 0, 0
7511, 0, 0, 0, 0, 0, 0, 0, -0.404096, -2, 0, 0, 0
7520, 0, 0, 0, 0, 0, 0, 0, -0.404096, -2, 0, 0, 0
7530, 0, 0, 0, 0, 0, 0, 0, -0.404096, -2, 0, 0, 0
7540, 0, 0, 0, 0, 0, 0, 0, -0.404096, -2, 0, 0, 0
7550, 0, 0, 0, 0, 0, 0, 0, -0.404096, -2, 0, 0, 0
7560, 0, 0, 0, 0, 0, 0, 0, -0.404096, -2, 0, 0, 0
7570, 0, 0, 0, 0, 0, 0, 0, -0.404096, -2, 0, 0, 0
7580, 0, 0, 0, 0, 0, 0, 0, -0.410438, -2, 0, 0, 0
7590, 0, 0, 0, 0, 0, 0, 0, -0.404096, -2, 0, 0, 0
7600, 0, 0, 0, 0, 0, 0, 0, -0.404096, -2, 0, 0, 0
7610, 0, 0, 0, 0, 0, 0, 0, -0.430751, -2, 0, 0, 0
7620, 0, 0, 0, 0, 0, 0, 0, -0.404096, -2, 0, 0, 0
7630, 0, 0, 0, 0, 0, 0, 0, -0.404096, -2, 0, 0, 0
7641, 0, 0, 0, 0, 0, 0, 0, -0.404096, -2, 0, 0, 0
7650, 0, 0, 0, 0, 0, 0, 0, -0.404096, -2, 0, 0, 0
7660, 0, 0, 0, 0, 0, 0, 0, -0.404096, -2, 0, 0, 0
7670, 0, 0, 0, 0, 0, 0, 0, -0.404096, -2, 0, 0, 0
7681, 0, 0, 0, 0, 0, 0, 0, -0.404096, -2, 0, 0, 0
7690, 0, 0, 0, 0, 0, 0, 0, -0.404096, -2, 0, 0, 0
7700, 0, 0, 0, 0, 0, 0, 0, -0.404096, -2, 0, 0, 0
7710, 0, 0, 0, 0, 0, 0, 0, -0.404096, -2, 0, 0, 0
7720, 0, 0, 0, 0, 0, 0, 0, -0.404096, -2, 0, 0, 0
7730, 0, 0, 0, 0, 0, 0, 0, -0.404096, -2, 0, 0, 0
7740, 0, 0, 0, 0, 0, 0, 0, -0.410438, -2, 0, 0, 0
7750, 0, 0, 0, 0, 0, 0, 0, -0.404096, -2, 0, 0, 0
7760, 0, 0, 0, 0, 0, 0, 0, -0.404096, -2, 0, 0, 0
7770, 0, 0, 0, 0, 0, 0, 0, -0.404096, -2, 0, 0, 0
7780, 0, 0, 0, 0, 0, 0, 0, -0.404096, -2, 0, 0, 0
7790, 0, 0, 0, 0, 0, 0, 0, -0.404096, -2, 0, 0, 0
7800, 0, 0, 0, 0, 0, 0, 0, -0.404096, -2, 0, 0, 0
7811, 0, 0, 0, 0, 0, 0, 0, -0.404096, -2, 0, 0, 0
7820, 0, 0, 0, 0, 0, 0, 0, -0.404096, -2, 0, 0, 0
7830, 0, 0, 0, 0, 0, 0, 0, -0.404096, -2, 0, 0, 0
7840, 0, 0, 0, 0, 0, 0, 0, -0.404096, -2, 0, 0, 0
7851, 0, 0, 0, 0, 0, 0, 0, -0.404096, -2, 0, 0, 0
7860, 0, 0, 0, 0, 0, 0, 0, -0.404096, -2, 0, 0, 0
7870, 0, 0, 0, 0, 0, 0, 0, -0.410438, -2, 0, 0, 0
7880, 0, 0, 0, 0, 0, 0, 0, -0.416987, -2, 0, 0, 0
7890, 0, 0, 0, 0, 0, 0, 0, -0.404096, -2, 0, 0, 0
7900, 0, 0, 0, 0, 0, 0, 0, -0.404096, -1.61507, -1.5959, 0, 0
7910, 0, 0, 0, 0, 0, 0, 0, -0.404096, -1.32298, -1.21097, 0, 0
7920, 0, 0, 0, 0, 0, 0, 0, -0.404096, -1.10135, -0.918885, 0, 0
7930, 0, 0, 0, 0, 0, 0, 0, -0.404096, -0.93317, -0.69725, 0, 0
7941, 0, 0, 0, 0, 0, 0, 0, -0.404096, -0.805557, -0.529074, 0, 0
7950, 0, 0, 0, 0, 0, 0, 0, -0.404096, -0.708725, -0.401461, 0, 0
7960, 0, 0, 0, 0, 0, 0, 0, -0.404096, -0.635248, -0.304629, 0, 0
7970, 0, 0, 0, 0, 0, 0, 0, -0.404096, -0.579494, -0.231152, 0, 0
7981, 0, 0, 0, 0, 0, 0, 0, -0.404096, -0.537188, -0.175398, 0, 0
7990, 0, 0, 0, 0, 0, 0, 0, -0.404096, -0.505087, -0.133092, 0, 0
8000, 0, 0, 0, 0, 0, 0, 0, -0.410438, -0.482257, -0.094649, 0, 0
8010, 0, 0, 0, 0, 0, 0, 0, -0.410438, -0.464934, -0.0718197, 0, 0
8020, 0, 0, 0, 0, 0, 0, 0, -0.404096, -0.45026, -0.0608381, 0, 0
8030, 0, 0, 0, 0, 0, 0, 0, -0.386225, -0.434815, -0.0640351, 0, 0
8040, 0, 0, 0, 0, 0, 0, 0, -0.404096, -0.427406, -0.0307187, 0, 0
8050, 0, 0, 0, 0, 0, 0, 0, -0.404096, -0.421783, -0.0233094, 0, 0
8060, 0, 0, 0, 0, 0, 0, 0, -0.404096, -0.417517, -0.0176871, 0, 0
8071, 0, 0, 0, 0, 0, 0, 0, -0.404096, -0.41428, -0.013421, 0, 0
8080, 0, 0, 0, 0, 0, 0, 0, -0.404096, -0.411824, -0.0101838, 0, 0
8090, 0, 0, 0, 0, 0, 0, 0, -0.404096, -0.40996, -0.0077275, 0, 0
8100, 0, 0, 0, 0, 0, 0, 0, -0.404096, -0.408546, -0.00586364, 0, 0
8111, 0, 0, 0, 0, 0, 0, 0, -0.404096, -0.407472, -0.00444934, 0, 0
8120, 0, 0, 0, 0, 0, 0, 0, -0.404096, -0.406658, -0.00337616, 0, 0
8130, 0, 0, 0, 0, 0, 0, 0, -0.404096, -0.40604, -0.00256184, 0, 0
8140, 0, 0, 0, 0, 0, 0, 0, -0.410438, -0.407101, 0.00439745, 0, 0
8151, 0, 0, 0, 0, 0, 0, 0, -0.404096, -0.406376, -0.00300458, 0, 0
8160, 0, 0, 0, 0, 0, 0, 0, -0.391999, -0.402908, -0.0143773, 0, 0
8170, 0, 0, 0, 0, 0, 0, 0, -0.404096, -0.403195, 0.00118792, 0, 0
8180, 0, 0, 0, 0, 0, 0, 0, -0.404096, -0.403412, 0.000901401, 0, 0
8190, 0, 0, 0, 0, 0, 0, 0, -0.404096, -0.403577, 0.000683993, 0, 0
8200, 0, 0, 0, 0, 0, 0, 0, -0.404096, -0.403702, 0.000519007, 0, 0
8210, 0, 0, 0, 0, 0, 0, 0, -0.404096, -0.403797, 0.000393838, 0, 0
8220, 0, 0, 0, 0, 0, 0, 0, -0.404096, -0.403869, 0.000298858, 0, 0
8230, 0, 0, 0, 0, 0, 0, 0, -0.404096, -0.403924, 0.000226766, 0, 0
8241, 0, 0, 0, 0, 0, 0, 0, -0.404096, -0.403966, 0.000172079, 0, 0
8250, 0, 0, 0, 0, 0, 0, 0, -0.404096, -0.403997, 0.000130564, 0, 0
8260, 0, 0, 0, 0, 0, 0, 0, -0.404096, -0.404021, 9.90629e-05, 0, 0
8270, 0, 0, 0, 0, 0, 0, 0, -0.410438, -0.405569, 0.00641653, 0, 0
8281, 0, 0, 0, 0, 0, 0, 0, -0.404096, -0.405214, -0.0014725, 0, 0
8290, 0, 0, 0, 0, 0, 0, 0, -0.391999, -0.402026, -0.0132147, 0, 0
8300, 0, 0, 0, 0, 0, 0, 0, -0.386225, -0.398215, -0.0158011, 0, 0
8310, 0, 0, 0, 0, 0, 0, 0, -0.404096, -0.399633, 0.00588128, 0, 0
8321, 0, 0, 0, 0, 0, 0, 0, -0.404096, -0.40071, 0.00446272, 0, 0
8330, 0, 0, 0, 0, 0, 0, 0, -0.404096, -0.401527, 0.00338632, 0, 0
8340, 0, 0, 0, 0, 0, 0, 0, -0.404096, -0.402146, 0.00256953, 0, 0
8350, 0, 0, 0, 0, 0, 0, 0, -0.404096, -0.402617, 0.00194976, 0, 0
8360, 0, 0, 0, 0, 0, 0, 0, -0.404096, -0.402974, 0.00147948, 0, 0
8370, 0, 0, 0, 0, 0, 0, 0, -0.404096, -0.403244, 0.00112262, 0, 0
8380, 0, 0, 0, 0, 0, 0, 0, -0.404096, -0.40345, 0.00085184, 0, 0
8390, 0, 0, 0, 0, 0, 0, 0, -0.404096, -0.403606, 0.000646383, 0, 0
8400, 0, 0, 0, 0, 0, 0, 0, -0.404096, -0.403724, 0.000490487, 0, 0
8411, 0, 0, 0, 0, 0, 0, 0, -0.404096, -0.403814, 0.000372171, 0, 0
8420, 0, 0, 0, 0, 0, 0, 0, -0.404096, -0.403882, 0.000282407, 0, 0
8430, 0, 0, 0, 0, 0, 0, 0, -0.391999, -0.401016, -0.0118831, 0, 0
8440, 0, 0, 0, 0, 0, 0, 0, -0.404096, -0.401759, 0.00308049, 0, 0
8451, 0, 0, 0, 0, 0, 0, 0, -0.410438, -0.403852, 0.00867885, 0, 0
8460, 0, 0, 0, 0, 0, 0, 0, -0.404096, -0.403911, 0.000244141, 0, 0
8470, 0, 0, 0, 0, 0, 0, 0, -0.404096, -0.403956, 0.000185251, 0, 0
8480, 0, 0, 0, 0, 0, 0, 0, -0.404096, -0.40399, 0.000140578, 0, 0
8491, 0, 0, 0, 0, 0, 0, 0, -0.404096, -0.404015, 0.000106663, 0, 0
8500, 0, 0, 0, 0, 0, 0, 0, -0.404096, -0.404035, 8.09431e-05, 0, 0
8510, 0, 0, 0, 0, 0, 0, 0, -0.404096, -0.40405, 6.14226e-05, 0, 0
8520, 0, 0, 0, 0, 0, 0, 0, -0.404096, -0.404061, 4.66108e-05, 0, 0
8530, 0, 0, 0, 0, 0, 0, 0, -0.404096, -0.404069, 3.53754e-05, 0, 0
8540, 0, 0, 0, 0, 0, 0, 0, -0.404096, -0.404076, 2.68519e-05, 0, 0
8550, 0, 0, 0, 0, 0, 0, 0, -0.404096, -0.404081, 2.03848e-05, 0, 0
8560, 0, 0, 0, 0, 0, 0, 0, -0.386225, -0.399774, -0.0178557, 0, 0
8570, 0, 0, 0, 0, 0, 0, 0, -0.404096, -0.400816, 0.00432226, 0, 0
8581, 0, 0, 0, 0, 0, 0, 0, -0.404096, -0.401608, 0.00327975, 0, 0
8590, 0, 0, 0, 0, 0, 0, 0, -0.404096, -0.402208, 0.00248867, 0, 0
8600, 0, 0, 0, 0, 0, 0, 0, -0.404096, -0.402663, 0.00188839, 0, 0
8610, 0, 0, 0, 0, 0, 0, 0, -0.404096, -0.403009, 0.00143293, 0, 0
8621, 0, 0, 0, 0, 0, 0, 0, -0.404096, -0.403271, 0.00108731, 0, 0
8630, 0, 0, 0, 0, 0, 0, 0, -0.404096, -0.40347, 0.000825047, 0, 0
8640, 0, 0, 0, 0, 0, 0, 0, -0.404096, -0.403621, 0.000626057, 0, 0
8650, 0, 0, 0, 0, 0, 0, 0, -0.404096, -0.403736, 0.000475049, 0, 0
8660, 0, 0, 0, 0, 0, 0, 0, -0.404096, -0.403823, 0.000360459, 0, 0
8670, 0, 0, 0, 0, 0, 0, 0, -0.404096, -0.403889, 0.000273526, 0, 0
8680, 0, 0, 0, 0, 0, 0, 0, -0.404096, -0.403939, 0.000207543, 0, 0
8690, 0, 0, 0, 0, 0, 0, 0, -0.404096, -0.403977, 0.000157475, 0, 0
8700, 0, 0, 0, 0, 0, 0, 0, -0.404096, -0.404006, 0.000119478, 0, 0
8711, 0, 0, 0, 0, 0, 0, 0, -0.404096, -0.404027, 9.06587e-05, 0, 0
8720, 0, 0, 0, 0, 0, 0, 0, -0.416987, -0.407153, 0.0129594, 0, 0
8730, 0, 0, 0, 0, 0, 0, 0, -0.404096, -0.406416, -0.00305703, 0, 0
8740, 0, 0, 0, 0, 0, 0, 0, -0.404096, -0.405856, -0.00231966, 0, 0
8751, 0, 0, 0, 0, 0, 0, 0, -0.404096, -0.405432, -0.00176015, 0, 0
8760, 0, 0, 0, 0, 0, 0, 0, -0.404096, -0.40511, -0.00133559, 0, 0
8770, 0, 0, 0, 0, 0, 0, 0, -0.404096, -0.404865, -0.00101346, 0, 0
8780, 0, 0, 0, 0, 0, 0, 0, -0.404096, -0.40468, -0.000769019, 0, 0
8791, 0, 0, 0, 0, 0, 0, 0, -0.404096, -0.404539, -0.000583529, 0, 0
8800, 0, 0, 0, 0, 0, 0, 0, -0.404096, -0.404432, -0.000442773, 0, 0
8810, 0, 0, 0, 0, 0, 0, 0, -0.404096, -0.404351, -0.000335962, 0, 0
8820, 0, 0, 0, 0, 0, 0, 0, -0.410438, -0.405819, 0.00608644, 0, 0
8830, 0, 0, 0, 0, 0, 0, 0, -0.404096, -0.405404, -0.00172299, 0, 0
8840, 0, 0, 0, 0, 0, 0, 0, -0.404096, -0.405088, -0.0013074, 0, 0
8850, 0, 0, 0, 0, 0, 0, 0, -0.404096, -0.404849, -0.00099206, 0, 0
8860, 0, 0, 0, 0, 0, 0, 0, -0.404096, -0.404667, -0.000752777, 0, 0
8870, 0, 0, 0, 0, 0, 0, 0, -0.404096, -0.40453, -0.000571221, 0, 0
8881, 0, 0, 0, 0, 0, 0, 0, -0.404096, -0.404425, -0.000433445, 0, 0
8890, 0, 0, 0, 0, 0, 0, 0, -0.404096, -0.404346, -0.000328898, 0, 0
8900, 0, 0, 0, 0, 0, 0, 0, -0.404096, -0.404286, -0.000249565, 0, 0
8910, 0, 0, 0, 0, 0, 0, 0, -0.404096, -0.40424, -0.000189364, 0, 0
8921, 0, 0, 0, 0, 0, 0, 0, -0.404096, -0.404205, -0.000143677, 0, 0
8930, 0, 0, 0, 0, 0, 0, 0, -0.404096, -0.404179, -0.000109017, 0, 0
8940, 0, 0, 0, 0, 0, 0, 0, -0.404096, -0.404159, -8.27312e-05, 0, 0
8950, 0, 0, 0, 0, 0, 0, 0, -0.410438, -0.405673, 0.0062786, 0, 0
8961, 0, 0, 0, 0, 0, 0, 0, -0.404096, -0.405293, -0.00157717, 0, 0
8970, 0, 0, 0, 0, 0, 0, 0, -0.404096, -0.405004, -0.00119674, 0, 0
8980, 0, 0, 0, 0, 0, 0, 0, -0.391999, -0.401867, -0.0130055, 0, 0
8990, 0, 0, 0, 0, 0, 0, 0, -0.404096, -0.402405, 0.00222886, 0, 0
9000, 0, 0, 0, 0, 0, 0, 0, -0.404096, -0.402813, 0.00169125, 0, 0
9010, 0, 0, 0, 0, 0, 0, 0, -0.404096, -0.403122, 0.00128332, 0, 0
9020, 0, 0, 0, 0, 0, 0, 0, -0.404096, -0.403357, 0.000973791, 0, 0
9030, 0, 0, 0, 0, 0, 0, 0, -0.404096, -0.403535, 0.000738919, 0, 0
9040, 0, 0, 0, 0, 0, 0, 0, -0.404096, -0.403671, 0.000560701, 0, 0
9051, 0, 0, 0, 0, 0, 0, 0, -0.404096, -0.403773, 0.000425458, 0, 0
9060, 0, 0, 0, 0, 0, 0, 0, -0.404096, -0.403851, 0.000322849, 0, 0
9070, 0, 0, 0, 0, 0, 0, 0, -0.404096, -0.40391, 0.000244975, 0, 0
9080, 0, 0, 0, 0, 0, 0, 0, -0.410438, -0.405485, 0.00652725, 0, 0
9091, 0, 0, 0, 0, 0, 0, 0, -0.410438, -0.406679, 0.00495288, 0, 0
9100, 0, 0, 0, 0, 0, 0, 0, -0.404096, -0.406056, -0.00258312, 0, 0
9110, 0, 0, 0, 0, 0, 0, 0, -0.391999, -0.402666, -0.0140575, 0, 0
9120, 0, 0, 0, 0, 0, 0, 0, -0.404096, -0.403011, 0.0014306, 0, 0
9131, 0, 0, 0, 0, 0, 0, 0, -0.404096, -0.403272, 0.00108555, 0, 0
9140, 0, 0, 0, 0, 0, 0, 0, -0.404096, -0.403471, 0.000823706, 0, 0
9150, 0, 0, 0, 0, 0, 0, 0, -0.404096, -0.403622, 0.000625014, 0, 0
9160, 0, 0, 0, 0, 0, 0, 0, -0.404096, -0.403736, 0.000474274, 0, 0
9170, 0, 0, 0, 0, 0, 0, 0, -0.404096, -0.403823, 0.000359893, 0, 0
9180, 0, 0, 0, 0, 0, 0, 0, -0.404096, -0.403889, 0.000273079, 0, 0
9190, 0, 0, 0, 0, 0, 0, 0, -0.404096, -0.403939, 0.000207216, 0, 0
9200, 0, 0, 0, 0, 0, 0, 0, -0.404096, -0.403977, 0.000157237, 0, 0
9210, 0, 0, 0, 0, 0, 0, 0, -0.404096, -0.404006, 0.000119299, 0, 0
9221, 0, 0, 0, 0, 0, 0, 0, -0.410438, -0.405557, 0.00643188, 0, 0
9230, 0, 0, 0, 0, 0, 0, 0, -0.404096, -0.405205, -0.00146085, 0, 0
9240, 0, 0, 0, 0, 0, 0, 0, -0.386225, -0.400627, -0.0189796, 0, 0
9250, 0, 0, 0, 0, 0, 0, 0, -0.391999, -0.398546, -0.00862801, 0, 0
9261, 0, 0, 0, 0, 0, 0, 0, -0.404096, -0.399885, 0.00555044, 0, 0
9270, 0, 0, 0, 0, 0, 0, 0, -0.404096, -0.4009, 0.00421166, 0, 0
9280, 0, 0, 0, 0, 0, 0, 0, -0.404096, -0.401671, 0.00319582, 0, 0
9290, 0, 0, 0, 0, 0, 0, 0, -0.404096, -0.402256, 0.00242499, 0, 0
9300, 0, 0, 0, 0, 0, 0, 0, -0.404096, -0.4027, 0.00184008, 0, 0
9310, 0, 0, 0, 0, 0, 0, 0, -0.404096, -0.403037, 0.00139627, 0, 0
9320, 0, 0, 0, 0, 0, 0, 0, -0.404096, -0.403292, 0.0010595, 0, 0
9330, 0, 0, 0, 0, 0, 0, 0, -0.404096, -0.403486, 0.000803947, 0, 0
9340, 0, 0, 0, 0, 0, 0, 0, -0.404096, -0.403633, 0.000610024, 0, 0
9351, 0, 0, 0, 0, 0, 0, 0, -0.410438, -0.405274, 0.00680426, 0, 0
9360, 0, 0, 0, 0, 0, 0, 0, -0.404096, -0.40499, -0.00117829, 0, 0
9370, 0, 0, 0, 0, 0, 0, 0, -0.416987, -0.407884, 0.0119965, 0, 0
9380, 0, 0, 0, 0, 0, 0, 0, -0.380624, -0.401309, -0.0272602, 0, 0
9391, 0, 0, 0, 0, 0, 0, 0, -0.404096, -0.401981, 0.0027875, 0, 0
9400, 0, 0, 0, 0, 0, 0, 0, -0.404096, -0.402491, 0.00211516, 0, 0
9410, 0, 0, 0, 0, 0, 0, 0, -0.404096, -0.402878, 0.00160497, 0, 0
9420, 0, 0, 0, 0, 0, 0, 0, -0.404096, -0.403172, 0.00121784, 0, 0
9431, 0, 0, 0, 0, 0, 0, 0, -0.404096, -0.403395, 0.00092411, 0, 0
9440, 0, 0, 0, 0, 0, 0, 0, -0.404096, -0.403564, 0.000701219, 0, 0
9450, 0, 0, 0, 0, 0, 0, 0, -0.404096, -0.403692, 0.000532091, 0, 0
9460, 0, 0, 0, 0, 0, 0, 0, -0.404096, -0.40379, 0.000403762, 0, 0
9470, 0, 0, 0, 0, 0, 0, 0, -0.404096, -0.403864, 0.000306368, 0, 0
9480, 0, 0, 0, 0, 0, 0, 0, -0.404096, -0.40392, 0.000232458, 0, 0
9490, 0, 0, 0, 0, 0, 0, 0, -0.404096, -0.403962, 0.0001764, 0, 0
9500, 0, 0, 0, 0, 0, 0, 0, -0.404096, -0.403995, 0.000133842, 0, 0
9510, 0, 0, 0, 0, 0, 0, 0, -0.386225, -0.399709, -0.0177696, 0, 0
9521, 0, 0, 0, 0, 0, 0, 0, -0.404096, -0.400767, 0.00438759, 0, 0
9530, 0, 0, 0, 0, 0, 0, 0, -0.404096, -0.40157, 0.00332931, 0, 0
9540, 0, 0, 0, 0, 0, 0, 0, -0.404096, -0.402179, 0.00252628, 0, 0
9550, 0, 0, 0, 0, 0, 0, 0, -0.404096, -0.402642, 0.00191694, 0, 0
9561, 0, 0, 0, 0, 0, 0, 0, -0.404096, -0.402992, 0.00145459, 0, 0
9570, 0, 0, 0, 0, 0, 0, 0, -0.404096, -0.403259, 0.00110376, 0, 0
9580, 0, 0, 0, 0, 0, 0, 0, -0.404096, -0.403461, 0.000837535, 0, 0
9590, 0, 0, 0, 0, 0, 0, 0, -0.404096, -0.403614, 0.000635535, 0, 0
9601, 0, 0, 0, 0, 0, 0, 0, -0.404096, -0.40373, 0.000482231, 0, 0
9610, 0, 0, 0, 0, 0, 0, 0, -0.404096, -0.403819, 0.000365913, 0, 0
9620, 0, 0, 0, 0, 0, 0, 0, -0.404096, -0.403885, 0.000277668, 0, 0
9630, 0, 0, 0, 0, 0, 0, 0, -0.404096, -0.403936, 0.000210702, 0, 0
9640, 0, 0, 0, 0, 0, 0, 0, -0.416987, -0.407084, 0.0130505, 0, 0
9650, 0, 0, 0, 0, 0, 0, 0, -0.404096, -0.406363, -0.00298789, 0, 0
9660, 0, 0, 0, 0, 0, 0, 0, -0.375187, -0.398844, -0.0311764, 0, 0
9670, 0, 0, 0, 0, 0, 0, 0, -0.404096, -0.400111, 0.00525254, 0, 0
9680, 0, 0, 0, 0, 0, 0, 0, -0.404096, -0.401072, 0.00398561, 0, 0
9691, 0, 0, 0, 0, 0, 0, 0, -0.404096, -0.401801, 0.00302428, 0, 0
9700, 0, 0, 0, 0, 0, 0, 0, -0.404096, -0.402355, 0.00229484, 0, 0
9710, 0, 0, 0, 0, 0, 0, 0, -0.404096, -0.402775, 0.00174132, 0, 0
9720, 0, 0, 0, 0, 0, 0, 0, -0.404096, -0.403094, 0.00132132, 0, 0
9731, 0, 0, 0, 0, 0, 0, 0, -0.404096, -0.403335, 0.00100261, 0, 0
9740, 0, 0, 0, 0, 0, 0, 0, -0.404096, -0.403519, 0.000760794, 0, 0
9750, 0, 0, 0, 0, 0, 0, 0, -0.404096, -0.403658, 0.000577301, 0, 0
9760, 0, 0, 0, 0, 0, 0, 0, -0.404096, -0.403764, 0.000438064, 0, 0
9771, 0, 0, 0, 0, 0, 0, 0, -0.410438, -0.405373, 0.00667378, 0, 0
9780, 0, 0, 0, 0, 0, 0, 0, -0.404096, -0.405065, -0.0012773, 0, 0
9790, 0, 0, 0, 0, 0, 0, 0, -0.404096, -0.404832, -0.000969201, 0, 0
9800, 0, 0, 0, 0, 0, 0, 0, -0.404096, -0.404654, -0.000735432, 0, 0
9810, 0, 0, 0, 0, 0, 0, 0, -0.404096, -0.40452, -0.000558048, 0, 0
9820, 0, 0, 0, 0, 0, 0, 0, -0.404096, -0.404418, -0.000423461, 0, 0
9830, 0, 0, 0, 0, 0, 0, 0, -0.404096, -0.40434, -0.000321329, 0, 0
9840, 0, 0, 0, 0, 0, 0, 0, -0.404096, -0.404281, -0.000243813, 0, 0
9850, 0, 0, 0, 0, 0, 0, 0, -0.404096, -0.404237, -0.000185013, 0, 0
9861, 0, 0, 0, 0, 0, 0, 0, -0.404096, -0.404203, -0.000140399, 0, 0
9870, 0, 0, 0, 0, 0, 0, 0, -0.404096, -0.404177, -0.000106543, 0, 0
9880, 0, 0, 0, 0, 0, 0, 0, -0.404096, -0.404158, -8.08537e-05, 0, 0
9890, 0, 0, 0, 0, 0, 0, 0, -0.404096, -0.404143, -6.1363e-05, 0, 0
9901, 0, 0, 0, 0, 0, 0, 0, -0.410438, -0.405661, 0.00629482, 0, 0
9910, 0, 0, 0, 0, 0, 0, 0, -0.404096, -0.405284, -0.00156486, 0, 0
9920, 0, 0, 0, 0, 0, 0, 0, -0.404096, -0.404997, -0.00118741, 0, 0
9930, 0, 0, 0, 0, 0, 0, 0, -0.404096, -0.40478, -0.000901014, 0, 0
9940, 0, 0, 0, 0, 0, 0, 0, -0.404096, -0.404615, -0.000683695, 0, 0
9950, 0, 0, 0, 0, 0, 0, 0, -0.404096, -0.40449, -0.000518799, 0, 0
9960, 0, 0, 0, 0, 0, 0, 0, -0.404096, -0.404395, -0.000393659, 0, 0
9970, 0, 0, 0, 0, 0, 0, 0, -0.404096, -0.404323, -0.000298709, 0, 0
9980, 0, 0, 0, 0, 0, 0, 0, -0.404096, -0.404268, -0.000226647, 0, 0
9991, 0, 0, 0, 0, 0, 0, 0, -0.404096, -0.404227, -0.000171989, 0, 0
10000, 0, 0, 0, 0, 0, 0, 0, -0.404096, -0.404195, -0.000130504, 0, 0
10010, 0, 0, 0, 0, 0, 0, 0, -0.404096, -0.404171, -9.90331e-05, 0, 0
10020, 0, 0, 0, 0, 0, 0, 0, -0.404096, -0.404153, -7.51317e-05, 0, 0
10031, 0, 0, 0, 0, 0, 0, 0, -0.410438, -0.405669, 0.00628436, 0, 0
10040, 0, 0, 0, 0, 0, 0, 0, -0.410438, -0.406819, 0.00476858, 0, 0
10050, 0, 0, 0, 0, 0, 0, 0, -0.404096, -0.406162, -0.00272298, 0, 0
10060, 0, 0, 0, 0, 0, 0, 0, -0.386225, -0.401354, -0.0199373, 0, 0
10071, 0, 0, 0, 0, 0, 0, 0, -0.404096, -0.402015, 0.00274268, 0, 0
10080, 0, 0, 0, 0, 0, 0, 0, -0.404096, -0.402517, 0.00208116, 0, 0
10090, 0, 0, 0, 0, 0, 0, 0, -0.404096, -0.402898, 0.0015792, 0, 0
10100, 0, 0, 0, 0, 0, 0, 0, -0.404096, -0.403187, 0.00119829, 0, 0
10110, 0, 0, 0, 0, 0, 0, 0, -0.404096, -0.403406, 0.000909269, 0, 0
10120, 0, 0, 0, 0, 0, 0, 0, -0.404096, -0.403573, 0.000689954, 0, 0
10130, 0, 0, 0, 0, 0, 0, 0, -0.404096, -0.403699, 0.000523537, 0, 0
10140, 0, 0, 0, 0, 0, 0, 0, -0.404096, -0.403795, 0.000397265, 0, 0
10150, 0, 0, 0, 0, 0, 0, 0, -0.404096, -0.403867, 0.00030145, 0, 0
10161, 0, 0, 0, 0, 0, 0, 0, -0.410438, -0.405452, 0.0065701, 0, 0
10170, 0, 0, 0, 0, 0, 0, 0, -0.410438, -0.406655, 0.00498539, 0, 0
10180, 0, 0, 0, 0, 0, 0, 0, -0.404096, -0.406038, -0.00255844, 0, 0
10190, 0, 0, 0, 0, 0, 0, 0, -0.386225, -0.401259, -0.0198125, 0, 0
10201, 0, 0, 0, 0, 0, 0, 0, -0.404096, -0.401943, 0.00283742, 0, 0
10210, 0, 0, 0, 0, 0, 0, 0, -0.404096, -0.402462, 0.00215304, 0, 0
10220, 0, 0, 0, 0, 0, 0, 0, -0.404096, -0.402856, 0.00163373, 0, 0
10230, 0, 0, 0, 0, 0, 0, 0, -0.404096, -0.403156, 0.00123969, 0, 0
10241, 0, 0, 0, 0, 0, 0, 0, -0.404096, -0.403382, 0.000940681, 0, 0
10250, 0, 0, 0, 0, 0, 0, 0, -0.404096, -0.403555, 0.000713795, 0, 0
10260, 0, 0, 0, 0, 0, 0, 0, -0.404096, -0.403685, 0.000541627, 0, 0
10270, 0, 0, 0, 0, 0, 0, 0, -0.404096, -0.403784, 0.000410974, 0, 0
10280, 0, 0, 0, 0, 0, 0, 0, -0.404096, -0.40386, 0.000311852, 0, 0
10290, 0, 0, 0, 0, 0, 0, 0, -0.404096, -0.403917, 0.00023663, 0, 0
10300, 0, 0, 0, 0, 0, 0, 0, -0.404096, -0.40396, 0.000179559, 0, 0
10310, 0, 0, 0, 0, 0, 0, 0, -0.404096, -0.403993, 0.000136256, 0, 0
10320, 0, 0, 0, 0, 0, 0, 0, -0.391999, -0.4011, -0.011994, 0, 0
10331, 0, 0, 0, 0, 0, 0, 0, -0.386225, -0.397512, -0.0148748, 0, 0
10340, 0, 0, 0, 0, 0, 0, 0, -0.404096, -0.3991, 0.00658414, 0, 0
10350, 0, 0, 0, 0, 0, 0, 0, -0.404096, -0.400305, 0.00499603, 0, 0
10360, 0, 0, 0, 0, 0, 0, 0, -0.404096, -0.40122, 0.00379097, 0, 0
10371, 0, 0, 0, 0, 0, 0, 0, -0.404096, -0.401913, 0.00287658, 0, 0
10380, 0, 0, 0, 0, 0, 0, 0, -0.404096, -0.40244, 0.00218275, 0, 0
10390, 0, 0, 0, 0, 0, 0, 0, -0.404096, -0.402839, 0.00165626, 0, 0
10400, 0, 0, 0, 0, 0, 0, 0, -0.404096, -0.403143, 0.00125676, 0, 0
10411, 0, 0, 0, 0, 0, 0, 0, -0.404096, -0.403373, 0.000953645, 0, 0
10420, 0, 0, 0, 0, 0, 0, 0, -0.404096, -0.403547, 0.00072363, 0, 0
10430, 0, 0, 0, 0, 0, 0, 0, -0.404096, -0.40368, 0.000549078, 0, 0
10440, 0, 0, 0, 0, 0, 0, 0, -0.404096, -0.40378, 0.000416636, 0, 0
10450, 0, 0, 0, 0, 0, 0, 0, -0.410438, -0.405386, 0.00665751, 0, 0
10460, 0, 0, 0, 0, 0, 0, 0, -0.391999, -0.402157, -0.013387, 0, 0
10470, 0, 0, 0, 0, 0, 0, 0, -0.404096, -0.402625, 0.00193933, 0, 0
10480, 0, 0, 0, 0, 0, 0, 0, -0.416987, -0.406089, 0.0143622, 0, 0
10490, 0, 0, 0, 0, 0, 0, 0, -0.404096, -0.405608, -0.00199261, 0, 0
10501, 0, 0, 0, 0, 0, 0, 0, -0.404096, -0.405243, -0.00151199, 0, 0
10510, 0, 0, 0, 0, 0, 0, 0, -0.404096, -0.404967, -0.0011473, 0, 0
10520, 0, 0, 0, 0, 0, 0, 0, -0.404096, -0.404757, -0.000870585, 0, 0
10530, 0, 0, 0, 0, 0, 0, 0, -0.404096, -0.404597, -0.000660598, 0, 0
10541, 0, 0, 0, 0, 0, 0, 0, -0.404096, -0.404477, -0.000501275, 0, 0
10550, 0, 0, 0, 0, 0, 0, 0, -0.404096, -0.404385, -0.000380367, 0, 0
10560, 0, 0, 0, 0, 0, 0, 0, -0.404096, -0.404315, -0.000288635, 0, 0
10570, 0, 0, 0, 0, 0, 0, 0, -0.404096, -0.404262, -0.000219017, 0, 0
10580, 0, 0, 0, 0, 0, 0, 0, -0.404096, -0.404222, -0.000166178, 0, 0
10590, 0, 0, 0, 0, 0, 0, 0, -0.410438, -0.405721, 0.00621527, 0, 0
10600, 0, 0, 0, 0, 0, 0, 0, -0.404096, -0.405329, -0.00162521, 0, 0
10610, 0, 0, 0, 0, 0, 0, 0, -0.404096, -0.405032, -0.00123322, 0, 0
10620, 0, 0, 0, 0, 0, 0, 0, -0.404096, -0.404806, -0.000935763, 0, 0
10631, 0, 0, 0, 0, 0, 0, 0, -0.404096, -0.404635, -0.00071007, 0, 0
10640, 0, 0, 0, 0, 0, 0, 0, -0.404096, -0.404505, -0.000538796, 0, 0
10650, 0, 0, 0, 0, 0, 0, 0, -0.404096, -0.404406, -0.000408828, 0, 0
10660, 0, 0, 0, 0, 0, 0, 0, -0.404096, -0.404332, -0.000310212, 0, 0
10671, 0, 0, 0, 0, 0, 0, 0, -0.404096, -0.404275, -0.000235379, 0, 0
10680, 0, 0, 0, 0, 0, 0, 0, -0.404096, -0.404232, -0.000178605, 0, 0
10690, 0, 0, 0, 0, 0, 0, 0, -0.404096, -0.404199, -0.000135511, 0, 0
10700, 0, 0, 0, 0, 0, 0, 0, -0.404096, -0.404174, -0.000102818, 0, 0
10711, 0, 0, 0, 0, 0, 0, 0, -0.404096, -0.404155, -7.80225e-05, 0, 0
10720, 0, 0, 0, 0, 0, 0, 0, -0.410438, -0.405671, 0.00628215, 0, 0
10730, 0, 0, 0, 0, 0, 0, 0, -0.404096, -0.405291, -0.00157449, 0, 0
10740, 0, 0, 0, 0, 0, 0, 0, -0.391999, -0.402085, -0.0132921, 0, 0
10750, 0, 0, 0, 0, 0, 0, 0, -0.416987, -0.405679, 0.014902, 0, 0
10760, 0, 0, 0, 0, 0, 0, 0, -0.404096, -0.405297, -0.00158304, 0, 0
10770, 0, 0, 0, 0, 0, 0, 0, -0.404096, -0.405008, -0.00120121, 0, 0
10780, 0, 0, 0, 0, 0, 0, 0, -0.404096, -0.404788, -0.000911474, 0, 0
10790, 0, 0, 0, 0, 0, 0, 0, -0.404096, -0.404621, -0.000691622, 0, 0
10801, 0, 0, 0, 0, 0, 0, 0, -0.404096, -0.404494, -0.000524789, 0, 0
10810, 0, 0, 0, 0, 0, 0, 0, -0.404096, -0.404398, -0.000398219, 0, 0
10820, 0, 0, 0, 0, 0, 0, 0, -0.404096, -0.404325, -0.000302166, 0, 0
10830, 0, 0, 0, 0, 0, 0, 0, -0.404096, -0.40427, -0.000229269, 0, 0
10841, 0, 0, 0, 0, 0, 0, 0, -0.404096, -0.404228, -0.000173956, 0, 0
10850, 0, 0, 0, 0, 0, 0, 0, -0.410438, -0.405726, 0.00620937, 0, 0
10860, 0, 0, 0, 0, 0, 0, 0, -0.404096, -0.405333, -0.00162971, 0, 0
10870, 0, 0, 0, 0, 0, 0, 0, -0.404096, -0.405035, -0.00123662, 0, 0
10881, 0, 0, 0, 0, 0, 0, 0, -0.404096, -0.404808, -0.000938356, 0, 0
10890, 0, 0, 0, 0, 0, 0, 0, -0.404096, -0.404636, -0.000712037, 0, 0
10900, 0, 0, 0, 0, 0, 0, 0, -0.404096, -0.404506, -0.000540286, 0, 0
10910, 0, 0, 0, 0, 0, 0, 0, -0.404096, -0.404407, -0.000409961, 0, 0
10920, 0, 0, 0, 0, 0, 0, 0, -0.404096, -0.404332, -0.000311077, 0, 0
10930, 0, 0, 0, 0, 0, 0, 0, -0.404096, -0.404275, -0.000236034, 0, 0
10940, 0, 0, 0, 0, 0, 0, 0, -0.404096, -0.404232, -0.000179112, 0, 0
10950, 0, 0, 0, 0, 0, 0, 0, -0.404096, -0.404199, -0.000135899, 0, 0
10960, 0, 0, 0, 0, 0, 0, 0, -0.404096, -0.404174, -0.000103116, 0, 0
10971, 0, 0, 0, 0, 0, 0, 0, -0.404096, -0.404156, -7.82311e-05, 0, 0
10980, 0, 0, 0, 0, 0, 0, 0, -0.410438, -0.405671, 0.006282, 0, 0
10990, 0, 0, 0, 0, 0, 0, 0, -0.404096, -0.405291, -0.00157458, 0, 0
11000, 0, 0, 0, 0, 0, 0, 0, -0.404096, -0.405003, -0.00119478, 0, 0
11011, 0, 0, 0, 0, 0, 0, 0, -0.391999, -0.401866, -0.013004, 0, 0
11020, 0, 0, 0, 0, 0, 0, 0, -0.404096, -0.402404, 0.00222996, 0, 0
11030, 0, 0, 0, 0, 0, 0, 0, -0.404096, -0.402812, 0.00169209, 0, 0
11040, 0, 0, 0, 0, 0, 0, 0, -0.404096, -0.403122, 0.00128394, 0, 0
11051, 0, 0, 0, 0, 0, 0, 0, -0.404096, -0.403357, 0.000974268, 0, 0
11060, 0, 0, 0, 0, 0, 0, 0, -0.404096, -0.403535, 0.000739276, 0, 0
11070, 0, 0, 0, 0, 0, 0, 0, -0.404096, -0.403671, 0.000560969, 0, 0
11080, 0, 0, 0, 0, 0, 0, 0, -0.404096, -0.403773, 0.000425667, 0, 0
11090, 0, 0, 0, 0, 0, 0, 0, -0.404096, -0.403851, 0.000322998, 0, 0
11100, 0, 0, 0, 0, 0, 0, 0, -0.404096, -0.40391, 0.000245094, 0, 0
11110, 0, 0, 0, 0, 0, 0, 0, -0.404096, -0.403955, 0.000185966, 0, 0
11120, 0, 0, 0, 0, 0, 0, 0, -0.404096, -0.403989, 0.000141114, 0, 0
11130, 0, 0, 0, 0, 0, 0, 0, -0.404096, -0.404015, 0.00010708, 0, 0
11141, 0, 0, 0, 0, 0, 0, 0, -0.386225, -0.399724, -0.0177899, 0, 0
11150, 0, 0, 0, 0, 0, 0, 0, -0.404096, -0.400779, 0.00437218, 0, 0
11160, 0, 0, 0, 0, 0, 0, 0, -0.404096, -0.401579, 0.00331762, 0, 0
11170, 0, 0, 0, 0, 0, 0, 0, -0.404096, -0.402186, 0.0025174, 0, 0
11181, 0, 0, 0, 0, 0, 0, 0, -0.404096, -0.402647, 0.00191021, 0, 0
11190, 0, 0, 0, 0, 0, 0, 0, -0.404096, -0.402996, 0.00144947, 0, 0
11200, 0, 0, 0, 0, 0, 0, 0, -0.404096, -0.403262, 0.00109985, 0, 0
11210, 0, 0, 0, 0, 0, 0, 0, -0.404096, -0.403463, 0.000834584, 0, 0
11220, 0, 0, 0, 0, 0, 0, 0, -0.404096, -0.403616, 0.00063327, 0, 0
11230, 0, 0, 0, 0, 0, 0, 0, -0.404096, -0.403732, 0.000480533, 0, 0
11240, 0, 0, 0, 0, 0, 0, 0, -0.404096, -0.40382, 0.000364631, 0, 0
11250, 0, 0, 0, 0, 0, 0, 0, -0.404096, -0.403886, 0.000276685, 0, 0
11260, 0, 0, 0, 0, 0, 0, 0, -0.404096, -0.403937, 0.000209957, 0, 0
11271, 0, 0, 0, 0, 0, 0, 0, -0.391999, -0.401057, -0.0119381, 0, 0
11280, 0, 0, 0, 0, 0, 0, 0, -0.404096, -0.40179, 0.00303879, 0, 0
11290, 0, 0, 0, 0, 0, 0, 0, -0.404096, -0.402347, 0.00230584, 0, 0
11300, 0, 0, 0, 0, 0, 0, 0, -0.404096, -0.402769, 0.00174966, 0, 0
11311, 0, 0, 0, 0, 0, 0, 0, -0.404096, -0.403089, 0.00132763, 0, 0
11320, 0, 0, 0, 0, 0, 0, 0, -0.404096, -0.403332, 0.00100741, 0, 0
11330, 0, 0, 0, 0, 0, 0, 0, -0.404096, -0.403516, 0.00076443, 0, 0
11340, 0, 0, 0, 0, 0, 0, 0, -0.404096, -0.403656, 0.000580043, 0, 0
11351, 0, 0, 0, 0, 0, 0, 0, -0.404096, -0.403762, 0.00044015, 0, 0
11360, 0, 0, 0, 0, 0, 0, 0, -0.404096, -0.403843, 0.000333995, 0, 0
11370, 0, 0, 0, 0, 0, 0, 0, -0.404096, -0.403904, 0.000253439, 0, 0
11380, 0, 0, 0, 0, 0, 0, 0, -0.404096, -0.40395, 0.000192314, 0, 0
11390, 0, 0, 0, 0, 0, 0, 0, -0.404096, -0.403985, 0.000145942, 0, 0
11400, 0, 0, 0, 0, 0, 0, 0, -0.410438, -0.405542, 0.00645211, 0, 0
11410, 0, 0, 0, 0, 0, 0, 0, -0.375187, -0.39822, -0.0303547, 0, 0
11420, 0, 0, 0, 0, 0, 0, 0, -0.404096, -0.399637, 0.00587606, 0, 0
11430, 0, 0, 0, 0, 0, 0, 0, -0.404096, -0.400713, 0.00445876, 0, 0
11441, 0, 0, 0, 0, 0, 0, 0, -0.404096, -0.401529, 0.00338331, 0, 0
11450, 0, 0, 0, 0, 0, 0, 0, -0.404096, -0.402148, 0.00256726, 0, 0
11460, 0, 0, 0, 0, 0, 0, 0, -0.404096, -0.402618, 0.00194803, 0, 0
11470, 0, 0, 0, 0, 0, 0, 0, -0.404096, -0.402975, 0.00147817, 0, 0
11481, 0, 0, 0, 0, 0, 0, 0, -0.404096, -0.403245, 0.00112164, 0, 0
11490, 0, 0, 0, 0, 0, 0, 0, -0.404096, -0.40345, 0.000851095, 0, 0
11500, 0, 0, 0, 0, 0, 0, 0, -0.404096, -0.403606, 0.000645816, 0, 0
11510, 0, 0, 0, 0, 0, 0, 0, -0.404096, -0.403724, 0.00049004, 0, 0
11521, 0, 0, 0, 0, 0, 0, 0, -0.404096, -0.403814, 0.000371844, 0, 0
11530, 0, 0, 0, 0, 0, 0, 0, -0.410438, -0.405412, 0.00662354, 0, 0
11540, 0, 0, 0, 0, 0, 0, 0, -0.386225, -0.400784, -0.0191866, 0, 0
11550, 0, 0, 0, 0, 0, 0, 0, -0.404096, -0.401583, 0.00331238, 0, 0
11560, 0, 0, 0, 0, 0, 0, 0, -0.404096, -0.402189, 0.00251344, 0, 0
11570, 0, 0, 0, 0, 0, 0, 0, -0.404096, -0.402649, 0.0019072, 0, 0
11580, 0, 0, 0, 0, 0, 0, 0, -0.404096, -0.402998, 0.00144717, 0, 0
11590, 0, 0, 0, 0, 0, 0, 0, -0.404096, -0.403263, 0.00109813, 0, 0
11600, 0, 0, 0, 0, 0, 0, 0, -0.404096, -0.403464, 0.000833273, 0, 0
11611, 0, 0, 0, 0, 0, 0, 0, -0.404096, -0.403616, 0.000632286, 0, 0
11620, 0, 0, 0, 0, 0, 0, 0, -0.404096, -0.403732, 0.000479788, 0, 0
11630, 0, 0, 0, 0, 0, 0, 0, -0.404096, -0.40382, 0.000364065, 0, 0
11640, 0, 0, 0, 0, 0, 0, 0, -0.410438, -0.405416, 0.00661764, 0, 0
11651, 0, 0, 0, 0, 0, 0, 0, -0.404096, -0.405098, -0.00131992, 0, 0
11660, 0, 0, 0, 0, 0, 0, 0, -0.404096, -0.404856, -0.00100154, 0, 0
11670, 0, 0, 0, 0, 0, 0, 0, -0.410438, -0.406202, 0.00558141, 0, 0
11680, 0, 0, 0, 0, 0, 0, 0, -0.404096, -0.405694, -0.00210619, 0, 0
11691, 0, 0, 0, 0, 0, 0, 0, -0.404096, -0.405309, -0.00159818, 0, 0
11700, 0, 0, 0, 0, 0, 0, 0, -0.410438, -0.406546, 0.00512868, 0, 0
11710, 0, 0, 0, 0, 0, 0, 0, -0.404096, -0.405955, -0.00244972, 0, 0
11720, 0, 0, 0, 0, 0, 0, 0, -0.404096, -0.405507, -0.00185886, 0, 0
11730, 0, 0, 0, 0, 0, 0, 0, -0.404096, -0.405166, -0.00141051, 0, 0
11740, 0, 0, 0, 0, 0, 0, 0, -0.404096, -0.404908, -0.00107029, 0, 0
11750, 0, 0, 0, 0, 0, 0, 0, -0.404096, -0.404712, -0.000812143, 0, 0
11760, 0, 0, 0, 0, 0, 0, 0, -0.404096, -0.404564, -0.000616252, 0, 0
11770, 0, 0, 0, 0, 0, 0, 0, -0.404096, -0.404451, -0.000467598, 0, 0
11781, 0, 0, 0, 0, 0, 0, 0, -0.404096, -0.404365, -0.000354826, 0, 0
11790, 0, 0, 0, 0, 0, 0, 0, -0.404096, -0.4043, -0.000269234, 0, 0
11800, 0, 0, 0, 0, 0, 0, 0, -0.410438, -0.405781, 0.00613707, 0, 0
11810, 0, 0, 0, 0, 0, 0, 0, -0.404096, -0.405374, -0.00168455, 0, 0
11821, 0, 0, 0, 0, 0, 0, 0, -0.391999, -0.402148, -0.0133756, 0, 0
11830, 0, 0, 0, 0, 0, 0, 0, -0.404096, -0.402618, 0.00194797, 0, 0
11840, 0, 0, 0, 0, 0, 0, 0, -0.404096, -0.402975, 0.00147811, 0, 0
11850, 0, 0, 0, 0, 0, 0, 0, -0.404096, -0.403245, 0.00112158, 0, 0
11860, 0, 0, 0, 0, 0, 0, 0, -0.404096, -0.40345, 0.000851065, 0, 0
11870, 0, 0, 0, 0, 0, 0, 0, -0.404096, -0.403606, 0.000645787, 0, 0
11880, 0, 0, 0, 0, 0, 0, 0, -0.404096, -0.403724, 0.00049001, 0, 0
11890, 0, 0, 0, 0, 0, 0, 0, -0.404096, -0.403814, 0.000371814, 0, 0
11900, 0, 0, 0, 0, 0, 0, 0, -0.404096, -0.403882, 0.000282139, 0, 0
11911, 0, 0, 0, 0, 0, 0, 0, -0.404096, -0.403934, 0.0002141, 0, 0
11920, 0, 0, 0, 0, 0, 0, 0, -0.404096, -0.403973, 0.000162452, 0, 0
11930, 0, 0, 0, 0, 0, 0, 0, -0.410438, -0.405532, 0.00646463, 0, 0
11940, 0, 0, 0, 0, 0, 0, 0, -0.404096, -0.405186, -0.001436, 0, 0
11951, 0, 0, 0, 0, 0, 0, 0, -0.404096, -0.404923, -0.00108963, 0, 0
11960, 0, 0, 0, 0, 0, 0, 0, -0.375187, -0.397751, -0.029736, 0, 0
11970, 0, 0, 0, 0, 0, 0, 0, -0.404096, -0.399281, 0.00634551, 0, 0
11980, 0, 0, 0, 0, 0, 0, 0, -0.404096, -0.400443, 0.00481498, 0, 0
11991, 0, 0, 0, 0, 0, 0, 0, -0.404096, -0.401324, 0.00365362, 0, 0
12000, 0, 0, 0, 0, 0, 0, 0, -0.404096, -0.401993, 0.00277236, 0, 0
12010, 0, 0, 0, 0, 0, 0, 0, -0.404096, -0.4025, 0.00210366, 0, 0
12020, 0, 0, 0, 0, 0, 0, 0, -0.404096, -0.402885, 0.00159624, 0, 0
12030, 0, 0, 0, 0, 0, 0, 0, -0.404096, -0.403177, 0.00121123, 0, 0
12040, 0, 0, 0, 0, 0, 0, 0, -0.404096, -0.403399, 0.000919074, 0, 0
12050, 0, 0, 0, 0, 0, 0, 0, -0.404096, -0.403567, 0.000697404, 0, 0
12060, 0, 0, 0, 0, 0, 0, 0, -0.404096, -0.403695, 0.0005292, 0, 0
12070, 0, 0, 0, 0, 0, 0, 0, -0.404096, -0.403791, 0.000401556, 0, 0
12081, 0, 0, 0, 0, 0, 0, 0, -0.404096, -0.403865, 0.000304699, 0, 0
12090, 0, 0, 0, 0, 0, 0, 0, -0.386225, -0.39961, -0.0176399, 0, 0
12100, 0, 0, 0, 0, 0, 0, 0, -0.404096, -0.400692, 0.00448596, 0, 0
12110, 0, 0, 0, 0, 0, 0, 0, -0.404096, -0.401513, 0.00340396, 0, 0
12121, 0, 0, 0, 0, 0, 0, 0, -0.404096, -0.402136, 0.00258294, 0, 0
12130, 0, 0, 0, 0, 0, 0, 0, -0.404096, -0.402609, 0.00195992, 0, 0
12140, 0, 0, 0, 0, 0, 0, 0, -0.404096, -0.402968, 0.0014872, 0, 0
12150, 0, 0, 0, 0, 0, 0, 0, -0.404096, -0.40324, 0.00112849, 0, 0
12161, 0, 0, 0, 0, 0, 0, 0, -0.404096, -0.403446, 0.00085631, 0, 0
12170, 0, 0, 0, 0, 0, 0, 0, -0.404096, -0.403603, 0.00064978, 0, 0
12180, 0, 0, 0, 0, 0, 0, 0, -0.404096, -0.403722, 0.00049305, 0, 0
12190, 0, 0, 0, 0, 0, 0, 0, -0.404096, -0.403812, 0.000374138, 0, 0
12200, 0, 0, 0, 0, 0, 0, 0, -0.404096, -0.403881, 0.000283897, 0, 0
12210, 0, 0, 0, 0, 0, 0, 0, -0.404096, -0.403933, 0.000215411, 0, 0
12220, 0, 0, 0, 0, 0, 0, 0, -0.391999, -0.401054, -0.0119339, 0, 0
12230, 0, 0, 0, 0, 0, 0, 0, -0.404096, -0.401788, 0.00304192, 0, 0
12240, 0, 0, 0, 0, 0, 0, 0, -0.404096, -0.402345, 0.00230822, 0, 0
12251, 0, 0, 0, 0, 0, 0, 0, -0.404096, -0.402767, 0.00175148, 0, 0
12260, 0, 0, 0, 0, 0, 0, 0, -0.404096, -0.403088, 0.00132903, 0, 0
12270, 0, 0, 0, 0, 0, 0, 0, -0.404096, -0.403331, 0.00100848, 0, 0
12280, 0, 0, 0, 0, 0, 0, 0, -0.404096, -0.403516, 0.000765234, 0, 0
12291, 0, 0, 0, 0, 0, 0, 0, -0.404096, -0.403656, 0.000580668, 0, 0
12300, 0, 0, 0, 0, 0, 0, 0, -0.404096, -0.403762, 0.000440598, 0, 0
12310, 0, 0, 0, 0, 0, 0, 0, -0.404096, -0.403843, 0.000334322, 0, 0
12320, 0, 0, 0, 0, 0, 0, 0, -0.404096, -0.403904, 0.000253677, 0, 0
12331, 0, 0, 0, 0, 0, 0, 0, -0.410438, -0.40548, 0.00653386, 0, 0
12340, 0, 0, 0, 0, 0, 0, 0, -0.404096, -0.405146, -0.00138348, 0, 0
12350, 0, 0, 0, 0, 0, 0, 0, -0.391999, -0.401975, -0.0131472, 0, 0
12360, 0, 0, 0, 0, 0, 0, 0, -0.404096, -0.402487, 0.0021213, 0, 0
12370, 0, 0, 0, 0, 0, 0, 0, -0.404096, -0.402875, 0.00160965, 0, 0
12380, 0, 0, 0, 0, 0, 0, 0, -0.404096, -0.403169, 0.00122142, 0, 0
12390, 0, 0, 0, 0, 0, 0, 0, -0.404096, -0.403393, 0.000926822, 0, 0
