QGPIORecord, QRC v6.1.0, 30-11-2024 @ 10:37:39, Windows 10 Version 2009, 10.0.19045, x86_64
Time, ValueIn0, ValueIn1, ValueIn2, ValueIn3, ValueIn4, ValueIn5, ValueIn6, ValueIn7, ValueIn8, ValueIn9, ValueIn10, ValueIn11
12331, 0, 0, 0, 0, 0, 0, 0, 0, 0, 0, 0, 0
12340, 0, 0, 0, 0, 0, 0, 0, 0, 0, 0, 0, 0
12350, 0, 0, 0, 0, 0, 0, 0, 0, 0, 0, 0, 0
12360, 0, 0, 0, 0, 0, 0, 0, 0, 0, 0, 0, 0
12370, 0, 0, 0, 0, 0, 0, 0, 0, 0, 0, 0, 0
12380, 0, 0, 0, 0, 0, 0, 0, 0, 0, 0, 0, 0
12390, 0, 0, 0, 0, 0, 0, 0, 0, 0, 0, 0, 0
12400, 0, 0, 0, 0, 0, 0, 0, 0, 0, 0, 0, 0
12410, 0, 0, 0, 0, 0, 0, 0, 0, 0, 0, 0, 0
12420, 0, 0, 0, 0, 0, 0, 0, 0, 0, 0, 0, 0
12430, 0, 0, 0, 0, 0, 0, 0, 0, 0, 0, 0, 0
12440, 0, 0, 0, 0, 0, 0, 0, 0, 0, 0, 0, 0
12450, 0, 0, 0, 0, 0, 0, 0, 0, 0, 0, 0, 0
12461, 0, 0, 0, 0, 0, 0, 0, 0, 0, 0, 0, 0
12470, 0, 0, 0, 0, 0, 0, 0, 0, 0, 0, 0, 0
12480, 0, 0, 0, 0, 0, 0, 0, 0, 0, 0, 0, 0
12490, 0, 0, 0, 0, 0, 0, 0, 0, 0, 0, 0, 0
12500, 0, 0, 0, 0, 0, 0, 0, 0, 0, 0, 0, 0
12510, 0, 0, 0, 0, 0, 0, 0, 0, 0, 0, 0, 0
12520, 0, 0, 0, 0, 0, 0, 0, 0, 0, 0, 0, 0
12530, 0, 0, 0, 0, 0, 0, 0, 0, 0, 0, 0, 0
12540, 0, 0, 0, 0, 0, 0, 0, 0, 0, 0, 0, 0
12550, 0, 0, 0, 0, 0, 0, 0, 0, 0, 0, 0, 0
12560, 0, 0, 0, 0, 0, 0, 0, 0, 0, 0, 0, 0
12570, 0, 0, 0, 0, 0, 0, 0, 0, 0, 0, 0, 0
12580, 0, 0, 0, 0, 0, 0, 0, 0, 0, 0, 0, 0
12591, 0, 0, 0, 0, 0, 0, 0, 0, 0, 0, 0, 0
12600, 0, 0, 0, 0, 0, 0, 0, 0, 0, 0, 0, 0
12610, 0, 0, 0, 0, 0, 0, 0, 0, 0, 0, 0, 0
12620, 0, 0, 0, 0, 0, 0, 0, 0, 0, 0, 0, 0
12631, 0, 0, 0, 0, 0, 0, 0, 0, 0, 0, 0, 0
12640, 0, 0, 0, 0, 0, 0, 0, 0, 0, 0, 0, 0
12650, 0, 0, 0, 0, 0, 0, 0, 0, 0, 0, 0, 0
12660, 0, 0, 0, 0, 0, 0, 0, 0, 0, 0, 0, 0
12670, 0, 0, 0, 0, 0, 0, 0, 0, 0, 0, 0, 0
12680, 0, 0, 0, 0, 0, 0, 0, 0, 0, 0, 0, 0
12690, 0, 0, 0, 0, 0, 0, 0, 0, 0, 0, 0, 0
12700, 0, 0, 0, 0, 0, 0, 0, 0, 0, 0, 0, 0
12710, 0, 0, 0, 0, 0, 0, 0, 0, 0, 0, 0, 0
12720, 0, 0, 0, 0, 0, 0, 0, 0, 0, 0, 0, 0
12730, 0, 0, 0, 0, 0, 0, 0, 0, 0, 0, 0, 0
12740, 0, 0, 0, 0, 0, 0, 0, 0, 0, 0, 0, 0
12750, 0, 0, 0, 0, 0, 0, 0, 0, 0, 0, 0, 0
12761, 0, 0, 0, 0, 0, 0, 0, 0, 0, 0, 0, 0
12770, 0, 0, 0, 0, 0, 0, 0, 0, 0, 0, 0, 0
12780, 0, 0, 0, 0, 0, 0, 0, 0, 0, 0, 0, 0
12790, 0, 0, 0, 0, 0, 0, 0, 0, 0, 0, 0, 0
12801, 0, 0, 0, 0, 0, 0, 0, 0, 0, 0, 0, 0
12810, 0, 0, 0, 0, 0, 0, 0, 0, 0, 0, 0, 0
12820, 0, 0, 0, 0, 0, 0, 0, 0, 0, 0, 0, 0
12830, 0, 0, 0, 0, 0, 0, 0, 0, 0, 0, 0, 0
12840, 0, 0, 0, 0, 0, 0, 0, 0, 0, 0, 0, 0
12850, 0, 0, 0, 0, 0, 0, 0, 0, 0, 0, 0, 0
12860, 0, 0, 0, 0, 0, 0, 0, 0, 0, 0, 0, 0
12870, 0, 0, 0, 0, 0, 0, 0, 0, 0, 0, 0, 0
12880, 0, 0, 0, 0, 0, 0, 0, 0, 0, 0, 0, 0
12890, 0, 0, 0, 0, 0, 0, 0, 0, 0, 0, 0, 0
12900, 0, 0, 0, 0, 0, 0, 0, 0, 0, 0, 0, 0
12910, 0, 0, 0, 0, 0, 0, 0, 0, 0, 0, 0, 0
12920, 0, 0, 0, 0, 0, 0, 0, 0, 0, 0, 0, 0
12931, 0, 0, 0, 0, 0, 0, 0, 0, 0, 0, 0, 0
12940, 0, 0, 0, 0, 0, 0, 0, 0, 0, 0, 0, 0
12950, 0, 0, 0, 0, 0, 0, 0, 0, 0, 0, 0, 0
12960, 0, 0, 0, 0, 0, 0, 0, 0, 0, 0, 0, 0
12971, 0, 0, 0, 0, 0, 0, 0, 0, 0, 0, 0, 0
12980, 0, 0, 0, 0, 0, 0, 0, 0, 0, 0, 0, 0
12990, 0, 0, 0, 0, 0, 0, 0, 0, 0, 0, 0, 0
13000, 0, 0, 0, 0, 0, 0, 0, 0, 0, 0, 0, 0
13010, 0, 0, 0, 0, 0, 0, 0, 0, 0, 0, 0, 0
13020, 0, 0, 0, 0, 0, 0, 0, 0, 0, 0, 0, 0
13030, 0, 0, 0, 0, 0, 0, 0, 0, 0, 0, 0, 0
13040, 0, 0, 0, 0, 0, 0, 0, 0, 0, 0, 0, 0
13050, 0, 0, 0, 0, 0, 0, 0, 0, 0, 0, 0, 0
13060, 0, 0, 0, 0, 0, 0, 0, 0, 0, 0, 0, 0
13070, 0, 0, 0, 0, 0, 0, 0, 0, 0, 0, 0, 0
13080, 0, 0, 0, 0, 0, 0, 0, 0, 0, 0, 0, 0
13090, 0, 0, 0, 0, 0, 0, 0, 0, 0, 0, 0, 0
13101, 0, 0, 0, 0, 0, 0, 0, 0, 0, 0, 0, 0
13110, 0, 0, 0, 0, 0, 0, 0, 0, 0, 0, 0, 0
13120, 0, 0, 0, 0, 0, 0, 0, 0, 0, 0, 0, 0
13130, 0, 0, 0, 0, 0, 0, 0, 0, 0, 0, 0, 0
13140, 0, 0, 0, 0, 0, 0, 0, 0, 0, 0, 0, 0
13150, 0, 0, 0, 0, 0, 0, 0, 0, 0, 0, 0, 0
13160, 0, 0, 0, 0, 0, 0, 0, 0, 0, 0, 0, 0
13170, 0, 0, 0, 0, 0, 0, 0, 0, 0, 0, 0, 0
13180, 0, 0, 0, 0, 0, 0, 0, 0, 0, 0, 0, 0
13190, 0, 0, 0, 0, 0, 0, 0, 0, 0, 0, 0, 0
13200, 0, 0, 0, 0, 0, 0, 0, 0, 0, 0, 0, 0
13210, 0, 0, 0, 0, 0, 0, 0, 0, 0, 0, 0, 0
13220, 0, 0, 0, 0, 0, 0, 0, 0, 0, 0, 0, 0
13230, 0, 0, 0, 0, 0, 0, 0, 0, 0, 0, 0, 0
13240, 0, 0, 0, 0, 0, 0, 0, 0, 0, 0, 0, 0
13250, 0, 0, 0, 0, 0, 0, 0, 0, 0, 0, 0, 0
13260, 0, 0, 0, 0, 0, 0, 0, 0, 0, 0, 0, 0
13271, 0, 0, 0, 0, 0, 0, 0, 0, 0, 0, 0, 0
13280, 0, 0, 0, 0, 0, 0, 0, 0, 0, 0, 0, 0
13290, 0, 0, 0, 0, 0, 0, 0, 0, 0, 0, 0, 0
13300, 0, 0, 0, 0, 0, 0, 0, 0, 0, 0, 0, 0
13310, 0, 0, 0, 0, 0, 0, 0, 0, 0, 0, 0, 0
13320, 0, 0, 0, 0, 0, 0, 0, 0, 0, 0, 0, 0
13330, 0, 0, 0, 0, 0, 0, 0, 0, 0, 0, 0, 0
13340, 0, 0, 0, 0, 0, 0, 0, 0, 0, 0, 0, 0
13350, 0, 0, 0, 0, 0, 0, 0, 0, 0, 0, 0, 0
13360, 0, 0, 0, 0, 0, 0, 0, 0, 0, 0, 0, 0
13370, 0, 0, 0, 0, 0, 0, 0, 0, 0, 0, 0, 0
13380, 0, 0, 0, 0, 0, 0, 0, 0, 0, 0, 0, 0
13390, 0, 0, 0, 0, 0, 0, 0, 0, 0, 0, 0, 0
13401, 0, 0, 0, 0, 0, 0, 0, 0, 0, 0, 0, 0
13410, 0, 0, 0, 0, 0, 0, 0, 0, 0, 0, 0, 0
13421, 0, 0, 0, 0, 0, 0, 0, 0, 0, 0, 0, 0
13430, 0, 0, 12, 12, 12, 10.4832, 10.4832, 0, 0, 0, 0, 0
13441, 0, 0, 12, 12, 12, 11.3016, 11.3016, 0, 0, 0, 0, 0
13451, 0, 0, 12, 6.05341, 5.74136, 6.92506, 6.65245, 5.94659, 6.25864, 0, 0, 0
13460, 0, 0, 12, -0.622471, -1.33774, 1.50585, 0.859706, 12.6225, 13.3377, 0, 0, 0
13470, 0, 0, 12, -1.66032, -2.70518, 0.556735, -0.426119, 13.6603, 14.7052, 0, 0, 0
13480, 0, 0, 12, 2.8978, 2.89078, 4.42547, 4.27802, 9.1022, 9.10922, 0, 0, 0
13491, 0, 0, 12, 8.13612, 8.48675, 9.1993, 9.3638, 3.86388, 3.51325, 0, 0, 0
13500, 0, 0, 12, 8.49376, 8.14313, 10.0666, 9.64242, 3.50624, 3.85687, 0, 0, 0
13510, 0, 0, 12, 4.28977, 3.58502, 6.97329, 6.21581, 7.71023, 8.41498, 0, 0, 0
13520, 0, 0, 12, -0.622471, -0.962576, 2.97452, 2.48753, 12.6225, 12.9626, 0, 0, 0
13531, 0, 0, 12, -1.65681, -1.32372, 2.02846, 2.10639, 13.6568, 13.3237, 0, 0, 0
13540, 0, 0, 12, 1.49179, 1.84592, 4.66609, 4.78511, 10.5082, 10.1541, 0, 0, 0
13550, 0, 0, 12, 5.68876, 6.03939, 8.4343, 8.57442, 6.31124, 5.96061, 0, 0, 0
13560, 0, 0, 12, 5.68876, 5.34165, 8.82228, 8.37675, 6.31124, 6.65835, 0, 0, 0
13571, 0, 0, 12, 2.54717, 2.19655, 6.46576, 5.9935, 9.45283, 9.80345, 0, 0, 0
13581, 0, 0, 12, -0.980107, 0.0612469, 3.55804, 4.2779, 12.9801, 11.9388, 0, 0, 0
13590, 0, 0, 12, -1.32722, -0.629483, 3.18796, 3.67866, 13.3272, 12.6295, 0, 0, 0
13600, 0, 0, 12, 1.12364, 1.47777, 5.23851, 5.47662, 10.8764, 10.5222, 0, 0, 0
13611, 0, 0, 12, 4.28627, 3.59203, 8.07802, 7.42443, 7.71373, 8.40797, 0, 0, 0
13621, 0, 0, 12, 3.59203, 2.88377, 7.76386, 7.05067, 8.40797, 9.11623, 0, 0, 0
13630, 0, 0, 12, 0.773014, 1.49179, 5.54614, 6.03131, 11.227, 10.5082, 0, 0, 0
13640, 0, 0, 12, -0.952057, 0.429402, 4.09184, 5.20494, 12.9521, 11.5706, 0, 0, 0
13650, 0, 0, 12, -0.625977, 0.425896, 4.31177, 5.23116, 12.626, 11.5741, 0, 0, 0
13661, 0, 0, 12, 1.82839, 0.787039, 6.41322, 5.57571, 10.1716, 11.213, 0, 0, 0
13670, 0, 0, 12, 2.89429, 1.84242, 7.46908, 6.55136, 9.10571, 10.1576, 0, 0, 0
13680, 0, 0, 12, 1.82489, 1.81787, 6.73224, 6.65557, 10.1751, 10.1821, 0, 0, 0
13690, 0, 0, 12, -0.271847, 1.14117, 5.02499, 6.18838, 12.2718, 10.8588, 0, 0, 0
13701, 0, 0, 12, -0.254315, 0.0963087, 5.02177, 5.35342, 12.2543, 11.9037, 0, 0, 0
13711, 0, 0, 12, 0.418883, 0.408364, 5.59253, 5.6326, 11.5811, 11.5916, 0, 0, 0
13720, 0, 0, 12, 1.47426, 0.769507, 6.54308, 5.97594, 10.5257, 11.2305, 0, 0, 0
13730, 0, 0, 12, 1.49179, 1.15519, 6.65894, 6.36536, 10.5082, 10.8448, 0, 0, 0
13741, 0, 0, 12, 0.429402, 0.780026, 5.83257, 6.1164, 11.5706, 11.22, 0, 0, 0
13751, 0, 0, 12, -0.271847, 0.418883, 5.24925, 5.8541, 12.2718, 11.5811, 0, 0, 0
13760, 0, 0, 12, 0.0717649, -0.247303, 5.53089, 5.30069, 11.9282, 12.2473, 0, 0, 0
13770, 0, 0, 12, 0.43992, 0.411871, 5.8574, 5.85968, 11.5601, 11.5881, 0, 0, 0
13780, 0, 0, 12, 0.773014, 0.429402, 6.17839, 5.90308, 11.227, 11.5706, 0, 0, 0
13791, 0, 0, 12, 0.43992, 1.16221, 5.94012, 6.57255, 11.5601, 10.8378, 0, 0, 0
13800, 0, 0, 12, -0.254315, 0.0787773, 5.36364, 5.70532, 12.2543, 11.9212, 0, 0, 0
13810, 0, 0, 12, 0.0787773, 0.0577402, 5.63729, 5.69232, 11.9212, 11.9423, 0, 0, 0
13820, 0, 0, 12, 0.436415, 0.0998154, 5.95509, 5.73301, 11.5636, 11.9002, 0, 0, 0
13831, 0, 0, 12, 0.418883, 0.422389, 5.96954, 6.02162, 11.5811, 11.5776, 0, 0, 0
13840, 0, 0, 12, 0.436415, 0.780026, 6.01342, 6.36286, 11.5636, 11.22, 0, 0, 0
13850, 0, 0, 12, 0.429402, 0.769507, 6.03706, 6.40687, 11.5706, 11.2305, 0, 0, 0
13860, 0, 0, 12, 0.0752716, 0.0892963, 5.75698, 5.86512, 11.9247, 11.9107, 0, 0, 0
13871, 0, 0, 12, 0.425896, 0.0752716, 6.06842, 5.85895, 11.5741, 11.9247, 0, 0, 0
13881, 0, 0, 12, -0.250809, 0.0857906, 5.50629, 5.87328, 12.2508, 11.9142, 0, 0, 0
13890, 0, 0, 12, 0.0647526, 0.418883, 5.76486, 6.17012, 11.9352, 11.5811, 0, 0, 0
13900, 0, 0, 12, 0.425896, 0.425896, 6.08477, 6.20481, 11.5741, 11.5741, 0, 0, 0
13911, 0, 0, 12, 0.43992, 0.443427, 6.12607, 6.24917, 11.5601, 11.5566, 0, 0, 0
13921, 0, 0, 12, 0.0892963, 0.0857906, 5.84977, 5.96698, 11.9107, 11.9142, 0, 0, 0
13930, 0, 0, 12, -0.289377, 0.0717649, 5.52505, 5.96058, 12.2894, 11.9282, 0, 0, 0
13940, 0, 0, 12, 0.0647526, 0.0717649, 5.81468, 5.96548, 11.9352, 11.9282, 0, 0, 0
13950, 0, 0, 12, 0.110334, 0.0998154, 5.85892, 5.99488, 11.8897, 11.9002, 0, 0, 0
13961, 0, 0, 12, 0.0998154, 0.443427, 5.85725, 6.30186, 11.9002, 11.5566, 0, 0, 0
13970, 0, 0, 12, 0.390833, 0.0612469, 6.11829, 5.99823, 11.6092, 11.9388, 0, 0, 0
13980, 0, 0, 12, -0.264834, 0.0752716, 5.57216, 6.01466, 12.2648, 11.9247, 0, 0, 0
13990, 0, 0, 12, 0.0752716, 0.418883, 5.85121, 6.31997, 11.9247, 11.5811, 0, 0, 0
14001, 0, 0, 12, 0.0787773, 0.0892963, 5.85941, 6.06061, 11.9212, 11.9107, 0, 0, 0
14010, 0, 0, 12, 0.0857906, -0.264834, 5.87091, 5.75734, 11.9142, 12.2648, 0, 0, 0
14020, 0, 0, 12, 0.0752716, 0.411871, 5.86757, 6.33044, 11.9247, 11.5881, 0, 0, 0
14030, 0, 0, 12, 0.0787773, 0.0787773, 5.87576, 6.06754, 11.9212, 11.9212, 0, 0, 0
14041, 0, 0, 12, 0.0787773, -0.247303, 5.88114, 5.78805, 11.9212, 12.2473, 0, 0, 0
14051, 0, 0, 12, -0.240291, -0.261328, 5.60777, 5.75893, 12.2403, 12.2613, 0, 0, 0
14060, 0, 0, 12, 0.0612469, 0.0612469, 5.85481, 6.02291, 11.9388, 11.9388, 0, 0, 0
14070, 0, 0, 12, -0.275352, 0.0717649, 5.56493, 6.03628, 12.2754, 11.9282, 0, 0, 0
14081, 0, 0, 12, 0.0717649, 0.0998154, 5.84939, 6.06568, 11.9282, 11.9002, 0, 0, 0
14091, 0, 0, 12, -0.229772, -0.604939, 5.59087, 5.45681, 12.2298, 12.6049, 0, 0, 0
14100, 0, 0, 12, 0.0612469, 0.0647526, 5.82943, 6.0006, 11.9388, 11.9352, 0, 0, 0
14110, 0, 0, 12, 0.0857906, 0.0787773, 5.85505, 6.01727, 11.9142, 11.9212, 0, 0, 0
14120, 0, 0, 12, 0.0892963, 0.436415, 5.86396, 6.33507, 11.9107, 11.5636, 0, 0, 0
14131, 0, 0, 12, 0.0787773, 0.0787773, 5.86086, 6.0524, 11.9212, 11.9212, 0, 0, 0
14140, 0, 0, 12, 0.0612469, 0.0717649, 5.85092, 6.05165, 11.9388, 11.9282, 0, 0, 0
14150, 0, 0, 12, -0.264834, -0.271847, 5.57023, 5.75636, 12.2648, 12.2718, 0, 0, 0
14160, 0, 0, 12, 0.418883, 0.0647526, 6.14947, 6.03188, 11.5811, 11.9352, 0, 0, 0
14171, 0, 0, 12, 0.0998154, 0.450439, 5.8993, 6.37323, 11.9002, 11.5496, 0, 0, 0
14181, 0, 0, 12, -0.278859, 0.0787773, 5.57529, 6.07926, 12.2789, 11.9212, 0, 0, 0
14190, 0, 0, 12, 0.0857906, 0.0963087, 5.87483, 6.09995, 11.9142, 11.9037, 0, 0, 0
14200, 0, 0, 12, 0.0612469, -0.285872, 5.85924, 5.77265, 11.9388, 12.2859, 0, 0, 0
14211, 0, 0, 12, 0.0892963, -0.275352, 5.88792, 5.76234, 11.9107, 12.2754, 0, 0, 0
14221, 0, 0, 12, -0.615458, -0.264834, 5.27834, 5.75275, 12.6155, 12.2648, 0, 0, 0
14230, 0, 0, 12, -0.264834, 0.0857906, 5.54267, 6.041, 12.2648, 11.9142, 0, 0, 0
14240, 0, 0, 12, 0.0963087, 0.0857906, 5.8401, 6.04685, 11.9037, 11.9142, 0, 0, 0
14251, 0, 0, 12, 0.0577402, 0.0577402, 5.81298, 6.02819, 11.9423, 11.9423, 0, 0, 0
14261, 0, 0, 12, 0.11384, 0.11384, 5.86593, 6.08114, 11.8862, 11.8862, 0, 0, 0
14270, 0, 0, 12, 0.0472212, 0.0647526, 5.81549, 6.04602, 11.9528, 11.9352, 0, 0, 0
14280, 0, 0, 12, -0.271847, 0.0612469, 5.53997, 6.04737, 12.2718, 11.9388, 0, 0, 0
14290, 0, 0, 12, 0.0857906, 0.443427, 5.83387, 6.38542, 11.9142, 11.5566, 0, 0, 0
14301, 0, 0, 12, 0.0857906, -0.264834, 5.83972, 5.79693, 11.9142, 12.2648, 0, 0, 0
14310, 0, 0, 12, 0.0752716, -0.271847, 5.83638, 5.77274, 11.9247, 12.2718, 0, 0, 0
14320, 0, 0, 12, -0.254315, -0.261328, 5.55358, 5.76339, 12.2543, 12.2613, 0, 0, 0
14330, 0, 0, 12, -0.285872, 0.404859, 5.50867, 6.32755, 12.2859, 11.5951, 0, 0, 0
14341, 0, 0, 12, 0.0647526, 0.422389, 5.79548, 6.37047, 11.9352, 11.5776, 0, 0, 0
14351, 0, 0, 12, 0.450439, 0.0998154, 6.13683, 6.11748, 11.5496, 11.9002, 0, 0, 0
14360, 0, 0, 12, 0.0752716, 0.0717649, 5.83981, 6.09978, 11.9247, 11.9282, 0, 0, 0
14370, 0, 0, 12, 0.0787773, -0.254315, 5.848, 5.81981, 11.9212, 12.2543, 0, 0, 0
14381, 0, 0, 12, -0.271847, 0.0787773, 5.54707, 6.09346, 12.2718, 11.9212, 0, 0, 0
14391, 0, 0, 12, -0.261328, 0.429402, 5.53772, 6.40514, 12.2613, 11.5706, 0, 0, 0
14400, 0, 0, 12, 0.422389, 0.43992, 6.11719, 6.44361, 11.5776, 11.5601, 0, 0, 0
14410, 0, 0, 12, 0.436415, 0.0647526, 6.15825, 6.14587, 11.5636, 11.9352, 0, 0, 0
14420, 0, 0, 12, 0.0717649, -0.278859, 5.86946, 5.8501, 11.9282, 12.2789, 0, 0, 0
14431, 0, 0, 12, -0.271847, 0.0752716, 5.57417, 6.14045, 12.2718, 11.9247, 0, 0, 0
14440, 0, 0, 12, -0.264834, 0.0963087, 5.56176, 6.16397, 12.2648, 11.9037, 0, 0, 0
14450, 0, 0, 12, 0.0752716, 0.0717649, 5.84081, 6.14909, 11.9247, 11.9282, 0, 0, 0
14460, 0, 0, 12, 0.425896, 0.0857906, 6.15225, 6.16624, 11.5741, 11.9142, 0, 0, 0
14471, 0, 0, 12, 0.0857906, 0.0963087, 5.88418, 6.18128, 11.9142, 11.9037, 0, 0, 0
14480, 0, 0, 12, -0.247303, -0.264834, 5.59904, 5.87235, 12.2473, 12.2648, 0, 0, 0
14490, 0, 0, 12, -0.289377, -0.278859, 5.54542, 5.84204, 12.2894, 12.2789, 0, 0, 0
14500, 0, 0, 12, -0.261328, 0.425896, 5.55019, 6.43869, 12.2613, 11.5741, 0, 0, 0
14511, 0, 0, 12, 0.408364, 0.0857906, 6.11741, 6.17062, 11.5916, 11.9142, 0, 0, 0
14521, 0, 0, 12, 0.478489, -0.247303, 6.20652, 5.88548, 11.5215, 12.2473, 0, 0, 0
14530, 0, 0, 12, 0.0577402, 0.0507278, 5.87159, 6.12898, 11.9423, 11.9493, 0, 0, 0
14540, 0, 0, 12, -0.278859, 0.0752716, 5.58147, 6.15388, 12.2789, 11.9247, 0, 0, 0
14551, 0, 0, 12, -0.254315, 0.0963087, 5.5839, 6.17739, 12.2543, 11.9037, 0, 0, 0
14561, 0, 0, 12, 0.411871, -0.264834, 6.14853, 5.86846, 11.5881, 12.2648, 0, 0, 0
14570, 0, 0, 12, 0.429402, 0.0612469, 6.19194, 6.13527, 11.5706, 11.9388, 0, 0, 0
14580, 0, 0, 12, -0.264834, 0.0892963, 5.61474, 6.16395, 12.2648, 11.9107, 0, 0, 0
14590, 0, 0, 12, -0.254315, 0.0857906, 5.60587, 6.16698, 12.2543, 11.9142, 0, 0, 0
14601, 0, 0, 12, -0.296391, -0.296391, 5.55176, 5.83895, 12.2964, 12.2964, 0, 0, 0
14610, 0, 0, 12, 0.0857906, -0.250809, 5.86542, 5.85856, 11.9142, 12.2508, 0, 0, 0
14620, 0, 0, 12, 0.436415, 0.0787773, 6.17758, 6.12938, 11.5636, 11.9212, 0, 0, 0
14630, 0, 0, 12, 0.418883, 0.422389, 6.19203, 6.43493, 11.5811, 11.5776, 0, 0, 0
14641, 0, 0, 12, -0.254315, 0.0752716, 5.63249, 6.1605, 12.2543, 11.9247, 0, 0, 0
14651, 0, 0, 12, 0.0857906, 0.0892963, 5.91226, 6.17788, 11.9142, 11.9107, 0, 0, 0
14660, 0, 0, 12, 0.425896, 0.0998154, 6.21523, 6.19316, 11.5741, 11.9002, 0, 0, 0
14670, 0, 0, 12, 0.0717649, 0.0472212, 5.93491, 6.15402, 11.9282, 11.9528, 0, 0, 0
14681, 0, 0, 12, -0.261328, 0.0892963, 5.64881, 6.194, 12.2613, 11.9107, 0, 0, 0
14691, 0, 0, 12, -0.271847, -0.261328, 5.6218, 5.89379, 12.2718, 12.2613, 0, 0, 0
14700, 0, 0, 12, 0.0857906, -0.254315, 5.91569, 5.88209, 11.9142, 12.2543, 0, 0, 0
14710, 0, 0, 12, 0.0787773, 0.0577402, 5.91541, 6.13736, 11.9212, 11.9423, 0, 0, 0
14721, 0, 0, 12, 0.0752716, 0.0963087, 5.91772, 6.17499, 11.9247, 11.9037, 0, 0, 0
14731, 0, 0, 12, -0.250809, 0.0857906, 5.63799, 6.17237, 12.2508, 11.9142, 0, 0, 0
14740, 0, 0, 12, -0.289377, 0.0647526, 5.5872, 6.15984, 12.2894, 11.9352, 0, 0, 0
14750, 0, 0, 12, 0.0787773, -0.275352, 5.88908, 5.86714, 11.9212, 12.2754, 0, 0, 0
14760, 0, 0, 12, 0.0892963, -0.261328, 5.90364, 5.86061, 11.9107, 12.2613, 0, 0, 0
14771, 0, 0, 12, 0.0787773, 0.0752716, 5.90054, 6.13684, 11.9212, 11.9247, 0, 0, 0
14780, 0, 0, 12, -0.271847, 0.43992, 5.59961, 6.46054, 12.2718, 11.5601, 0, 0, 0
14790, 0, 0, 12, -0.278859, 0.0612469, 5.57494, 6.15973, 12.2789, 11.9388, 0, 0, 0
14800, 0, 0, 12, 0.0717649, -0.278859, 5.86223, 5.86679, 11.9282, 12.2789, 0, 0, 0
14811, 0, 0, 12, 0.0787773, -0.261328, 5.87325, 5.86309, 11.9212, 12.2613, 0, 0, 0
14821, 0, 0, 12, 0.0998154, 0.0963087, 5.897, 6.1577, 11.9002, 11.9037, 0, 0, 0
14830, 0, 0, 12, 0.0612469, 0.0787773, 5.87012, 6.14895, 11.9388, 11.9212, 0, 0, 0
14840, 0, 0, 12, -0.250809, 0.0787773, 5.60168, 6.15432, 12.2508, 11.9212, 0, 0, 0
14851, 0, 0, 12, -0.278859, 0.0717649, 5.56007, 6.15357, 12.2789, 11.9282, 0, 0, 0
14861, 0, 0, 12, 0.0963087, -0.254315, 5.8688, 5.8736, 11.9037, 12.2543, 0, 0, 0
14870, 0, 0, 12, 0.0647526, 0.0647526, 5.8478, 6.13499, 11.9352, 11.9352, 0, 0, 0
14880, 0, 0, 12, 0.0963087, 0.43992, 5.87978, 6.46715, 11.9037, 11.5601, 0, 0, 0
14891, 0, 0, 12, 0.397846, 0.404859, 6.14978, 6.46653, 11.6022, 11.5951, 0, 0, 0
14901, 0, 0, 12, -0.229772, 0.117347, 5.62862, 6.24297, 12.2298, 11.8827, 0, 0, 0
14910, 0, 0, 12, 0.397846, 0.0507278, 6.16124, 6.19277, 11.6022, 11.9493, 0, 0, 0
14920, 0, 0, 12, 0.0963087, 0.0857906, 5.92495, 6.22686, 11.9037, 11.9142, 0, 0, 0
14930, 0, 0, 12, 0.0787773, 0.0787773, 5.9162, 6.22659, 11.9212, 11.9212, 0, 0, 0
14941, 0, 0, 12, -0.261328, 0.0963087, 5.62446, 6.24728, 12.2613, 11.9037, 0, 0, 0
14950, 0, 0, 12, 0.0577402, -0.275352, 5.88537, 5.92916, 11.9423, 12.2754, 0, 0, 0
14960, 0, 0, 12, 0.103321, 0.0963087, 5.92913, 6.23506, 11.8967, 11.9037, 0, 0, 0
14970, 0, 0, 12, 0.0717649, -0.278859, 5.90861, 5.91389, 11.9282, 12.2789, 0, 0, 0
14981, 0, 0, 12, -0.275352, 0.0647526, 5.61026, 6.19505, 12.2754, 11.9352, 0, 0, 0
14991, 0, 0, 12, -0.271847, 0.0892963, 5.59455, 6.2209, 12.2718, 11.9107, 0, 0, 0
15000, 0, 0, 12, -0.264834, -0.254315, 5.58213, 5.92682, 12.2648, 12.2543, 0, 0, 0
15010, 0, 0, 12, 0.103321, -0.271847, 5.88569, 5.89416, 11.8967, 12.2718, 0, 0, 0
15021, 0, 0, 12, 0.411871, 0.0752716, 6.16229, 6.17886, 11.5881, 11.9247, 0, 0, 0
15031, 0, 0, 12, -0.254315, 0.429402, 5.6084, 6.49336, 12.2543, 11.5706, 0, 0, 0
15040, 0, 0, 12, -0.296391, -0.271847, 5.55429, 5.91004, 12.2964, 12.2718, 0, 0, 0
15050, 0, 0, 12, -0.271847, 0.0577402, 5.55552, 6.17942, 12.2718, 11.9423, 0, 0, 0
15060, 0, 0, 12, 0.0857906, 0.0892963, 5.84941, 6.21093, 11.9142, 11.9107, 0, 0, 0
15071, 0, 0, 12, 0.425896, 0.0892963, 6.15238, 6.21702, 11.5741, 11.9107, 0, 0, 0
15080, 0, 0, 12, 0.0717649, -0.261328, 5.87206, 5.9168, 11.9282, 12.2613, 0, 0, 0
15090, 0, 0, 12, -0.254315, 0.0717649, 5.59209, 6.18997, 12.2543, 11.9282, 0, 0, 0
15100, 0, 0, 12, -0.264834, 0.0717649, 5.56556, 6.19486, 12.2648, 11.9282, 0, 0, 0
15111, 0, 0, 12, 0.0787773, -0.254315, 5.84767, 5.91489, 11.9212, 12.2543, 0, 0, 0
15120, 0, 0, 12, 0.0612469, 0.0612469, 5.83773, 6.17323, 11.9388, 11.9388, 0, 0, 0
15130, 0, 0, 12, 0.43992, -0.261328, 6.17272, 5.8956, 11.5601, 12.2613, 0, 0, 0
15140, 0, 0, 12, -0.275352, 0.411871, 5.57786, 6.46589, 12.2754, 11.5881, 0, 0, 0
15151, 0, 0, 12, -0.264834, 0.0892963, 5.56827, 6.21217, 12.2648, 11.9107, 0, 0, 0
15161, 0, 0, 12, 0.103321, -0.250809, 5.87183, 5.92115, 11.8967, 12.2508, 0, 0, 0
15170, 0, 0, 12, 0.0577402, -0.289377, 5.83905, 5.87035, 11.9423, 12.2894, 0, 0, 0
15180, 0, 0, 12, 0.436415, 0.0998154, 6.1738, 6.19061, 11.5636, 11.9002, 0, 0, 0
15191, 0, 0, 12, -0.254315, 0.425896, 5.60014, 6.48228, 12.2543, 11.5741, 0, 0, 0
15201, 0, 0, 12, 0.0717649, 0.422389, 5.86766, 6.50827, 11.9282, 11.5776, 0, 0, 0
15210, 0, 0, 12, 0.0752716, -0.250809, 5.87562, 5.94897, 11.9247, 12.2508, 0, 0, 0
15220, 0, 0, 12, 0.418883, -0.289377, 6.18093, 5.89817, 11.5811, 12.2894, 0, 0, 0
15230, 0, 0, 12, -0.254315, -0.261328, 5.62139, 5.90294, 12.2543, 12.2613, 0, 0, 0
15241, 0, 0, 12, -0.250809, 0.0998154, 5.60711, 6.20061, 12.2508, 11.9002, 0, 0, 0
15250, 0, 0, 12, -0.278859, 0.0752716, 5.5655, 6.18598, 12.2789, 11.9247, 0, 0, 0
15260, 0, 0, 12, 0.0857906, -0.285872, 5.86504, 5.87562, 11.9142, 12.2859, 0, 0, 0
15270, 0, 0, 12, 0.0612469, 0.0647526, 5.84945, 6.16242, 11.9388, 11.9352, 0, 0, 0
15281, 0, 0, 12, 0.0857906, 0.0787773, 5.87507, 6.17909, 11.9142, 11.9212, 0, 0, 0
15291, 0, 0, 12, -0.254315, -0.250809, 5.5838, 5.89654, 12.2543, 12.2508, 0, 0, 0
15300, 0, 0, 12, 0.0647526, -0.275352, 5.8452, 5.85799, 11.9352, 12.2754, 0, 0, 0
15310, 0, 0, 12, -0.271847, 0.0647526, 5.55556, 6.13633, 12.2718, 11.9352, 0, 0, 0
15321, 0, 0, 12, 0.0892963, 0.0963087, 5.85252, 6.16831, 11.9107, 11.9037, 0, 0, 0
15331, 0, 0, 12, 0.0857906, 0.0857906, 5.85554, 6.16569, 11.9142, 11.9142, 0, 0, 0
15340, 0, 0, 12, 0.0717649, 0.0717649, 5.84914, 6.15929, 11.9282, 11.9282, 0, 0, 0
15350, 0, 0, 12, 0.0612469, 0.0577402, 5.84485, 6.15193, 11.9388, 11.9423, 0, 0, 0
15361, 0, 0, 12, -0.261328, 0.0963087, 5.56722, 6.18956, 12.2613, 11.9037, 0, 0, 0
15371, 0, 0, 12, 0.0787773, 0.0892963, 5.84652, 6.19001, 11.9212, 11.9107, 0, 0, 0
15380, 0, 0, 12, 0.0857906, 0.0787773, 5.85802, 6.18691, 11.9142, 11.9212, 0, 0, 0
15390, 0, 0, 12, 0.0647526, 0.0577402, 5.84549, 6.1739, 11.9352, 11.9423, 0, 0, 0
15400, 0, 0, 12, 0.0787773, -0.247303, 5.86216, 5.91135, 11.9212, 12.2473, 0, 0, 0
15411, 0, 0, 12, -0.240291, 0.0892963, 5.58879, 6.18854, 12.2403, 11.9107, 0, 0, 0
15420, 0, 0, 12, -0.271847, 0.0857906, 5.54484, 6.19157, 12.2718, 11.9142, 0, 0, 0
15430, 0, 0, 12, 0.404859, -0.303403, 6.11747, 5.85742, 11.5951, 12.3034, 0, 0, 0
15440, 0, 0, 12, 0.0963087, 0.0963087, 5.87553, 6.18592, 11.9037, 11.9037, 0, 0, 0
15451, 0, 0, 12, 0.0892963, 0.0892963, 5.87597, 6.18636, 11.9107, 11.9107, 0, 0, 0
15461, 0, 0, 12, -0.271847, 0.425896, 5.56656, 6.4865, 12.2718, 11.5741, 0, 0, 0
15470, 0, 0, 12, 0.0577402, -0.278859, 5.83595, 5.89987, 11.9423, 12.2789, 0, 0, 0
15480, 0, 0, 12, 0.0963087, -0.254315, 5.87358, 5.9023, 11.9037, 12.2543, 0, 0, 0
15491, 0, 0, 12, 0.0752716, -0.275352, 5.86177, 5.86657, 11.9247, 12.2754, 0, 0, 0
15501, 0, 0, 12, 0.0963087, 0.443427, 5.88528, 6.47572, 11.9037, 11.5566, 0, 0, 0
15510, 0, 0, 12, -0.285872, 0.0647526, 5.55798, 6.17515, 12.2859, 11.9352, 0, 0, 0
15520, 0, 0, 12, 0.0892963, 0.0787773, 5.86623, 6.19182, 11.9107, 11.9212, 0, 0, 0
15531, 0, 0, 12, 0.0752716, -0.278859, 5.86007, 5.88476, 11.9247, 12.2789, 0, 0, 0
15541, 0, 0, 12, 0.0963087, -0.250809, 5.88358, 5.89025, 11.9037, 12.2508, 0, 0, 0
15550, 0, 0, 12, -0.285872, 0.0717649, 5.55628, 6.15494, 12.2859, 11.9282, 0, 0, 0
15560, 0, 0, 12, 0.0647526, 0.422389, 5.84308, 6.46614, 11.9352, 11.5776, 0, 0, 0
15570, 0, 0, 12, 0.0857906, 0.0752716, 5.86588, 6.19171, 11.9142, 11.9247, 0, 0, 0
15581, 0, 0, 12, 0.443427, 0.0892963, 6.18416, 6.20909, 11.5566, 11.9107, 0, 0, 0
15590, 0, 0, 12, 0.0752716, 0.0857906, 5.89278, 6.21212, 11.9247, 11.9142, 0, 0, 0
15600, 0, 0, 12, 0.0857906, -0.271847, 5.90711, 5.90554, 11.9142, 12.2718, 0, 0, 0
15610, 0, 0, 12, -0.271847, 0.0752716, 5.60052, 6.19024, 12.2718, 11.9247, 0, 0, 0
15621, 0, 0, 12, 0.43992, 0.0892963, 6.20378, 6.20763, 11.5601, 11.9107, 0, 0, 0
15631, 0, 0, 12, 0.0857906, -0.261328, 5.92442, 5.90741, 11.9142, 12.2613, 0, 0, 0
15640, 0, 0, 12, 0.0612469, 0.0612469, 5.90883, 6.17139, 11.9388, 11.9388, 0, 0, 0
15650, 0, 0, 12, 0.0647526, -0.275352, 5.91607, 5.88152, 11.9352, 12.2754, 0, 0, 0
15661, 0, 0, 12, -0.271847, -0.285872, 5.62643, 5.85355, 12.2718, 12.2859, 0, 0, 0
15671, 0, 0, 12, -0.247303, -0.229772, 5.62933, 5.88306, 12.2473, 12.2298, 0, 0, 0
15680, 0, 0, 12, 0.0787773, 0.0752716, 5.89733, 6.13387, 11.9212, 11.9247, 0, 0, 0
15690, 0, 0, 12, 0.418883, 0.0752716, 6.19982, 6.13901, 11.5811, 11.9247, 0, 0, 0
15700, 0, 0, 12, 0.0717649, -0.296391, 5.92515, 5.81946, 11.9282, 12.2964, 0, 0, 0
15711, 0, 0, 12, -0.247303, 0.11384, 5.6513, 6.15762, 12.2473, 11.8862, 0, 0, 0
15720, 0, 0, 12, 0.0647526, 0.0647526, 5.90705, 6.1225, 11.9352, 11.9352, 0, 0, 0
15730, 0, 0, 12, 0.0892963, -0.261328, 5.93291, 5.84205, 11.9107, 12.2613, 0, 0, 0
15740, 0, 0, 12, 0.0892963, -0.275352, 5.939, 5.81198, 11.9107, 12.2754, 0, 0, 0
15751, 0, 0, 12, 0.0857906, 0.43992, 5.94202, 6.41806, 11.9142, 11.5601, 0, 0, 0
15760, 0, 0, 12, 0.0717649, 0.0787773, 5.93562, 6.13257, 11.9282, 11.9212, 0, 0, 0
15770, 0, 0, 12, 0.0787773, 0.0647526, 5.94664, 6.12569, 11.9212, 11.9352, 0, 0, 0
15780, 0, 0, 12, -0.296391, -0.289377, 5.62427, 5.82074, 12.2964, 12.2894, 0, 0, 0
15791, 0, 0, 12, 0.0963087, -0.590915, 5.94712, 5.53758, 11.9037, 12.5909, 0, 0, 0
15801, 0, 0, 12, -0.264834, 0.0717649, 5.63819, 6.0762, 12.2648, 11.9282, 0, 0, 0
15810, 0, 0, 12, 0.0752716, 0.0752716, 5.91724, 6.08416, 11.9247, 11.9247, 0, 0, 0
15820, 0, 0, 12, -0.285872, 0.0647526, 5.60688, 6.0801, 12.2859, 11.9352, 0, 0, 0
15831, 0, 0, 12, 0.0787773, -0.261328, 5.90594, 5.79965, 11.9212, 12.2613, 0, 0, 0
15841, 0, 0, 12, 0.450439, 0.0892963, 6.236, 6.08814, 11.5496, 11.9107, 0, 0, 0
15850, 0, 0, 12, 0.0717649, 0.0857906, 5.93591, 6.09116, 11.9282, 11.9142, 0, 0, 0
15860, 0, 0, 12, 0.0717649, 0.404859, 5.94081, 6.37575, 11.9282, 11.5951, 0, 0, 0
15870, 0, 0, 12, -0.271847, 0.0857906, 5.64552, 6.12463, 12.2718, 11.9142, 0, 0, 0
15881, 0, 0, 12, 0.457452, -0.240291, 6.2641, 5.84561, 11.5425, 12.2403, 0, 0, 0
15890, 0, 0, 12, 0.0647526, -0.278859, 5.95223, 5.79553, 11.9352, 12.2789, 0, 0, 0
15900, 0, 0, 12, 0.0787773, -0.275352, 5.9689, 5.77958, 11.9212, 12.2754, 0, 0, 0
15910, 0, 0, 12, -0.611952, -0.261328, 5.37085, 5.77305, 12.612, 12.2613, 0, 0, 0
15921, 0, 0, 12, -0.275352, 0.0717649, 5.62317, 6.04622, 12.2754, 11.9282, 0, 0, 0
15930, 0, 0, 12, 0.43992, 0.0963087, 6.22925, 6.07255, 11.5601, 11.9037, 0, 0, 0
15940, 0, 0, 12, 0.404859, 0.0612469, 6.22863, 6.04849, 11.5951, 11.9388, 0, 0, 0
15950, 0, 0, 12, 0.0787773, -0.261328, 5.97137, 5.77087, 11.9212, 12.2613, 0, 0, 0
15961, 0, 0, 12, -0.604939, 0.0752716, 5.37945, 6.0471, 12.6049, 11.9247, 0, 0, 0
15971, 0, 0, 12, 0.0998154, 0.0963087, 5.95387, 6.07061, 11.9002, 11.9037, 0, 0, 0
15980, 0, 0, 12, 0.0612469, 0.0647526, 5.92698, 6.04961, 11.9388, 11.9352, 0, 0, 0
15990, 0, 0, 12, 0.443427, -0.254315, 6.26503, 5.77529, 11.5566, 12.2543, 0, 0, 0
16001, 0, 0, 12, 0.0752716, 0.425896, 5.97365, 6.35218, 11.9247, 11.5741, 0, 0, 0
16011, 0, 0, 12, -0.271847, 0.0787773, 5.67554, 6.07798, 12.2718, 11.9212, 0, 0, 0
16020, 0, 0, 12, 0.0717649, -0.264834, 5.95718, 5.78317, 11.9282, 12.2648, 0, 0, 0
16030, 0, 0, 12, -0.250809, -0.271847, 5.68028, 5.75899, 12.2508, 12.2718, 0, 0, 0
16040, 0, 0, 12, 0.411871, 0.0752716, 6.24209, 6.04369, 11.5881, 11.9247, 0, 0, 0
16051, 0, 0, 12, 0.0892963, 0.425896, 5.98838, 6.35513, 11.9107, 11.5741, 0, 0, 0
16060, 0, 0, 12, 0.0717649, 0.0857906, 5.97915, 6.08706, 11.9282, 11.9142, 0, 0, 0
16070, 0, 0, 12, -0.254315, -0.254315, 5.69918, 5.79579, 12.2543, 12.2543, 0, 0, 0
16080, 0, 0, 12, -0.296391, -0.310415, 5.64508, 5.72944, 12.2964, 12.3104, 0, 0, 0
16091, 0, 0, 12, 0.0787773, -0.240291, 5.95261, 5.76953, 11.9212, 12.2403, 0, 0, 0
16101, 0, 0, 12, 0.0998154, 0.0857906, 5.97637, 6.03801, 11.9002, 11.9142, 0, 0, 0
16110, 0, 0, 12, 0.0612469, 0.0717649, 5.94948, 6.0316, 11.9388, 11.9282, 0, 0, 0
16120, 0, 0, 12, 0.0787773, 0.408364, 5.96897, 6.33055, 11.9212, 11.5916, 0, 0, 0
16131, 0, 0, 12, 0.43992, -0.240291, 6.28984, 5.79174, 11.5601, 12.2403, 0, 0, 0
16141, 0, 0, 12, -0.264834, -0.278859, 5.70417, 5.74166, 12.2648, 12.2789, 0, 0, 0
16150, 0, 0, 12, 0.0612469, 0.0752716, 5.97097, 6.03201, 11.9388, 11.9247, 0, 0, 0
16160, 0, 0, 12, -0.261328, 0.0752716, 5.69335, 6.03714, 12.2613, 11.9247, 0, 0, 0
16171, 0, 0, 12, 0.0787773, 0.0752716, 5.97264, 6.04227, 11.9212, 11.9247, 0, 0, 0
16181, 0, 0, 12, -0.254315, -0.254315, 5.68702, 5.75948, 12.2543, 12.2543, 0, 0, 0
16190, 0, 0, 12, 0.0612469, -0.604939, 5.94535, 5.43583, 11.9388, 12.6049, 0, 0, 0
16200, 0, 0, 12, -0.247303, -0.278859, 5.67998, 5.67944, 12.2473, 12.2789, 0, 0, 0
16210, 0, 0, 12, 0.0717649, 0.0752716, 5.94185, 5.96979, 11.9282, 11.9247, 0, 0, 0
16221, 0, 0, 12, -0.278859, 0.429402, 5.64044, 6.28429, 12.2789, 11.5706, 0, 0, 0
16230, 0, 0, 12, 0.0717649, 0.0892963, 5.92773, 6.01646, 11.9282, 11.9107, 0, 0, 0
16240, 0, 0, 12, 0.0787773, -0.296391, 5.93875, 5.68561, 11.9212, 12.2964, 0, 0, 0
16250, 0, 0, 12, 0.0857906, 0.0787773, 5.95025, 5.99315, 11.9142, 11.9212, 0, 0, 0
16261, 0, 0, 12, 0.0752716, 0.0752716, 5.94691, 5.99546, 11.9247, 11.9247, 0, 0, 0
16271, 0, 0, 12, 0.0892963, 0.0998154, 5.96429, 6.02203, 11.9107, 11.9002, 0, 0, 0
16280, 0, 0, 12, -0.271847, 0.0647526, 5.65489, 5.99821, 12.2718, 11.9352, 0, 0, 0
16290, 0, 0, 12, 0.0857906, 0.0857906, 5.94878, 6.021, 11.9142, 11.9142, 0, 0, 0
16301, 0, 0, 12, 0.0857906, 0.0857906, 5.95463, 6.02685, 11.9142, 11.9142, 0, 0, 0
16311, 0, 0, 12, 0.0752716, 0.0892963, 5.95129, 6.03577, 11.9247, 11.9107, 0, 0, 0
16320, 0, 0, 12, -0.271847, -0.285872, 5.65319, 5.71411, 12.2718, 12.2859, 0, 0, 0
16330, 0, 0, 12, -0.261328, -0.261328, 5.64384, 5.71605, 12.2613, 12.2613, 0, 0, 0
16340, 0, 0, 12, 0.0857906, 0.0857906, 5.92926, 6.00147, 11.9142, 11.9142, 0, 0, 0
16351, 0, 0, 12, 0.0787773, 0.429402, 5.92898, 6.30751, 11.9212, 11.5706, 0, 0, 0
16360, 0, 0, 12, 0.0752716, 0.0857906, 5.93129, 6.03661, 11.9247, 11.9142, 0, 0, 0
16370, 0, 0, 12, 0.0507278, -0.303403, 5.91498, 5.70246, 11.9493, 12.3034, 0, 0, 0
16380, 0, 0, 12, -0.261328, -0.240291, 5.64583, 5.73691, 12.2613, 12.2403, 0, 0, 0
16391, 0, 0, 12, -0.247303, 0.0787773, 5.64026, 5.99926, 12.2473, 11.9212, 0, 0, 0
16400, 0, 0, 12, -0.278859, 0.0717649, 5.59582, 5.9985, 12.2789, 11.9282, 0, 0, 0
16410, 0, 0, 12, 0.436415, -0.261328, 6.20167, 5.71241, 11.5636, 12.2613, 0, 0, 0
16420, 0, 0, 12, 0.0787773, 0.0787773, 5.919, 5.9917, 11.9212, 11.9212, 0, 0, 0
16431, 0, 0, 12, 0.422389, 0.429402, 6.22455, 6.30338, 11.5776, 11.5706, 0, 0, 0
16441, 0, 0, 12, -0.250809, 0.0857906, 5.66525, 6.03248, 12.2508, 11.9142, 0, 0, 0
16450, 0, 0, 12, -0.289377, -0.285872, 5.61446, 5.71365, 12.2894, 12.2859, 0, 0, 0
16460, 0, 0, 12, 0.425896, 0.0752716, 6.21958, 6.00965, 11.5741, 11.9247, 0, 0, 0
16471, 0, 0, 12, 0.436415, 0.443427, 6.25782, 6.3364, 11.5636, 11.5566, 0, 0, 0
16481, 0, 0, 12, -0.264834, 0.422389, 5.67497, 6.34827, 12.2648, 11.5776, 0, 0, 0
16490, 0, 0, 12, 0.0752716, 0.0857906, 5.95403, 6.08302, 11.9247, 11.9142, 0, 0, 0
16500, 0, 0, 12, 0.0787773, -0.271847, 5.96222, 5.77644, 11.9212, 12.2718, 0, 0, 0
16510, 0, 0, 12, 0.0963087, -0.264834, 5.98291, 5.76403, 11.9037, 12.2648, 0, 0, 0
16521, 0, 0, 12, 0.0752716, 0.429402, 5.9711, 6.35245, 11.9247, 11.5706, 0, 0, 0
16530, 0, 0, 12, 0.0752716, 0.429402, 5.97623, 6.38173, 11.9247, 11.5706, 0, 0, 0
16540, 0, 0, 12, 0.0752716, 0.0717649, 5.98137, 6.09859, 11.9247, 11.9282, 0, 0, 0
16550, 0, 0, 12, 0.0787773, 0.0752716, 5.98956, 6.10654, 11.9212, 11.9247, 0, 0, 0
16561, 0, 0, 12, 0.0857906, -0.250809, 6.00106, 5.82681, 11.9142, 12.2508, 0, 0, 0
16570, 0, 0, 12, 0.0787773, 0.0787773, 6.00079, 6.09764, 11.9212, 11.9212, 0, 0, 0
16580, 0, 0, 12, -0.289377, 0.404859, 5.68454, 6.38787, 12.2894, 11.5951, 0, 0, 0
16590, 0, 0, 12, 0.0963087, 0.453946, 6.00174, 6.45837, 11.9037, 11.5461, 0, 0, 0
16601, 0, 0, 12, 0.0857906, -0.275352, 5.99912, 5.85221, 11.9142, 12.2754, 0, 0, 0
16611, 0, 0, 12, 0.429402, -0.261328, 6.30515, 5.84568, 11.5706, 12.2613, 0, 0, 0
16620, 0, 0, 12, -0.289377, 0.404859, 5.70651, 6.40984, 12.2894, 11.5951, 0, 0, 0
16630, 0, 0, 12, -0.250809, 0.450439, 5.72047, 6.47727, 12.2508, 11.5496, 0, 0, 0
16641, 0, 0, 12, 0.422389, 0.0647526, 6.29147, 6.17106, 11.5776, 11.9352, 0, 0, 0
16651, 0, 0, 12, 0.790545, 0.103321, 6.6419, 6.20917, 11.2095, 11.8967, 0, 0, 0
16660, 0, 0, 12, -0.275352, -0.278859, 5.76464, 5.88234, 12.2754, 12.2789, 0, 0, 0
16670, 0, 0, 12, -0.625977, -0.271847, 5.43956, 5.86945, 12.626, 12.2718, 0, 0, 0
16680, 0, 0, 12, -0.278859, 0.0752716, 5.70011, 6.15415, 12.2789, 11.9247, 0, 0, 0
16691, 0, 0, 12, 0.0998154, 0.0857906, 6.0119, 6.16847, 11.9002, 11.9142, 0, 0, 0
16700, 0, 0, 12, 0.425896, -0.271847, 6.30357, 5.86189, 11.5741, 12.2718, 0, 0, 0
16710, 0, 0, 12, -0.271847, -0.629483, 5.72307, 5.53092, 12.2718, 12.6295, 0, 0, 0
16720, 0, 0, 12, -0.275352, 0.0787773, 5.70147, 6.10673, 12.2754, 11.9212, 0, 0, 0
16731, 0, 0, 12, -0.264834, 0.0963087, 5.69188, 6.12742, 12.2648, 11.9037, 0, 0, 0
16741, 0, 0, 12, -0.250809, 0.436415, 5.68607, 6.4311, 12.2508, 11.5636, 0, 0, 0
16750, 0, 0, 12, 0.0752716, -0.275352, 5.95383, 5.83906, 11.9247, 12.2754, 0, 0, 0
16760, 0, 0, 12, 0.404859, -0.285872, 6.24689, 5.8111, 11.5951, 12.2859, 0, 0, 0
16771, 0, 0, 12, 0.0787773, -0.271847, 5.98963, 5.80385, 11.9212, 12.2718, 0, 0, 0
16781, 0, 0, 12, -0.615458, 0.0752716, 5.38852, 6.08855, 12.6155, 11.9247, 0, 0, 0
16790, 0, 0, 12, -0.250809, 0.443427, 5.66511, 6.41531, 12.2508, 11.5566, 0, 0, 0
16800, 0, 0, 12, 0.773014, 0.425896, 6.54241, 6.43023, 11.227, 11.5741, 0, 0, 0
16811, 0, 0, 12, 0.418883, 0.0717649, 6.28576, 6.14991, 11.5811, 11.9282, 0, 0, 0
16821, 0, 0, 12, 0.0892963, -0.247303, 6.0264, 5.87607, 11.9107, 12.2473, 0, 0, 0
16830, 0, 0, 12, -0.622471, 0.0647526, 5.41069, 6.13181, 12.6225, 11.9352, 0, 0, 0
16840, 0, 0, 12, 0.0717649, 0.0857906, 5.97473, 6.15461, 11.9282, 11.9142, 0, 0, 0
16850, 0, 0, 12, 0.429402, 0.411871, 6.29205, 6.44532, 11.5706, 11.5881, 0, 0, 0
16861, 0, 0, 12, 0.0963087, 0.0963087, 6.03035, 6.19774, 11.9037, 11.9037, 0, 0, 0
16870, 0, 0, 12, 0.0647526, 0.0717649, 6.00935, 6.18287, 11.9352, 11.9282, 0, 0, 0
16880, 0, 0, 12, -0.271847, -0.254315, 5.71971, 5.9029, 12.2718, 12.2543, 0, 0, 0
16890, 0, 0, 12, -0.271847, -0.289377, 5.70117, 5.85492, 12.2718, 12.2894, 0, 0, 0
16901, 0, 0, 12, -0.271847, 0.0752716, 5.68263, 6.15374, 12.2718, 11.9247, 0, 0, 0
16911, 0, 0, 12, 0.450439, 0.453946, 6.29508, 6.48969, 11.5496, 11.5461, 0, 0, 0
16920, 0, 0, 12, 0.418883, 0.425896, 6.29823, 6.49614, 11.5811, 11.5741, 0, 0, 0
16930, 0, 0, 12, 0.0752716, 0.0647526, 6.02662, 6.20969, 11.9247, 11.9352, 0, 0, 0
16941, 0, 0, 12, -0.254315, -0.247303, 5.74383, 5.9415, 12.2543, 12.2473, 0, 0, 0
16951, 0, 0, 12, 0.0998154, 0.0857906, 6.03585, 6.21562, 11.9002, 11.9142, 0, 0, 0
16960, 0, 0, 12, -0.289377, -0.285872, 5.70266, 5.89679, 12.2894, 12.2859, 0, 0, 0
16970, 0, 0, 12, 0.0612469, 0.0752716, 5.98923, 6.19279, 11.9388, 11.9247, 0, 0, 0
16980, 0, 0, 12, -0.254315, 0.0787773, 5.71773, 6.20098, 12.2543, 11.9212, 0, 0, 0
16991, 0, 0, 12, -0.261328, -0.261328, 5.69426, 5.90924, 12.2613, 12.2613, 0, 0, 0
17000, 0, 0, 12, -0.275352, -0.604939, 5.66419, 5.59124, 12.2754, 12.6049, 0, 0, 0
17010, 0, 0, 12, 0.0787773, -0.296391, 5.95478, 5.81953, 11.9212, 12.2964, 0, 0, 0
17020, 0, 0, 12, 0.0857906, 0.450439, 5.96628, 6.45175, 11.9142, 11.5496, 0, 0, 0
17031, 0, 0, 12, -0.261328, 0.429402, 5.66888, 6.46409, 12.2613, 11.5706, 0, 0, 0
17040, 0, 0, 12, 0.0717649, 0.422389, 5.94205, 6.48725, 11.9282, 11.5776, 0, 0, 0
17050, 0, 0, 12, 0.436415, -0.264834, 6.2655, 5.9157, 11.5636, 12.2648, 0, 0, 0
17060, 0, 0, 12, 0.0647526, 0.0647526, 5.97058, 6.18556, 11.9352, 11.9352, 0, 0, 0
17071, 0, 0, 12, -0.264834, 0.0857906, 5.68707, 6.20836, 12.2648, 11.9142, 0, 0, 0
17081, 0, 0, 12, 0.0787773, 0.43992, 5.96919, 6.52358, 11.9212, 11.5601, 0, 0, 0
17090, 0, 0, 12, 0.0752716, -0.275352, 5.9715, 5.92872, 11.9247, 12.2754, 0, 0, 0
17100, 0, 0, 12, 0.0717649, 0.0612469, 5.97357, 6.20399, 11.9282, 11.9388, 0, 0, 0
17111, 0, 0, 12, 0.0963087, 0.443427, 5.99991, 6.54204, 11.9037, 11.5566, 0, 0, 0
17121, 0, 0, 12, 0.0857906, 0.0787773, 5.99728, 6.25372, 11.9142, 11.9212, 0, 0, 0
17130, 0, 0, 12, 0.0752716, -0.250809, 5.99395, 5.97117, 11.9247, 12.2508, 0, 0, 0
17140, 0, 0, 12, -0.271847, -0.278859, 5.69584, 5.92956, 12.2718, 12.2789, 0, 0, 0
17150, 0, 0, 12, -0.285872, 0.0647526, 5.66505, 6.21072, 12.2859, 11.9352, 0, 0, 0
17161, 0, 0, 12, 0.0892963, 0.43992, 5.9733, 6.54288, 11.9107, 11.5601, 0, 0, 0
17170, 0, 0, 12, 0.0752716, 0.0717649, 5.96713, 6.25127, 11.9247, 11.9282, 0, 0, 0
17180, 0, 0, 12, 0.0752716, -0.271847, 5.97227, 5.95598, 11.9247, 12.2718, 0, 0, 0
17190, 0, 0, 12, 0.0892963, 0.0752716, 5.98965, 6.24068, 11.9107, 11.9247, 0, 0, 0
17201, 0, 0, 12, 0.0787773, 0.0963087, 5.98655, 6.26419, 11.9212, 11.9037, 0, 0, 0
17210, 0, 0, 12, -0.250809, 0.0892963, 5.704, 6.26464, 12.2508, 11.9107, 0, 0, 0
17220, 0, 0, 12, 0.408364, 0.0787773, 6.26275, 6.26154, 11.5916, 11.9212, 0, 0, 0
17230, 0, 0, 12, 0.0857906, 0.0612469, 6.0088, 6.2516, 11.9142, 11.9388, 0, 0, 0
17241, 0, 0, 12, 0.0752716, -0.264834, 6.00546, 5.97091, 11.9247, 12.2648, 0, 0, 0
17251, 0, 0, 12, -0.601433, -0.261328, 5.41942, 5.95591, 12.6014, 12.2613, 0, 0, 0
17260, 0, 0, 12, -0.278859, -0.278859, 5.66021, 5.92277, 12.2789, 12.2789, 0, 0, 0
17270, 0, 0, 12, 0.0787773, 0.0752716, 5.95362, 6.21312, 11.9212, 11.9247, 0, 0, 0
17281, 0, 0, 12, 0.0787773, 0.0787773, 5.95899, 6.22132, 11.9212, 11.9212, 0, 0, 0
17291, 0, 0, 12, 0.0857906, 0.0857906, 5.97049, 6.23282, 11.9142, 11.9142, 0, 0, 0
17300, 0, 0, 12, 0.0717649, -0.261328, 5.96409, 5.93543, 11.9282, 12.2613, 0, 0, 0
17310, 0, 0, 12, -0.275352, -0.278859, 5.66574, 5.90229, 12.2754, 12.2789, 0, 0, 0
17320, 0, 0, 12, -0.264834, 0.0752716, 5.65615, 6.19264, 12.2648, 11.9247, 0, 0, 0
17331, 0, 0, 12, 0.443427, 0.43992, 6.25683, 6.51633, 11.5566, 11.5601, 0, 0, 0
17340, 0, 0, 12, 0.422389, 0.429402, 6.26869, 6.53714, 11.5776, 11.5706, 0, 0, 0
17350, 0, 0, 12, 0.0787773, -0.278859, 5.99732, 5.94769, 11.9212, 12.2789, 0, 0, 0
17360, 0, 0, 12, -0.622471, -0.271847, 5.39008, 5.9348, 12.6225, 12.2718, 0, 0, 0
17371, 0, 0, 12, -0.622471, -0.254315, 5.34763, 5.93157, 12.6225, 12.2543, 0, 0, 0
17381, 0, 0, 12, 0.0998154, 0.0892963, 5.93616, 6.21441, 11.9002, 11.9107, 0, 0, 0
17390, 0, 0, 12, 0.408364, -0.296391, 6.21252, 5.88356, 11.5916, 12.2964, 0, 0, 0
17400, 0, 0, 12, 0.0717649, 0.0717649, 5.94632, 6.18497, 11.9282, 11.9282, 0, 0, 0
17411, 0, 0, 12, -0.261328, -0.250809, 5.66022, 5.90806, 12.2613, 12.2508, 0, 0, 0
17421, 0, 0, 12, -0.601433, -0.261328, 5.34528, 5.88177, 12.6014, 12.2613, 0, 0, 0
17430, 0, 0, 12, -0.299896, 0.0612469, 5.56769, 6.14575, 12.2999, 11.9388, 0, 0, 0
17440, 0, 0, 12, 0.0857906, -0.264834, 5.88417, 5.86506, 11.9142, 12.2648, 0, 0, 0
17451, 0, 0, 12, 0.425896, 0.0752716, 6.18714, 6.14411, 11.5741, 11.9247, 0, 0, 0
17461, 0, 0, 12, -0.261328, 0.0892963, 5.61582, 6.1615, 12.2613, 11.9107, 0, 0, 0
17470, 0, 0, 12, -0.271847, 0.425896, 5.58881, 6.46164, 12.2718, 11.5741, 0, 0, 0
17480, 0, 0, 12, -0.264834, 0.0752716, 5.5764, 6.18438, 12.2648, 11.9247, 0, 0, 0
17490, 0, 0, 12, 0.418883, -0.264834, 6.15563, 5.8924, 11.5811, 12.2648, 0, 0, 0
17501, 0, 0, 12, 0.443427, 0.0963087, 6.20564, 6.18983, 11.5566, 11.9037, 0, 0, 0
17510, 0, 0, 12, -0.261328, 0.0787773, 5.62021, 6.18109, 12.2613, 11.9212, 0, 0, 0
17520, 0, 0, 12, -0.285872, 0.0717649, 5.58095, 6.18033, 12.2859, 11.9282, 0, 0, 0
17530, 0, 0, 12, -0.254315, 0.0857906, 5.58902, 6.19748, 12.2543, 11.9142, 0, 0, 0
17541, 0, 0, 12, 0.425896, -0.275352, 6.1659, 5.88784, 11.5741, 12.2754, 0, 0, 0
17551, 0, 0, 12, 0.0787773, 0.436415, 5.89171, 6.49086, 11.9212, 11.5636, 0, 0, 0
17560, 0, 0, 12, 0.0752716, 0.0647526, 5.89402, 6.19594, 11.9247, 11.9352, 0, 0, 0
17570, 0, 0, 12, -0.264834, -0.261328, 5.60204, 5.91549, 12.2648, 12.2613, 0, 0, 0
17581, 0, 0, 12, 0.0857906, 0.0787773, 5.89028, 6.19478, 11.9142, 11.9212, 0, 0, 0
17591, 0, 0, 12, 0.418883, 0.443427, 6.18712, 6.51871, 11.5811, 11.5566, 0, 0, 0
17600, 0, 0, 12, 0.0717649, 0.408364, 5.91245, 6.51832, 11.9282, 11.5916, 0, 0, 0
17610, 0, 0, 12, -0.261328, -0.261328, 5.62635, 5.96113, 12.2613, 12.2613, 0, 0, 0
17620, 0, 0, 12, 0.0963087, 0.0857906, 5.92096, 6.24655, 11.9037, 11.9142, 0, 0, 0
17631, 0, 0, 12, 0.425896, -0.264834, 6.21545, 5.9461, 11.5741, 12.2648, 0, 0, 0
17640, 0, 0, 12, 0.0717649, 0.429402, 5.93513, 6.53452, 11.9282, 11.5706, 0, 0, 0
17650, 0, 0, 12, -0.271847, 0.408364, 5.63985, 6.54543, 12.2718, 11.5916, 0, 0, 0
17660, 0, 0, 12, 0.0963087, -0.250809, 5.94293, 5.99742, 11.9037, 12.2508, 0, 0, 0
17671, 0, 0, 12, 0.0787773, -0.275352, 5.93418, 5.95888, 11.9212, 12.2754, 0, 0, 0
17680, 0, 0, 12, -0.289377, -0.264834, 5.61793, 5.94929, 12.2894, 12.2648, 0, 0, 0
17690, 0, 0, 12, 0.0787773, 0.0787773, 5.91982, 6.2314, 11.9212, 11.9212, 0, 0, 0
17700, 0, 0, 12, 0.0717649, 0.411871, 5.91906, 6.52777, 11.9282, 11.5881, 0, 0, 0
17711, 0, 0, 12, 0.0857906, 0.0717649, 5.93621, 6.25874, 11.9142, 11.9282, 0, 0, 0
17721, 0, 0, 12, 0.0998154, -0.236784, 5.95431, 5.99409, 11.9002, 12.2368, 0, 0, 0
17730, 0, 0, 12, 0.422389, 0.0612469, 6.24292, 6.2383, 11.5776, 11.9388, 0, 0, 0
17740, 0, 0, 12, -0.271847, -0.275352, 5.66524, 5.94842, 12.2718, 12.2754, 0, 0, 0
17751, 0, 0, 12, 0.0857906, 0.103321, 5.95914, 6.26045, 11.9142, 11.8967, 0, 0, 0
17761, 0, 0, 12, 0.0857906, 0.0647526, 5.96499, 6.2338, 11.9142, 11.9352, 0, 0, 0
17770, 0, 0, 12, 0.0647526, 0.0752716, 5.95246, 6.24741, 11.9352, 11.9247, 0, 0, 0
17780, 0, 0, 12, 0.0892963, -0.254315, 5.97832, 5.96462, 11.9107, 12.2543, 0, 0, 0
17790, 0, 0, 12, -0.285872, -0.296391, 5.65666, 5.91051, 12.2859, 12.2964, 0, 0, 0
17801, 0, 0, 12, -0.264834, 0.0963087, 5.65554, 6.23336, 12.2648, 11.9037, 0, 0, 0
17810, 0, 0, 12, 0.0752716, 0.0717649, 5.9346, 6.21849, 11.9247, 11.9282, 0, 0, 0
17820, 0, 0, 12, 0.443427, 0.0892963, 6.26135, 6.2387, 11.5566, 11.9107, 0, 0, 0
17830, 0, 0, 12, 0.0787773, -0.261328, 5.97303, 5.93848, 11.9212, 12.2613, 0, 0, 0
17841, 0, 0, 12, 0.0892963, 0.0752716, 5.9876, 6.21472, 11.9107, 11.9247, 0, 0, 0
17850, 0, 0, 12, -0.278859, 0.0752716, 5.67207, 6.21985, 12.2789, 11.9247, 0, 0, 0
17860, 0, 0, 12, 0.0752716, -0.261328, 5.96242, 5.93093, 11.9247, 12.2613, 0, 0, 0
17870, 0, 0, 12, 0.0717649, 0.0577402, 5.96449, 6.19184, 11.9282, 11.9423, 0, 0, 0
17881, 0, 0, 12, 0.453946, 0.453946, 6.30325, 6.54191, 11.5461, 11.5461, 0, 0, 0
17891, 0, 0, 12, 0.0857906, 0.0857906, 6.01259, 6.25125, 11.9142, 11.9142, 0, 0, 0
17900, 0, 0, 12, 0.0752716, 0.0752716, 6.00925, 6.24791, 11.9247, 11.9247, 0, 0, 0
17910, 0, 0, 12, -0.278859, -0.278859, 5.70502, 5.94367, 12.2789, 12.2789, 0, 0, 0
17921, 0, 0, 12, 0.0647526, 0.0752716, 5.98618, 6.23402, 11.9352, 11.9247, 0, 0, 0
17931, 0, 0, 12, 0.0857906, 0.0752716, 6.00898, 6.23916, 11.9142, 11.9247, 0, 0, 0
17940, 0, 0, 12, 0.0892963, 0.110334, 6.01789, 6.27492, 11.9107, 11.8897, 0, 0, 0
17950, 0, 0, 12, 0.0787773, 0.0577402, 6.01479, 6.2365, 11.9212, 11.9423, 0, 0, 0
17960, 0, 0, 12, 0.0647526, 0.0787773, 6.00791, 6.25882, 11.9352, 11.9212, 0, 0, 0
17971, 0, 0, 12, -0.247303, 0.0892963, 5.73971, 6.27338, 12.2473, 11.9107, 0, 0, 0
17980, 0, 0, 12, -0.289377, -0.271847, 5.68609, 5.96397, 12.2894, 12.2718, 0, 0, 0
17990, 0, 0, 12, 0.0892963, 0.0752716, 5.99717, 6.24868, 11.9107, 11.9247, 0, 0, 0
18000, 0, 0, 12, 0.0752716, 0.0717649, 5.991, 6.25075, 11.9247, 11.9282, 0, 0, 0
18011, 0, 0, 12, 0.0787773, 0.0963087, 5.9992, 6.27708, 11.9212, 11.9037, 0, 0, 0
18021, 0, 0, 12, 0.0892963, 0.0787773, 6.01376, 6.26833, 11.9107, 11.9212, 0, 0, 0
18030, 0, 0, 12, 0.425896, 0.0752716, 6.31391, 6.27064, 11.5741, 11.9247, 0, 0, 0
18040, 0, 0, 12, -0.275352, 0.0717649, 5.73034, 6.27271, 12.2754, 11.9282, 0, 0, 0
18051, 0, 0, 12, -0.261328, -0.254315, 5.72381, 5.99274, 12.2613, 12.2543, 0, 0, 0
18061, 0, 0, 12, 0.0857906, 0.0787773, 6.00923, 6.26639, 11.9142, 11.9212, 0, 0, 0
18070, 0, 0, 12, 0.418883, 0.0857906, 6.30607, 6.27789, 11.5811, 11.9142, 0, 0, 0
18080, 0, 0, 12, 0.0787773, 0.0752716, 6.03753, 6.27455, 11.9212, 11.9247, 0, 0, 0
18091, 0, 0, 12, -0.261328, 0.0787773, 5.74578, 6.28275, 12.2613, 11.9212, 0, 0, 0
18101, 0, 0, 12, -0.278859, 0.0647526, 5.71264, 6.27587, 12.2789, 11.9352, 0, 0, 0
18110, 0, 0, 12, 0.0752716, -0.254315, 6.003, 6.00155, 11.9247, 12.2543, 0, 0, 0
18120, 0, 0, 12, 0.43992, 0.0857906, 6.32669, 6.28132, 11.5601, 11.9142, 0, 0, 0
18130, 0, 0, 12, 0.0752716, 0.418883, 6.03813, 6.57816, 11.9247, 11.5811, 0, 0, 0
18141, 0, 0, 12, -0.271847, 0.0752716, 5.74002, 6.30655, 12.2718, 11.9247, 0, 0, 0
18150, 0, 0, 12, 0.0787773, -0.247303, 6.02779, 6.02988, 11.9212, 12.2473, 0, 0, 0
18160, 0, 0, 12, -0.271847, -0.296391, 5.72685, 5.97013, 12.2718, 12.2964, 0, 0, 0
18170, 0, 0, 12, 0.0787773, 0.0787773, 6.01462, 6.27766, 11.9212, 11.9212, 0, 0, 0
18181, 0, 0, 12, 0.0963087, 0.0963087, 6.03531, 6.29835, 11.9037, 11.9037, 0, 0, 0
18191, 0, 0, 12, 0.0892963, 0.43992, 6.03575, 6.6051, 11.9107, 11.5601, 0, 0, 0
18200, 0, 0, 12, -0.296391, -0.289377, 5.7049, 5.99799, 12.2964, 12.2894, 0, 0, 0
18210, 0, 0, 12, -0.264834, -0.254315, 5.71226, 6.00888, 12.2648, 12.2543, 0, 0, 0
18221, 0, 0, 12, 0.0963087, 0.0787773, 6.00969, 6.28253, 11.9037, 11.9212, 0, 0, 0
18231, 0, 0, 12, 0.0857906, -0.264834, 6.00707, 5.98772, 11.9142, 12.2648, 0, 0, 0
18240, 0, 0, 12, 0.0647526, 0.0787773, 5.99454, 6.26984, 11.9352, 11.9212, 0, 0, 0
18250, 0, 0, 12, 0.0752716, 0.422389, 6.00815, 6.57539, 11.9247, 11.5776, 0, 0, 0
18260, 0, 0, 12, 0.0963087, 0.0857906, 6.03166, 6.31014, 11.9037, 11.9142, 0, 0, 0
18271, 0, 0, 12, 0.0647526, -0.278859, 6.01066, 5.99744, 11.9352, 12.2789, 0, 0, 0
18280, 0, 0, 12, -0.278859, -0.261328, 5.7149, 5.99374, 12.2789, 12.2613, 0, 0, 0
18290, 0, 0, 12, 0.0892963, 0.0787773, 6.0175, 6.27303, 11.9107, 11.9212, 0, 0, 0
18300, 0, 0, 12, 0.0963087, 0.0963087, 6.02972, 6.29372, 11.9037, 11.9037, 0, 0, 0
18311, 0, 0, 12, 0.0647526, -0.285872, 6.00872, 5.96641, 11.9352, 12.2859, 0, 0, 0
18320, 0, 0, 12, 0.0717649, 0.0787773, 6.01926, 6.26547, 11.9282, 11.9212, 0, 0, 0
18330, 0, 0, 12, 0.0752716, 0.0647526, 6.02722, 6.25859, 11.9247, 11.9352, 0, 0, 0
18340, 0, 0, 12, -0.247303, -0.254315, 5.75055, 5.98427, 12.2473, 12.2543, 0, 0, 0
18351, 0, 0, 12, 0.0787773, -0.271847, 6.01855, 5.95161, 11.9212, 12.2718, 0, 0, 0
18361, 0, 0, 12, -0.285872, 0.0647526, 5.70536, 6.22713, 12.2859, 11.9352, 0, 0, 0
18370, 0, 0, 12, 0.0752716, 0.0857906, 6.00136, 6.24992, 11.9247, 11.9142, 0, 0, 0
18380, 0, 0, 12, 0.0787773, -0.250809, 6.00956, 5.96172, 11.9212, 12.2508, 0, 0, 0
18391, 0, 0, 12, -0.247303, 0.0717649, 5.73006, 6.22641, 12.2473, 11.9282, 0, 0, 0
18401, 0, 0, 12, 0.0857906, -0.261328, 6.00419, 5.94032, 11.9142, 12.2613, 0, 0, 0
18410, 0, 0, 12, -0.299896, 0.0577402, 5.6731, 6.20123, 12.2999, 11.9423, 0, 0, 0
18420, 0, 0, 12, 0.0752716, 0.0647526, 5.9804, 6.2113, 11.9247, 11.9352, 0, 0, 0
18430, 0, 0, 12, 0.0787773, 0.0787773, 5.98859, 6.22797, 11.9212, 11.9212, 0, 0, 0
18441, 0, 0, 12, 0.0892963, -0.247303, 6.00316, 5.94847, 11.9107, 12.2473, 0, 0, 0
18450, 0, 0, 12, 0.0857906, 0.0963087, 6.00618, 6.23179, 11.9142, 11.9037, 0, 0, 0
18460, 0, 0, 12, -0.289377, -0.310415, 5.68429, 5.88304, 12.2894, 12.3104, 0, 0, 0
18470, 0, 0, 12, -0.601433, -0.240291, 5.39194, 5.92313, 12.6014, 12.2403, 0, 0, 0
18481, 0, 0, 12, 0.0963087, 0.0787773, 5.96047, 6.18548, 11.9037, 11.9212, 0, 0, 0
18490, 0, 0, 12, 0.0787773, 0.0787773, 5.95172, 6.19086, 11.9212, 11.9212, 0, 0, 0
18500, 0, 0, 12, 0.418883, 0.0857906, 6.25421, 6.20235, 11.5811, 11.9142, 0, 0, 0
18510, 0, 0, 12, -0.264834, 0.0717649, 5.68548, 6.19595, 12.2648, 11.9282, 0, 0, 0
18521, 0, 0, 12, -0.275352, 0.0717649, 5.65823, 6.20085, 12.2754, 11.9282, 0, 0, 0
18531, 0, 0, 12, 0.0857906, -0.261328, 5.95495, 5.91475, 11.9142, 12.2613, 0, 0, 0
18540, 0, 0, 12, 0.425896, 0.0752716, 6.25792, 6.19098, 11.5741, 11.9247, 0, 0, 0
18550, 0, 0, 12, 0.0612469, 0.0612469, 5.9684, 6.18386, 11.9388, 11.9388, 0, 0, 0
18561, 0, 0, 12, -0.261328, 0.0892963, 5.69078, 6.21254, 12.2613, 11.9107, 0, 0, 0
18571, 0, 0, 12, 0.0787773, 0.0892963, 5.97007, 6.21863, 11.9212, 11.9107, 0, 0, 0
18580, 0, 0, 12, 0.0787773, -0.254315, 5.97545, 5.92455, 11.9212, 12.2543, 0, 0, 0
18590, 0, 0, 12, -0.247303, 0.0752716, 5.69596, 6.19513, 12.2473, 11.9247, 0, 0, 0
18600, 0, 0, 12, -0.285872, 0.0647526, 5.6454, 6.19107, 12.2859, 11.9352, 0, 0, 0
18611, 0, 0, 12, 0.0752716, 0.0892963, 5.94139, 6.21693, 11.9247, 11.9107, 0, 0, 0
18620, 0, 0, 12, 0.0857906, 0.0787773, 5.95572, 6.21383, 11.9142, 11.9212, 0, 0, 0
18630, 0, 0, 12, 0.429402, 0.0752716, 6.26175, 6.21614, 11.5706, 11.9247, 0, 0, 0
18640, 0, 0, 12, -0.275352, -0.275352, 5.67536, 5.91497, 12.2754, 12.2754, 0, 0, 0
18651, 0, 0, 12, -0.261328, 0.43992, 5.66883, 6.52105, 12.2613, 11.5601, 0, 0, 0
18661, 0, 0, 12, 0.0963087, 0.0892963, 5.96344, 6.24475, 11.9037, 11.9107, 0, 0, 0
18670, 0, 0, 12, 0.411871, 0.0752716, 6.24568, 6.23859, 11.5881, 11.9247, 0, 0, 0
18680, 0, 0, 12, 0.0752716, 0.0647526, 5.97972, 6.23453, 11.9247, 11.9352, 0, 0, 0
18691, 0, 0, 12, -0.250809, 0.0963087, 5.69999, 6.26651, 12.2508, 11.9037, 0, 0, 0
18701, 0, 0, 12, 0.0857906, 0.0892963, 5.97694, 6.26696, 11.9142, 11.9107, 0, 0, 0
18710, 0, 0, 12, 0.0752716, 0.0717649, 5.9736, 6.25773, 11.9247, 11.9282, 0, 0, 0
18720, 0, 0, 12, 0.0752716, -0.271847, 5.97873, 5.96245, 11.9247, 12.2718, 0, 0, 0
18731, 0, 0, 12, -0.296391, 0.0577402, 5.65918, 6.23183, 12.2964, 11.9423, 0, 0, 0
18741, 0, 0, 12, -0.250809, 0.0998154, 5.67879, 6.27253, 12.2508, 11.9002, 0, 0, 0
18750, 0, 0, 12, 0.418883, -0.254315, 6.24673, 5.96997, 11.5811, 12.2543, 0, 0, 0
18760, 0, 0, 12, 0.0752716, 0.0647526, 5.97512, 6.23136, 11.9247, 11.9352, 0, 0, 0
18770, 0, 0, 12, 0.0787773, 0.0787773, 5.98331, 6.24803, 11.9212, 11.9212, 0, 0, 0
18781, 0, 0, 12, 0.0963087, 0.436415, 6.004, 6.56583, 11.9037, 11.5636, 0, 0, 0
18790, 0, 0, 12, 0.0787773, 0.0717649, 5.99525, 6.27704, 11.9212, 11.9282, 0, 0, 0
18800, 0, 0, 12, 0.429402, 0.0752716, 6.30693, 6.285, 11.5706, 11.9247, 0, 0, 0
18810, 0, 0, 12, 0.0892963, 0.0963087, 6.0391, 6.30851, 11.9107, 11.9037, 0, 0, 0
18821, 0, 0, 12, 0.0647526, 0.0647526, 6.02375, 6.28751, 11.9352, 11.9352, 0, 0, 0
18831, 0, 0, 12, 0.0752716, -0.264834, 6.03735, 6.004, 11.9247, 12.2648, 0, 0, 0
18840, 0, 0, 12, -0.261328, 0.0892963, 5.74843, 6.2953, 12.2613, 11.9107, 0, 0, 0
18850, 0, 0, 12, -0.264834, -0.275352, 5.72755, 5.98284, 12.2648, 12.2754, 0, 0, 0
18861, 0, 0, 12, 0.0752716, 0.0717649, 6.0066, 6.2673, 11.9247, 11.9282, 0, 0, 0
18871, 0, 0, 12, 0.0857906, 0.0892963, 6.02093, 6.28751, 11.9142, 11.9107, 0, 0, 0
18880, 0, 0, 12, -0.289377, 0.0612469, 5.69903, 6.2691, 12.2894, 11.9388, 0, 0, 0
18890, 0, 0, 12, 0.429402, 0.0787773, 6.30722, 6.28859, 11.5706, 11.9212, 0, 0, 0
18900, 0, 0, 12, 0.0963087, -0.247303, 6.04552, 6.0091, 11.9037, 12.2473, 0, 0, 0
18911, 0, 0, 12, -0.275352, 0.0752716, 5.7274, 6.27403, 12.2754, 11.9247, 0, 0, 0
18920, 0, 0, 12, 0.0787773, 0.0752716, 6.01799, 6.27917, 11.9212, 11.9247, 0, 0, 0
18930, 0, 0, 12, 0.0787773, 0.0717649, 6.02336, 6.28124, 11.9212, 11.9282, 0, 0, 0
18940, 0, 0, 12, 0.0857906, -0.261328, 6.03486, 5.99514, 11.9142, 12.2613, 0, 0, 0
18951, 0, 0, 12, 0.450439, 0.0998154, 6.35927, 6.29281, 11.5496, 11.9002, 0, 0, 0
18960, 0, 0, 12, -0.299896, 0.411871, 5.7345, 6.57223, 12.2999, 11.5881, 0, 0, 0
18970, 0, 0, 12, -0.264834, -0.275352, 5.74467, 5.99996, 12.2648, 12.2754, 0, 0, 0
18980, 0, 0, 12, 0.0892963, -0.261328, 6.03598, 5.99344, 11.9107, 12.2613, 0, 0, 0
18991, 0, 0, 12, 0.0752716, -0.278859, 6.02982, 5.9603, 11.9247, 12.2789, 0, 0, 0
19001, 0, 0, 12, -0.264834, 0.0892963, 5.73783, 6.2629, 12.2648, 11.9107, 0, 0, 0
19010, 0, 0, 12, 0.0717649, 0.0857906, 6.01383, 6.26593, 11.9282, 11.9142, 0, 0, 0
19020, 0, 0, 12, -0.271847, 0.0612469, 5.71854, 6.25034, 12.2718, 11.9388, 0, 0, 0
19031, 0, 0, 12, 0.422389, -0.250809, 6.30649, 5.9819, 11.5776, 12.2508, 0, 0, 0
19041, 0, 0, 12, -0.240291, 0.0857906, 5.75638, 6.25885, 12.2403, 11.9142, 0, 0, 0
19050, 0, 0, 12, -0.289377, -0.285872, 5.69711, 5.94002, 12.2894, 12.2859, 0, 0, 0
19060, 0, 0, 12, -0.264834, 0.0752716, 5.69881, 6.23601, 12.2648, 11.9247, 0, 0, 0
19070, 0, 0, 12, 0.0752716, 0.0752716, 5.97787, 6.24115, 11.9247, 11.9247, 0, 0, 0
19081, 0, 0, 12, 0.425896, 0.0963087, 6.28931, 6.26466, 11.5741, 11.9037, 0, 0, 0
19090, 0, 0, 12, 0.0752716, 0.0752716, 6.01205, 6.25285, 11.9247, 11.9247, 0, 0, 0
19100, 0, 0, 12, 0.0857906, 0.0787773, 6.02637, 6.26105, 11.9142, 11.9212, 0, 0, 0
19110, 0, 0, 12, 0.0857906, 0.0857906, 6.03222, 6.27255, 11.9142, 11.9142, 0, 0, 0
19121, 0, 0, 12, 0.0717649, 0.0717649, 6.02582, 6.26614, 11.9282, 11.9282, 0, 0, 0
19130, 0, 0, 12, -0.250809, 0.0892963, 5.74891, 6.28635, 12.2508, 11.9107, 0, 0, 0
19140, 0, 0, 12, 0.0752716, 0.0717649, 6.01667, 6.27713, 11.9247, 11.9282, 0, 0, 0
19150, 0, 0, 12, 0.429402, 0.0963087, 6.33117, 6.30346, 11.5706, 11.9037, 0, 0, 0
19161, 0, 0, 12, 0.0717649, 0.411871, 6.04803, 6.58571, 11.9282, 11.5881, 0, 0, 0
19171, 0, 0, 12, 0.0998154, 0.0963087, 6.07743, 6.33812, 11.9002, 11.9037, 0, 0, 0
19180, 0, 0, 12, 0.0577402, 0.0717649, 6.04748, 6.32325, 11.9423, 11.9282, 0, 0, 0
19190, 0, 0, 12, 0.425896, 0.418883, 6.37303, 6.63138, 11.5741, 11.5811, 0, 0, 0
19201, 0, 0, 12, -0.254315, -0.254315, 5.80785, 6.07185, 12.2543, 12.2543, 0, 0, 0
19211, 0, 0, 12, 0.103321, -0.247303, 6.10293, 6.06063, 11.8967, 12.2473, 0, 0, 0
19220, 0, 0, 12, 0.0437155, 0.0612469, 6.05791, 6.31331, 11.9563, 11.9388, 0, 0, 0
19230, 0, 0, 12, -0.250809, 0.0752716, 5.80359, 6.32974, 12.2508, 11.9247, 0, 0, 0
19240, 0, 0, 12, -0.285872, 0.0717649, 5.75586, 6.33181, 12.2859, 11.9282, 0, 0, 0
19251, 0, 0, 12, 0.436415, -0.254315, 6.36735, 6.05184, 11.5636, 12.2543, 0, 0, 0
19260, 0, 0, 12, 0.0963087, -0.261328, 6.1, 6.02837, 11.9037, 12.2613, 0, 0, 0
19270, 0, 0, 12, -0.289377, 0.0647526, 5.76963, 6.29541, 12.2894, 11.9352, 0, 0, 0
19280, 0, 0, 12, -0.604939, 0.0787773, 5.47422, 6.31208, 12.6049, 11.9212, 0, 0, 0
19291, 0, 0, 12, 0.425896, 0.0787773, 6.3335, 6.31745, 11.5741, 11.9212, 0, 0, 0
19300, 0, 0, 12, 0.77652, 0.436415, 6.66885, 6.63526, 11.2235, 11.5636, 0, 0, 0
19310, 0, 0, 12, 0.425896, 0.418883, 6.41551, 6.64971, 11.5741, 11.5811, 0, 0, 0
19320, 0, 0, 12, 0.0787773, 0.0892963, 6.14131, 6.39035, 11.9212, 11.9107, 0, 0, 0
19331, 0, 0, 12, -0.261328, -0.261328, 5.84957, 6.09013, 12.2613, 12.2613, 0, 0, 0
19341, 0, 0, 12, -0.271847, -0.285872, 5.82255, 6.05087, 12.2718, 12.2859, 0, 0, 0
19350, 0, 0, 12, 0.0717649, -0.264834, 6.10419, 6.04975, 11.9282, 12.2648, 0, 0, 0
19360, 0, 0, 12, 0.436415, 0.0752716, 6.42765, 6.3288, 11.5636, 11.9247, 0, 0, 0
19371, 0, 0, 12, -0.264834, -0.264834, 5.8448, 6.03682, 12.2648, 12.2648, 0, 0, 0
19381, 0, 0, 12, -0.261328, 0.0857906, 5.8298, 6.32506, 12.2613, 11.9142, 0, 0, 0
19390, 0, 0, 12, -0.278859, -0.271847, 5.79666, 6.01848, 12.2789, 12.2718, 0, 0, 0
19400, 0, 0, 12, 0.429402, 0.0752716, 6.39638, 6.30319, 11.5706, 11.9247, 0, 0, 0
19410, 0, 0, 12, 0.422389, 0.0963087, 6.41954, 6.3267, 11.5776, 11.9037, 0, 0, 0
19421, 0, 0, 12, 0.0892963, 0.425896, 6.15736, 6.62119, 11.9107, 11.5741, 0, 0, 0
19430, 0, 0, 12, 0.0752716, 0.0787773, 6.15119, 6.347, 11.9247, 11.9212, 0, 0, 0
19440, 0, 0, 12, 0.0752716, -0.271847, 6.15633, 6.04606, 11.9247, 12.2718, 0, 0, 0
19450, 0, 0, 12, -0.250809, -0.275352, 5.8766, 6.02446, 12.2508, 12.2754, 0, 0, 0
19461, 0, 0, 12, 0.0857906, 0.0857906, 6.15355, 6.32118, 11.9142, 11.9142, 0, 0, 0
19471, 0, 0, 12, 0.0857906, 0.43992, 6.1594, 6.6364, 11.9142, 11.5601, 0, 0, 0
19480, 0, 0, 12, 0.397846, 0.408364, 6.43786, 6.63883, 11.6022, 11.5916, 0, 0, 0
19490, 0, 0, 12, 0.0787773, -0.271847, 6.18625, 6.07245, 11.9212, 12.2718, 0, 0, 0
19501, 0, 0, 12, -0.247303, -0.254315, 5.90676, 6.06923, 12.2473, 12.2543, 0, 0, 0
19511, 0, 0, 12, -0.275352, 0.0752716, 5.86539, 6.33981, 12.2754, 11.9247, 0, 0, 0
19520, 0, 0, 12, 0.0752716, 0.0717649, 6.15292, 6.34188, 11.9247, 11.9282, 0, 0, 0
19530, 0, 0, 12, 0.0857906, 0.436415, 6.16724, 6.66533, 11.9142, 11.5636, 0, 0, 0
19540, 0, 0, 12, 0.0717649, 0.0857906, 6.16084, 6.38879, 11.9282, 11.9142, 0, 0, 0
19551, 0, 0, 12, 0.453946, 0.0892963, 6.49961, 6.3977, 11.5461, 11.9107, 0, 0, 0
19560, 0, 0, 12, 0.0752716, 0.0857906, 6.19976, 6.40073, 11.9247, 11.9142, 0, 0, 0
19570, 0, 0, 12, -0.285872, 0.0717649, 5.8894, 6.39433, 12.2859, 11.9282, 0, 0, 0
19580, 0, 0, 12, -0.254315, 0.0857906, 5.89747, 6.41147, 12.2543, 11.9142, 0, 0, 0
19591, 0, 0, 12, 0.422389, -0.271847, 6.47129, 6.10489, 11.5776, 12.2718, 0, 0, 0
19600, 0, 0, 12, 0.0717649, 0.0647526, 6.19379, 6.38041, 11.9282, 11.9352, 0, 0, 0
19610, 0, 0, 12, 0.0752716, 0.0787773, 6.20175, 6.39708, 11.9247, 11.9212, 0, 0, 0
19620, 0, 0, 12, 0.0857906, -0.264834, 6.21607, 6.10227, 11.9142, 12.2648, 0, 0, 0
19631, 0, 0, 12, 0.0892963, 0.0892963, 6.22499, 6.39358, 11.9107, 11.9107, 0, 0, 0
19641, 0, 0, 12, -0.254315, 0.0787773, 5.9309, 6.39048, 12.2543, 11.9212, 0, 0, 0
19650, 0, 0, 12, -0.289377, -0.285872, 5.88292, 6.07729, 12.2894, 12.2859, 0, 0, 0
19660, 0, 0, 12, -0.264834, -0.254315, 5.88463, 6.08536, 12.2648, 12.2543, 0, 0, 0
19671, 0, 0, 12, -0.271847, 0.0647526, 5.86044, 6.34676, 12.2718, 11.9352, 0, 0, 0
19681, 0, 0, 12, 0.0857906, 0.0857906, 6.15433, 6.36955, 11.9142, 11.9142, 0, 0, 0
19690, 0, 0, 12, 0.422389, 0.0892963, 6.45424, 6.37846, 11.5776, 11.9107, 0, 0, 0
19700, 0, 0, 12, 0.0857906, 0.0787773, 6.18899, 6.37537, 11.9142, 11.9212, 0, 0, 0
19710, 0, 0, 12, -0.271847, 0.0647526, 5.88241, 6.36849, 12.2718, 11.9352, 0, 0, 0
19721, 0, 0, 12, 0.0857906, -0.261328, 6.1763, 6.08804, 11.9142, 12.2613, 0, 0, 0
19730, 0, 0, 12, 0.0577402, 0.0612469, 6.15765, 6.35202, 11.9423, 11.9388, 0, 0, 0
19740, 0, 0, 12, 0.43992, 0.436415, 6.49546, 6.68394, 11.5601, 11.5636, 0, 0, 0
19750, 0, 0, 12, 0.0857906, 0.0998154, 6.21609, 6.41965, 11.9142, 11.9002, 0, 0, 0
19761, 0, 0, 12, 0.0892963, 0.0717649, 6.22501, 6.40195, 11.9107, 11.9282, 0, 0, 0
19770, 0, 0, 12, -0.278859, -0.264834, 5.90948, 6.11279, 12.2789, 12.2648, 0, 0, 0
19780, 0, 0, 12, 0.0717649, -0.264834, 6.19676, 6.09473, 11.9282, 12.2648, 0, 0, 0
19790, 0, 0, 12, 0.0787773, 0.404859, 6.20778, 6.66172, 11.9212, 11.5951, 0, 0, 0
19801, 0, 0, 12, 0.453946, 0.457452, 6.5409, 6.73527, 11.5461, 11.5425, 0, 0, 0
19811, 0, 0, 12, 0.0998154, 0.0963087, 6.26249, 6.45098, 11.9002, 11.9037, 0, 0, 0
19820, 0, 0, 12, 0.0577402, -0.296391, 6.23254, 6.11448, 11.9423, 12.2964, 0, 0, 0
19830, 0, 0, 12, -0.278859, -0.264834, 5.94243, 6.12184, 12.2789, 12.2648, 0, 0, 0
19841, 0, 0, 12, 0.0857906, 0.0857906, 6.24197, 6.41008, 11.9142, 11.9142, 0, 0, 0
19851, 0, 0, 12, 0.429402, 0.422389, 6.548, 6.70998, 11.5706, 11.5776, 0, 0, 0
19860, 0, 0, 12, 0.429402, 0.443427, 6.57729, 6.75717, 11.5706, 11.5566, 0, 0, 0
19870, 0, 0, 12, 0.429402, 0.0752716, 6.60657, 6.46579, 11.5706, 11.9247, 0, 0, 0
19880, 0, 0, 12, 0.0892963, 0.0787773, 6.33874, 6.47399, 11.9107, 11.9212, 0, 0, 0
19891, 0, 0, 12, -0.285872, -0.275352, 6.01708, 6.16999, 12.2859, 12.2754, 0, 0, 0
19900, 0, 0, 12, -0.254315, 0.0892963, 6.02515, 6.46977, 12.2543, 11.9107, 0, 0, 0
19910, 0, 0, 12, 0.0752716, 0.418883, 6.29574, 6.76379, 11.9247, 11.5811, 0, 0, 0
19920, 0, 0, 12, 0.411871, 0.0752716, 6.59492, 6.49217, 11.5881, 11.9247, 0, 0, 0
19931, 0, 0, 12, 0.450439, 0.0892963, 6.65671, 6.50956, 11.5496, 11.9107, 0, 0, 0
19941, 0, 0, 12, 0.0752716, 0.0752716, 6.35968, 6.5034, 11.9247, 11.9247, 0, 0, 0
19950, 0, 0, 12, -0.271847, 0.0752716, 6.06157, 6.50853, 12.2718, 11.9247, 0, 0, 0
19960, 0, 0, 12, -0.271847, -0.264834, 6.04303, 6.21655, 12.2718, 12.2648, 0, 0, 0
19971, 0, 0, 12, 0.418883, -0.271847, 6.62791, 6.19236, 11.5811, 12.2718, 0, 0, 0
19981, 0, 0, 12, 0.443427, 0.0892963, 6.67792, 6.48932, 11.5566, 11.9107, 0, 0, 0
19990, 0, 0, 12, 0.0752716, 0.418883, 6.38654, 6.78333, 11.9247, 11.5811, 0, 0, 0
20000, 0, 0, 12, 0.0963087, 0.43992, 6.41005, 6.83028, 11.9037, 11.5601, 0, 0, 0
20011, 0, 0, 12, 0.0752716, 0.0787773, 6.39824, 6.54479, 11.9247, 11.9212, 0, 0, 0
20021, 0, 0, 12, 0.425896, -0.604939, 6.70968, 5.95286, 11.5741, 12.6049, 0, 0, 0
20030, 0, 0, 12, 0.436415, -0.275352, 6.74792, 6.19953, 11.5636, 12.2754, 0, 0, 0
20040, 0, 0, 12, 0.0857906, 0.422389, 6.47138, 6.7903, 11.9142, 11.5776, 0, 0, 0
20050, 0, 0, 12, -0.296391, 0.408364, 6.14335, 6.80686, 12.2964, 11.5916, 0, 0, 0
20061, 0, 0, 12, 0.443427, 0.0998154, 6.76944, 6.56516, 11.5566, 11.9002, 0, 0, 0
20070, 0, 0, 12, 0.769507, -0.264834, 7.08455, 6.25341, 11.2305, 12.2648, 0, 0, 0
20080, 0, 0, 12, 0.443427, 0.0717649, 6.85217, 6.5294, 11.5566, 11.9282, 0, 0, 0
20090, 0, 0, 12, 0.0717649, 0.422389, 6.55772, 6.8406, 11.9282, 11.5776, 0, 0, 0
20101, 0, 0, 12, -0.254315, 0.450439, 6.27776, 6.89391, 12.2543, 11.5496, 0, 0, 0
20111, 0, 0, 12, 0.0963087, 0.0892963, 6.56672, 6.60914, 11.9037, 11.9107, 0, 0, 0
20120, 0, 0, 12, 0.397846, -0.303403, 6.83671, 6.27217, 11.6022, 12.3034, 0, 0, 0
20130, 0, 0, 12, 0.780026, -0.254315, 7.19771, 6.29436, 11.22, 12.2543, 0, 0, 0
20141, 0, 0, 12, 0.780026, 0.0892963, 7.25091, 6.57719, 11.22, 11.9107, 0, 0, 0
20151, 0, 0, 12, -0.240291, 0.43992, 6.41276, 6.88959, 12.2403, 11.5601, 0, 0, 0
20160, 0, 0, 12, 0.0612469, 0.429402, 6.6598, 6.9104, 11.9388, 11.5706, 0, 0, 0
20170, 0, 0, 12, 0.0787773, 0.0577402, 6.67929, 6.615, 11.9212, 11.9423, 0, 0, 0
20180, 0, 0, 12, 0.418883, -0.615458, 6.98178, 6.03083, 11.5811, 12.6155, 0, 0, 0
20191, 0, 0, 12, 0.80457, -0.250809, 7.34728, 6.30742, 11.1954, 12.2508, 0, 0, 0
20200, 0, 0, 12, 0.80457, -0.250809, 7.34728, 6.30742, 11.5601, 11.5636, 0, 0, 0
20210, 0, 0, 12, 0.80457, -0.250809, 7.34728, 6.30742, 11.6302, 11.2585, 0, 0, 0
20220, 0, 0, 12, 0.80457, -0.250809, 7.34728, 6.30742, 7.00547, 6.31825, 0, 0, 0
20231, 0, 0, 12, 0.80457, -0.250809, 7.34728, 6.30742, 2.10374, 2.10374, 0, 0, 0
20240, 0, 0, 12, 0.80457, -0.250809, 7.34728, 6.30742, 1.05187, 0.697742, 0, 0, 0
20250, 0, 0, 12, 0.80457, -0.250809, 7.34728, 6.30742, 0.350624, 0.701248, 0, 0, 0
20260, 0, 0, 12, 0.80457, -0.250809, 7.34728, 6.30742, 0, 0.350624, 0, 0, 0
20271, 0, 0, 12, 0.80457, -0.250809, 7.34728, 6.30742, -0.350624, 0, 0, 0, 0
20280, 0, 0, 12, 0.80457, -0.250809, 7.34728, 6.30742, -1.04837, 0, 0, 0, 0
20290, 0, 0, 12, 0.80457, -0.250809, 7.34728, 6.30742, -0.701248, 0, 0, 0, 0
20300, 0, 0, 12, 0.80457, -0.250809, 7.34728, 6.30742, -1.04837, -0.697742, 0, 0, 0
20311, 0, 0, 12, 0.80457, -0.250809, 7.34728, 6.30742, -1.4025, -1.05187, 0, 0, 0
20320, 0, 0, 12, 0.80457, -0.250809, 7.34728, 6.30742, -1.04837, -0.697742, 0, 0, 0
20330, 0, 0, 12, 0.80457, -0.250809, 7.34728, 6.30742, -1.4025, -1.05187, 0, 0, 0
20340, 0, 0, 12, 0.80457, -0.250809, 7.34728, 6.30742, -1.05187, -1.05187, 0, 0, 0
20350, 0, 0, 12, 0.80457, -0.250809, 7.34728, 6.30742, -0.701248, -1.05187, 0, 0, 0
20360, 0, 0, 12, 0.80457, -0.250809, 7.34728, 6.30742, -1.04837, -0.697742, 0, 0, 0
20370, 0, 0, 12, 0.80457, -0.250809, 7.34728, 6.30742, -1.05187, -1.05187, 0, 0, 0
20380, 0, 0, 12, 0.80457, -0.250809, 7.34728, 6.30742, -0.697742, -0.701248, 0, 0, 0
20390, 0, 0, 12, 0.80457, -0.250809, 7.34728, 6.30742, -0.701248, -0.697742, 0, 0, 0
20401, 0, 0, 12, 0.80457, -0.250809, 7.34728, 6.30742, -1.05187, -0.701248, 0, 0, 0
20410, 0, 0, 12, 0.80457, -0.250809, 7.34728, 6.30742, -1.04837, -1.04837, 0, 0, 0
20420, 0, 0, 12, 0.80457, -0.250809, 7.34728, 6.30742, -0.701248, -0.701248, 0, 0, 0
20430, 0, 0, 12, 0.80457, -0.250809, 7.34728, 6.30742, -0.701248, -0.701248, 0, 0, 0
20441, 0, 0, 12, 0.80457, -0.250809, 7.34728, 6.30742, -1.04837, -1.04837, 0, 0, 0
20450, 0, 0, 12, 0.80457, -0.250809, 7.34728, 6.30742, -1.04837, -0.697742, 0, 0, 0
20460, 0, 0, 12, 0.80457, -0.250809, 7.34728, 6.30742, -1.05187, -0.701248, 0, 0, 0
20470, 0, 0, 12, 0.80457, -0.250809, 7.34728, 6.30742, -1.05187, -1.05187, 0, 0, 0
20481, 0, 0, 12, 0.80457, -0.250809, 7.34728, 6.30742, -1.05187, -1.05187, 0, 0, 0
20490, 0, 0, 12, 0.80457, -0.250809, 7.34728, 6.30742, -1.04837, -1.04837, 0, 0, 0
20500, 0, 0, 12, 0.80457, -0.250809, 7.34728, 6.30742, -1.05187, -1.05187, 0, 0, 0
20510, 0, 0, 12, 0.80457, -0.250809, 7.34728, 6.30742, -1.4025, -1.05187, 0, 0, 0
20520, 0, 0, 12, 0.80457, -0.250809, 7.34728, 6.30742, -1.05187, -1.05187, 0, 0, 0
20531, 0, 0, 12, 0.80457, -0.250809, 7.34728, 6.30742, -1.04837, -1.04837, 0, 0, 0
20540, 0, 0, 12, 0.80457, -0.250809, 7.34728, 6.30742, -1.4025, -1.05187, 0, 0, 0
20550, 0, 0, 12, 0.80457, -0.250809, 7.34728, 6.30742, -1.04837, -1.04837, 0, 0, 0
20560, 0, 0, 12, 0.80457, -0.250809, 7.34728, 6.30742, -1.4025, -1.05187, 0, 0, 0
20571, 0, 0, 12, 0.80457, -0.250809, 7.34728, 6.30742, -1.04837, -1.04837, 0, 0, 0
20580, 0, 0, 12, 0.80457, -0.250809, 7.34728, 6.30742, -1.05187, -1.05187, 0, 0, 0
20590, 0, 0, 12, 0.80457, -0.250809, 7.34728, 6.30742, -1.39899, -0.697742, 0, 0, 0
20600, 0, 0, 12, 0.80457, -0.250809, 7.34728, 6.30742, -1.05187, -1.05187, 0, 0, 0
20611, 0, 0, 12, 0.80457, -0.250809, 7.34728, 6.30742, -1.04837, -1.04837, 0, 0, 0
20620, 0, 0, 12, 0.80457, -0.250809, 7.34728, 6.30742, -1.05187, -1.05187, 0, 0, 0
20630, 0, 0, 12, 0.80457, -0.250809, 7.34728, 6.30742, -1.05187, -1.05187, 0, 0, 0
20640, 0, 0, 12, 0.80457, -0.250809, 7.34728, 6.30742, -1.04837, -1.04837, 0, 0, 0
20651, 0, 0, 12, 0.80457, -0.250809, 7.34728, 6.30742, -1.05187, -1.04837, 0, 0, 0
20660, 0, 0, 12, 0.80457, -0.250809, 7.34728, 6.30742, -1.39899, -1.05187, 0, 0, 0
20670, 0, 0, 12, 0.80457, -0.250809, 7.34728, 6.30742, -1.05187, -0.701248, 0, 0, 0
20680, 0, 0, 12, 0.80457, -0.250809, 7.34728, 6.30742, -1.05187, -1.05187, 0, 0, 0
20690, 0, 0, 12, 0.80457, -0.250809, 7.34728, 6.30742, -1.04837, -1.04837, 0, 0, 0
20701, 0, 0, 12, 0.80457, -0.250809, 7.34728, 6.30742, -1.05187, -0.701248, 0, 0, 0
20710, 0, 0, 12, 0.80457, -0.250809, 7.34728, 6.30742, -1.05187, -1.05187, 0, 0, 0
20720, 0, 0, 12, 0.80457, -0.250809, 7.34728, 6.30742, -1.04837, -0.697742, 0, 0, 0
20730, 0, 0, 12, 0.80457, -0.250809, 7.34728, 6.30742, -1.04837, -0.701248, 0, 0, 0
20741, 0, 0, 12, 0.80457, -0.250809, 7.34728, 6.30742, -1.4025, -1.05187, 0, 0, 0
20750, 0, 0, 12, 0.80457, -0.250809, 7.34728, 6.30742, -0.701248, -0.701248, 0, 0, 0
20760, 0, 0, 12, 0.80457, -0.250809, 7.34728, 6.30742, -1.05187, -1.05187, 0, 0, 0
20770, 0, 0, 12, 0.80457, -0.250809, 7.34728, 6.30742, -1.05187, -1.04837, 0, 0, 0
20781, 0, 0, 12, 0.80457, -0.250809, 7.34728, 6.30742, -1.05187, -0.701248, 0, 0, 0
20790, 0, 0, 12, 0.80457, -0.250809, 7.34728, 6.30742, -0.697742, -0.697742, 0, 0, 0
20800, 0, 0, 12, 0.80457, -0.250809, 7.34728, 6.30742, -1.05187, -0.701248, 0, 0, 0
20810, 0, 0, 12, 0.80457, -0.250809, 7.34728, 6.30742, -1.05187, -1.05187, 0, 0, 0
20820, 0, 0, 12, 0.80457, -0.250809, 7.34728, 6.30742, -0.697742, -0.701248, 0, 0, 0
20830, 0, 0, 12, 0.80457, -0.250809, 7.34728, 6.30742, -0.697742, -0.697742, 0, 0, 0
20840, 0, 0, 12, 0.80457, -0.250809, 7.34728, 6.30742, -1.05187, -0.701248, 0, 0, 0
20850, 0, 0, 12, 0.80457, -0.250809, 7.34728, 6.30742, -0.701248, -0.701248, 0, 0, 0
20860, 0, 0, 12, 0.80457, -0.250809, 7.34728, 6.30742, -0.701248, -0.701248, 0, 0, 0
20871, 0, 0, 12, 0.80457, -0.250809, 7.34728, 6.30742, -0.697742, -0.697742, 0, 0, 0
20880, 0, 0, 12, 0.80457, -0.250809, 7.34728, 6.30742, -0.701248, -0.350624, 0, 0, 0
20890, 0, 0, 12, 0.80457, -0.250809, 7.34728, 6.30742, -0.697742, -0.701248, 0, 0, 0
20900, 0, 0, 12, 0.80457, -0.250809, 7.34728, 6.30742, -0.701248, -0.701248, 0, 0, 0
20911, 0, 0, 12, 0.80457, -0.250809, 7.34728, 6.30742, -0.350624, -0.347118, 0, 0, 0
20920, 0, 0, 12, 0.80457, -0.250809, 7.34728, 6.30742, -0.347118, -0.697742, 0, 0, 0
20930, 0, 0, 12, 0.80457, -0.250809, 7.34728, 6.30742, -0.701248, -0.350624, 0, 0, 0
20940, 0, 0, 12, 0.80457, -0.250809, 7.34728, 6.30742, -0.350624, -0.350624, 0, 0, 0
20951, 0, 0, 12, 0.80457, -0.250809, 7.34728, 6.30742, -0.347118, -0.697742, 0, 0, 0
20960, 0, 0, 12, 0.80457, -0.250809, 7.34728, 6.30742, -0.701248, -0.350624, 0, 0, 0
20970, 0, 0, 12, 0.80457, -0.250809, 7.34728, 6.30742, -0.350624, -0.347118, 0, 0, 0
20980, 0, 0, 12, 0.80457, -0.250809, 7.34728, 6.30742, -0.347118, -0.701248, 0, 0, 0
20990, 0, 0, 12, 0.80457, -0.250809, 7.34728, 6.30742, -0.701248, -0.350624, 0, 0, 0
21001, 0, 0, 12, 0.80457, -0.250809, 7.34728, 6.30742, -0.697742, -0.697742, 0, 0, 0
21010, 0, 0, 12, 0.80457, -0.250809, 7.34728, 6.30742, -0.350624, -0.350624, 0, 0, 0
21020, 0, 0, 12, 0.80457, -0.250809, 7.34728, 6.30742, -0.701248, -0.701248, 0, 0, 0
21030, 0, 0, 12, 0.80457, -0.250809, 7.34728, 6.30742, -0.350624, -0.701248, 0, 0, 0
21041, 0, 0, 12, 0.80457, -0.250809, 7.34728, 6.30742, -0.701248, -0.347118, 0, 0, 0
21050, 0, 0, 12, 0.80457, -0.250809, 7.34728, 6.30742, -0.350624, -0.697742, 0, 0, 0
21060, 0, 0, 12, 0.80457, -0.250809, 7.34728, 6.30742, -0.701248, -0.350624, 0, 0, 0
21070, 0, 0, 12, 0.80457, -0.250809, 7.34728, 6.30742, -0.347118, -0.697742, 0, 0, 0
21081, 0, 0, 12, 0.80457, -0.250809, 7.34728, 6.30742, -0.697742, -0.347118, 0, 0, 0
21090, 0, 0, 12, 0.80457, -0.250809, 7.34728, 6.30742, -0.350624, -0.701248, 0, 0, 0
21100, 0, 0, 12, 0.80457, -0.250809, 7.34728, 6.30742, -0.350624, -0.350624, 0, 0, 0
21110, 0, 0, 12, 0.80457, -0.250809, 7.34728, 6.30742, -0.701248, -0.350624, 0, 0, 0
21121, 0, 0, 12, 0.80457, -0.250809, 7.34728, 6.30742, -0.350624, -0.350624, 0, 0, 0
21130, 0, 0, 12, 0.80457, -0.250809, 7.34728, 6.30742, -0.347118, -0.697742, 0, 0, 0
21140, 0, 0, 12, 0.80457, -0.250809, 7.34728, 6.30742, -0.350624, -0.350624, 0, 0, 0
21150, 0, 0, 12, 0.80457, -0.250809, 7.34728, 6.30742, -0.697742, -0.347118, 0, 0, 0
21160, 0, 0, 12, 0.80457, -0.250809, 7.34728, 6.30742, -0.350624, -0.350624, 0, 0, 0
21171, 0, 0, 12, 0.80457, -0.250809, 7.34728, 6.30742, -0.347118, -0.347118, 0, 0, 0
21180, 0, 0, 12, 0.80457, -0.250809, 7.34728, 6.30742, -0.350624, -0.350624, 0, 0, 0
21190, 0, 0, 12, 0.80457, -0.250809, 7.34728, 6.30742, -0.347118, -0.350624, 0, 0, 0
21200, 0, 0, 12, 0.80457, -0.250809, 7.34728, 6.30742, -0.350624, -0.350624, 0, 0, 0
21211, 0, 0, 12, 0.80457, -0.250809, 7.34728, 6.30742, -0.347118, -0.697742, 0, 0, 0
21220, 0, 0, 12, 0.80457, -0.250809, 7.34728, 6.30742, -0.350624, -0.347118, 0, 0, 0
21230, 0, 0, 12, 0.80457, -0.250809, 7.34728, 6.30742, -0.350624, 0, 0, 0, 0
21240, 0, 0, 12, 0.80457, -0.250809, 7.34728, 6.30742, -0.350624, -0.350624, 0, 0, 0
21251, 0, 0, 12, 0.80457, -0.250809, 7.34728, 6.30742, -0.347118, -0.347118, 0, 0, 0
21260, 0, 0, 12, 0.80457, -0.250809, 7.34728, 6.30742, -0.350624, -0.350624, 0, 0, 0
21270, 0, 0, 12, 0.80457, -0.250809, 7.34728, 6.30742, -0.350624, -0.347118, 0, 0, 0
21280, 0, 0, 12, 0.80457, -0.250809, 7.34728, 6.30742, -0.350624, -0.350624, 0, 0, 0
21291, 0, 0, 12, 0.80457, -0.250809, 7.34728, 6.30742, -0.350624, -0.350624, 0, 0, 0
21300, 0, 0, 12, 0.80457, -0.250809, 7.34728, 6.30742, -0.697742, -0.347118, 0, 0, 0
21310, 0, 0, 12, 0.80457, -0.250809, 7.34728, 6.30742, -0.347118, -0.347118, 0, 0, 0
21320, 0, 0, 12, 0.80457, -0.250809, 7.34728, 6.30742, -0.350624, -0.701248, 0, 0, 0
21330, 0, 0, 12, 0.80457, -0.250809, 7.34728, 6.30742, -0.350624, -0.350624, 0, 0, 0
21341, 0, 0, 12, 0.80457, -0.250809, 7.34728, 6.30742, -0.697742, -0.347118, 0, 0, 0
21350, 0, 0, 12, 0.80457, -0.250809, 7.34728, 6.30742, -0.350624, -0.701248, 0, 0, 0
21360, 0, 0, 12, 0.80457, -0.250809, 7.34728, 6.30742, -0.350624, -0.350624, 0, 0, 0
21370, 0, 0, 12, 0.80457, -0.250809, 7.34728, 6.30742, -0.701248, -0.350624, 0, 0, 0
21381, 0, 0, 12, 0.80457, -0.250809, 7.34728, 6.30742, -0.350624, -0.701248, 0, 0, 0
21390, 0, 0, 12, 0.80457, -0.250809, 7.34728, 6.30742, -0.350624, -0.350624, 0, 0, 0
21400, 0, 0, 12, 0.80457, -0.250809, 7.34728, 6.30742, -0.701248, -0.350624, 0, 0, 0
21410, 0, 0, 12, 0.80457, -0.250809, 7.34728, 6.30742, -0.350624, -0.347118, 0, 0, 0
21421, 0, 0, 12, 0.80457, -0.250809, 7.34728, 6.30742, -0.347118, -0.697742, 0, 0, 0
21430, 0, 0, 12, 0.80457, -0.250809, 7.34728, 6.30742, -0.350624, -0.350624, 0, 0, 0
21440, 0, 0, 12, 0.80457, -0.250809, 7.34728, 6.30742, -0.350624, -0.350624, 0, 0, 0
21450, 0, 0, 12, 0.80457, -0.250809, 7.34728, 6.30742, -0.701248, -0.350624, 0, 0, 0
21460, 0, 0, 12, 0.80457, -0.250809, 7.34728, 6.30742, -0.347118, -0.697742, 0, 0, 0
21470, 0, 0, 12, 0.80457, -0.250809, 7.34728, 6.30742, -0.350624, -0.350624, 0, 0, 0
21480, 0, 0, 12, 0.80457, -0.250809, 7.34728, 6.30742, -0.701248, -0.347118, 0, 0, 0
21490, 0, 0, 12, 0.80457, -0.250809, 7.34728, 6.30742, 0, -0.350624, 0, 0, 0
21500, 0, 0, 12, 0.80457, -0.250809, 7.34728, 6.30742, -0.697742, -0.347118, 0, 0, 0
21511, 0, 0, 12, 0.80457, -0.250809, 7.34728, 6.30742, -0.347118, -0.697742, 0, 0, 0
21520, 0, 0, 12, 0.80457, -0.250809, 7.34728, 6.30742, -0.350624, -0.350624, 0, 0, 0
21530, 0, 0, 12, 0.80457, -0.250809, 7.34728, 6.30742, -0.350624, -0.350624, 0, 0, 0
21540, 0, 0, 12, 0.80457, -0.250809, 7.34728, 6.30742, -0.347118, -0.347118, 0, 0, 0
21551, 0, 0, 12, 0.80457, -0.250809, 7.34728, 6.30742, -0.701248, -0.701248, 0, 0, 0
21560, 0, 0, 12, 0.80457, -0.250809, 7.34728, 6.30742, -0.347118, -0.347118, 0, 0, 0
21570, 0, 0, 12, 0.80457, -0.250809, 7.34728, 6.30742, -0.350624, -0.350624, 0, 0, 0
21580, 0, 0, 12, 0.80457, -0.250809, 7.34728, 6.30742, -0.701248, -0.350624, 0, 0, 0
21591, 0, 0, 12, 0.80457, -0.250809, 7.34728, 6.30742, -0.347118, -0.697742, 0, 0, 0
21600, 0, 0, 12, 0.80457, -0.250809, 7.34728, 6.30742, -0.347118, -0.350624, 0, 0, 0
21610, 0, 0, 12, 0.80457, -0.250809, 7.34728, 6.30742, -0.350624, -0.350624, 0, 0, 0
21620, 0, 0, 12, 0.80457, -0.250809, 7.34728, 6.30742, -0.701248, -0.701248, 0, 0, 0
21630, 0, 0, 12, 0.80457, -0.250809, 7.34728, 6.30742, -0.347118, -0.347118, 0, 0, 0
21640, 0, 0, 12, 0.80457, -0.250809, 7.34728, 6.30742, -0.697742, -0.697742, 0, 0, 0
21650, 0, 0, 12, 0.80457, -0.250809, 7.34728, 6.30742, -0.350624, -0.350624, 0, 0, 0
21660, 0, 0, 12, 0.80457, -0.250809, 7.34728, 6.30742, -0.350624, -0.347118, 0, 0, 0
21670, 0, 0, 12, 0.80457, -0.250809, 7.34728, 6.30742, -0.701248, -0.701248, 0, 0, 0
21681, 0, 0, 12, 0.80457, -0.250809, 7.34728, 6.30742, -0.350624, -0.347118, 0, 0, 0
21690, 0, 0, 12, 0.80457, -0.250809, 7.34728, 6.30742, -0.697742, -0.347118, 0, 0, 0
21700, 0, 0, 12, 0.80457, -0.250809, 7.34728, 6.30742, -0.350624, -0.701248, 0, 0, 0
21710, 0, 0, 12, 0.80457, -0.250809, 7.34728, 6.30742, -0.347118, -0.347118, 0, 0, 0
21721, 0, 0, 12, 0.80457, -0.250809, 7.34728, 6.30742, -0.701248, -0.350624, 0, 0, 0
21730, 0, 0, 12, 0.80457, -0.250809, 7.34728, 6.30742, -0.347118, -0.697742, 0, 0, 0
21740, 0, 0, 12, 0.80457, -0.250809, 7.34728, 6.30742, -0.350624, -0.350624, 0, 0, 0
21750, 0, 0, 12, 0.80457, -0.250809, 7.34728, 6.30742, -0.350624, 0, 0, 0, 0
21761, 0, 0, 12, 0.80457, -0.250809, 7.34728, 6.30742, -0.350624, -0.350624, 0, 0, 0
21770, 0, 0, 12, 0.80457, -0.250809, 7.34728, 6.30742, -0.347118, -0.697742, 0, 0, 0
21780, 0, 0, 12, 0.80457, -0.250809, 7.34728, 6.30742, -0.350624, -0.350624, 0, 0, 0
21790, 0, 0, 12, 0.80457, -0.250809, 7.34728, 6.30742, -0.347118, -0.350624, 0, 0, 0
21800, 0, 0, 12, 0.80457, -0.250809, 7.34728, 6.30742, -0.350624, -0.347118, 0, 0, 0
21811, 0, 0, 12, 0.80457, -0.250809, 7.34728, 6.30742, -0.697742, -0.350624, 0, 0, 0
21820, 0, 0, 12, 0.80457, -0.250809, 7.34728, 6.30742, 0, -0.350624, 0, 0, 0
21830, 0, 0, 12, 0.80457, -0.250809, 7.34728, 6.30742, -0.697742, -0.347118, 0, 0, 0
21840, 0, 0, 12, 0.80457, -0.250809, 7.34728, 6.30742, -0.350624, -0.350624, 0, 0, 0
21851, 0, 0, 12, 0.80457, -0.250809, 7.34728, 6.30742, -0.350624, -0.350624, 0, 0, 0
21860, 0, 0, 12, 0.80457, -0.250809, 7.34728, 6.30742, 0, -0.350624, 0, 0, 0
21870, 0, 0, 12, 0.80457, -0.250809, 7.34728, 6.30742, -0.697742, -0.347118, 0, 0, 0
21880, 0, 0, 12, 0.80457, -0.250809, 7.34728, 6.30742, -0.350624, -0.350624, 0, 0, 0
21891, 0, 0, 12, 0.80457, -0.250809, 7.34728, 6.30742, -0.350624, 0, 0, 0, 0
21900, 0, 0, 12, 0.80457, -0.250809, 7.34728, 6.30742, 0, -0.350624, 0, 0, 0
21910, 0, 0, 12, 0.80457, -0.250809, 7.34728, 6.30742, -0.701248, -0.347118, 0, 0, 0
21920, 0, 0, 12, 0.80457, -0.250809, 7.34728, 6.30742, -0.350624, -0.701248, 0, 0, 0
21931, 0, 0, 12, 0.80457, -0.250809, 7.34728, 6.30742, -0.350624, -0.350624, 0, 0, 0
21940, 0, 0, 12, 0.80457, -0.250809, 7.34728, 6.30742, -0.347118, -0.347118, 0, 0, 0
21950, 0, 0, 12, 0.80457, -0.250809, 7.34728, 6.30742, -0.350624, -0.347118, 0, 0, 0
21960, 0, 0, 12, 0.80457, -0.250809, 7.34728, 6.30742, -0.350624, -0.350624, 0, 0, 0
21970, 0, 0, 12, 0.80457, -0.250809, 7.34728, 6.30742, -0.350624, -0.347118, 0, 0, 0
21981, 0, 0, 12, 0.80457, -0.250809, 7.34728, 6.30742, -0.347118, -0.347118, 0, 0, 0
21990, 0, 0, 12, 0.80457, -0.250809, 7.34728, 6.30742, -0.701248, -0.350624, 0, 0, 0
22000, 0, 0, 12, 0.80457, -0.250809, 7.34728, 6.30742, -0.347118, -0.697742, 0, 0, 0
22010, 0, 0, 12, 0.80457, -0.250809, 7.34728, 6.30742, -0.350624, -0.350624, 0, 0, 0
22021, 0, 0, 12, 0.80457, -0.250809, 7.34728, 6.30742, -0.350624, -0.347118, 0, 0, 0
22030, 0, 0, 12, 0.80457, -0.250809, 7.34728, 6.30742, -0.347118, -0.347118, 0, 0, 0
22040, 0, 0, 12, 0.80457, -0.250809, 7.34728, 6.30742, -0.347118, -0.347118, 0, 0, 0
22050, 0, 0, 12, 0.80457, -0.250809, 7.34728, 6.30742, -0.350624, -0.350624, 0, 0, 0
22061, 0, 0, 12, 0.80457, -0.250809, 7.34728, 6.30742, -0.347118, -0.347118, 0, 0, 0
22070, 0, 0, 12, 0.80457, -0.250809, 7.34728, 6.30742, -0.347118, -0.347118, 0, 0, 0
22080, 0, 0, 12, 0.80457, -0.250809, 7.34728, 6.30742, -0.350624, -0.350624, 0, 0, 0
22090, 0, 0, 12, 0.80457, -0.250809, 7.34728, 6.30742, -0.347118, -0.347118, 0, 0, 0
22100, 0, 0, 12, 0.80457, -0.250809, 7.34728, 6.30742, -0.347118, -0.347118, 0, 0, 0
22110, 0, 0, 12, 0.80457, -0.250809, 7.34728, 6.30742, -0.350624, -0.350624, 0, 0, 0
22120, 0, 0, 12, 0.80457, -0.250809, 7.34728, 6.30742, -0.350624, -0.347118, 0, 0, 0
22130, 0, 0, 12, 0.80457, -0.250809, 7.34728, 6.30742, -0.347118, -0.350624, 0, 0, 0
22140, 0, 0, 12, 0.80457, -0.250809, 7.34728, 6.30742, -0.347118, -0.347118, 0, 0, 0
22151, 0, 0, 12, 0.80457, -0.250809, 7.34728, 6.30742, -0.350624, -0.350624, 0, 0, 0
22160, 0, 0, 12, 0.80457, -0.250809, 7.34728, 6.30742, -0.350624, -0.350624, 0, 0, 0
22170, 0, 0, 12, 0.80457, -0.250809, 7.34728, 6.30742, -0.350624, -0.350624, 0, 0, 0
22180, 0, 0, 12, 0.80457, -0.250809, 7.34728, 6.30742, -0.347118, -0.347118, 0, 0, 0
22191, 0, 0, 12, 0.80457, -0.250809, 7.34728, 6.30742, -0.350624, -0.350624, 0, 0, 0
22200, 0, 0, 12, 0.80457, -0.250809, 7.34728, 6.30742, -0.347118, -0.347118, 0, 0, 0
22210, 0, 0, 12, 0.80457, -0.250809, 7.34728, 6.30742, -0.350624, -0.350624, 0, 0, 0
22220, 0, 0, 12, 0.80457, -0.250809, 7.34728, 6.30742, -0.347118, -0.347118, 0, 0, 0
22231, 0, 0, 12, 0.80457, -0.250809, 7.34728, 6.30742, -0.350624, -0.350624, 0, 0, 0
22240, 0, 0, 12, 0.80457, -0.250809, 7.34728, 6.30742, -0.347118, -0.347118, 0, 0, 0
22250, 0, 0, 12, 0.80457, -0.250809, 7.34728, 6.30742, -0.350624, -0.350624, 0, 0, 0
22260, 0, 0, 12, 0.80457, -0.250809, 7.34728, 6.30742, -0.701248, -0.350624, 0, 0, 0
22270, 0, 0, 12, 0.80457, -0.250809, 7.34728, 6.30742, -0.350624, -0.701248, 0, 0, 0
22280, 0, 0, 12, 0.80457, -0.250809, 7.34728, 6.30742, -0.347118, -0.347118, 0, 0, 0
22290, 0, 0, 12, 0.80457, -0.250809, 7.34728, 6.30742, -0.350624, -0.350624, 0, 0, 0
22300, 0, 0, 12, 0.80457, -0.250809, 7.34728, 6.30742, -0.701248, -0.350624, 0, 0, 0
22310, 0, 0, 12, 0.80457, -0.250809, 7.34728, 6.30742, -0.350624, -0.350624, 0, 0, 0
22321, 0, 0, 12, 0.80457, -0.250809, 7.34728, 6.30742, -0.347118, -0.347118, 0, 0, 0
22330, 0, 0, 12, 0.80457, -0.250809, 7.34728, 6.30742, -0.350624, -0.350624, 0, 0, 0
22340, 0, 0, 12, 0.80457, -0.250809, 7.34728, 6.30742, -0.350624, -0.350624, 0, 0, 0
22350, 0, 0, 12, 0.80457, -0.250809, 7.34728, 6.30742, -0.350624, -0.350624, 0, 0, 0
22361, 0, 0, 12, 0.80457, -0.250809, 7.34728, 6.30742, -0.350624, -0.350624, 0, 0, 0
22370, 0, 0, 12, 0.80457, -0.250809, 7.34728, 6.30742, -0.347118, -0.347118, 0, 0, 0
22380, 0, 0, 12, 0.80457, -0.250809, 7.34728, 6.30742, -0.350624, -0.350624, 0, 0, 0
22390, 0, 0, 12, 0.80457, -0.250809, 7.34728, 6.30742, -0.347118, -0.347118, 0, 0, 0
22401, 0, 0, 12, 0.80457, -0.250809, 7.34728, 6.30742, -0.350624, -0.350624, 0, 0, 0
22410, 0, 0, 12, 0.80457, -0.250809, 7.34728, 6.30742, -0.350624, -0.350624, 0, 0, 0
22420, 0, 0, 12, 0.80457, -0.250809, 7.34728, 6.30742, -0.350624, -0.350624, 0, 0, 0
22430, 0, 0, 12, 0.80457, -0.250809, 7.34728, 6.30742, -0.350624, -0.350624, 0, 0, 0
22440, 0, 0, 12, 0.80457, -0.250809, 7.34728, 6.30742, -0.701248, -0.350624, 0, 0, 0
22451, 0, 0, 12, 0.80457, -0.250809, 7.34728, 6.30742, -0.347118, -0.697742, 0, 0, 0
22460, 0, 0, 12, 0.80457, -0.250809, 7.34728, 6.30742, -0.350624, -0.350624, 0, 0, 0
22470, 0, 0, 12, 0.80457, -0.250809, 7.34728, 6.30742, -0.347118, -0.347118, 0, 0, 0
22480, 0, 0, 12, 0.80457, -0.250809, 7.34728, 6.30742, -0.701248, -0.350624, 0, 0, 0
22491, 0, 0, 12, 0.80457, -0.250809, 7.34728, 6.30742, -0.347118, -0.697742, 0, 0, 0
22500, 0, 0, 12, 0.80457, -0.250809, 7.34728, 6.30742, -0.350624, -0.350624, 0, 0, 0
22510, 0, 0, 12, 0.80457, -0.250809, 7.34728, 6.30742, -0.347118, -0.350624, 0, 0, 0
22520, 0, 0, 12, 0.80457, -0.250809, 7.34728, 6.30742, -0.350624, -0.350624, 0, 0, 0
22531, 0, 0, 12, 0.80457, -0.250809, 7.34728, 6.30742, -0.701248, -0.697742, 0, 0, 0
22540, 0, 0, 12, 0.80457, -0.250809, 7.34728, 6.30742, -0.347118, -0.350624, 0, 0, 0
22550, 0, 0, 12, 0.80457, -0.250809, 7.34728, 6.30742, -0.347118, -0.347118, 0, 0, 0
22560, 0, 0, 12, 0.80457, -0.250809, 7.34728, 6.30742, -0.350624, -0.350624, 0, 0, 0
22571, 0, 0, 12, 0.80457, -0.250809, 7.34728, 6.30742, -0.701248, -0.350624, 0, 0, 0
22580, 0, 0, 12, 0.80457, -0.250809, 7.34728, 6.30742, -0.347118, -0.697742, 0, 0, 0
22590, 0, 0, 12, 0.80457, -0.250809, 7.34728, 6.30742, -0.350624, -0.350624, 0, 0, 0
22600, 0, 0, 12, 0.80457, -0.250809, 7.34728, 6.30742, -0.697742, -0.350624, 0, 0, 0
22610, 0, 0, 12, 0.80457, -0.250809, 7.34728, 6.30742, -0.350624, -0.701248, 0, 0, 0
22621, 0, 0, 12, 0.80457, -0.250809, 7.34728, 6.30742, -0.347118, -0.347118, 0, 0, 0
22630, 0, 0, 12, 0.80457, -0.250809, 7.34728, 6.30742, -0.701248, -0.350624, 0, 0, 0
22640, 0, 0, 12, 0.80457, -0.250809, 7.34728, 6.30742, -0.350624, -0.701248, 0, 0, 0
22650, 0, 0, 12, 0.80457, -0.250809, 7.34728, 6.30742, -0.350624, -0.350624, 0, 0, 0
22661, 0, 0, 12, 0.80457, -0.250809, 7.34728, 6.30742, -0.697742, -0.347118, 0, 0, 0
22670, 0, 0, 12, 0.80457, -0.250809, 7.34728, 6.30742, -0.347118, -0.697742, 0, 0, 0
22680, 0, 0, 12, 0.80457, -0.250809, 7.34728, 6.30742, -0.701248, -0.701248, 0, 0, 0
22690, 0, 0, 12, 0.80457, -0.250809, 7.34728, 6.30742, -0.350624, -0.350624, 0, 0, 0
22701, 0, 0, 12, 0.80457, -0.250809, 7.34728, 6.30742, -0.701248, -0.701248, 0, 0, 0
22710, 0, 0, 12, 0.80457, -0.250809, 7.34728, 6.30742, -0.347118, -0.347118, 0, 0, 0
22720, 0, 0, 12, 0.80457, -0.250809, 7.34728, 6.30742, -0.701248, -0.350624, 0, 0, 0
22730, 0, 0, 12, 0.80457, -0.250809, 7.34728, 6.30742, -0.350624, -0.701248, 0, 0, 0
22740, 0, 0, 12, 0.80457, -0.250809, 7.34728, 6.30742, -0.350624, -0.347118, 0, 0, 0
22750, 0, 0, 12, 0.80457, -0.250809, 7.34728, 6.30742, -0.697742, -0.701248, 0, 0, 0
22760, 0, 0, 12, 0.80457, -0.250809, 7.34728, 6.30742, -0.350624, -0.350624, 0, 0, 0
22770, 0, 0, 12, 0.80457, -0.250809, 7.34728, 6.30742, -0.350624, -0.350624, 0, 0, 0
22780, 0, 0, 12, 0.80457, -0.250809, 7.34728, 6.30742, -0.701248, -0.350624, 0, 0, 0
22791, 0, 0, 12, 0.80457, -0.250809, 7.34728, 6.30742, -0.347118, -0.697742, 0, 0, 0
22800, 0, 0, 12, 0.80457, -0.250809, 7.34728, 6.30742, -0.350624, -0.350624, 0, 0, 0
22810, 0, 0, 12, 0.80457, -0.250809, 7.34728, 6.30742, -0.701248, -0.350624, 0, 0, 0
22820, 0, 0, 12, 0.80457, -0.250809, 7.34728, 6.30742, -0.350624, -0.701248, 0, 0, 0
22831, 0, 0, 12, 0.80457, -0.250809, 7.34728, 6.30742, -0.347118, -0.347118, 0, 0, 0
22840, 0, 0, 12, 0.80457, -0.250809, 7.34728, 6.30742, -0.701248, -0.350624, 0, 0, 0
22850, 0, 0, 12, 0.80457, -0.250809, 7.34728, 6.30742, -0.350624, -0.701248, 0, 0, 0
22860, 0, 0, 12, 0.80457, -0.250809, 7.34728, 6.30742, -0.347118, -0.347118, 0, 0, 0
22871, 0, 0, 12, 0.80457, -0.250809, 7.34728, 6.30742, -0.701248, -0.350624, 0, 0, 0
22880, 0, 0, 12, 0.80457, -0.250809, 7.34728, 6.30742, -0.347118, -0.697742, 0, 0, 0
22890, 0, 0, 12, 0.80457, -0.250809, 7.34728, 6.30742, -0.350624, -0.350624, 0, 0, 0
22900, 0, 0, 12, 0.80457, -0.250809, 7.34728, 6.30742, -0.701248, -0.347118, 0, 0, 0
22910, 0, 0, 12, 0.80457, -0.250809, 7.34728, 6.30742, -0.350624, -0.701248, 0, 0, 0
22920, 0, 0, 12, 0.80457, -0.250809, 7.34728, 6.30742, -0.347118, -0.347118, 0, 0, 0
22930, 0, 0, 12, 0.80457, -0.250809, 7.34728, 6.30742, -0.701248, -0.350624, 0, 0, 0
22940, 0, 0, 12, 0.80457, -0.250809, 7.34728, 6.30742, -0.350624, -0.350624, 0, 0, 0
22950, 0, 0, 12, 0.80457, -0.250809, 7.34728, 6.30742, -0.350624, -0.701248, 0, 0, 0
22961, 0, 0, 12, 0.80457, -0.250809, 7.34728, 6.30742, -0.350624, -0.347118, 0, 0, 0
22970, 0, 0, 12, 0.80457, -0.250809, 7.34728, 6.30742, -0.347118, -0.347118, 0, 0, 0
22980, 0, 0, 12, 0.80457, -0.250809, 7.34728, 6.30742, -0.350624, -0.350624, 0, 0, 0
22990, 0, 0, 12, 0.80457, -0.250809, 7.34728, 6.30742, -0.701248, -0.350624, 0, 0, 0
23001, 0, 0, 12, 0.80457, -0.250809, 7.34728, 6.30742, -0.350624, -0.347118, 0, 0, 0
23010, 0, 0, 12, 0.80457, -0.250809, 7.34728, 6.30742, -0.347118, -0.697742, 0, 0, 0
23020, 0, 0, 12, 0.80457, -0.250809, 7.34728, 6.30742, -0.350624, -0.350624, 0, 0, 0
