QGPIORecord, QRC v6.1.0, 04-12-2025 @ 21:21:28, Windows 10 Version 2009, 10.0.26100, x86_64
Time, ValueIn0, ValueIn1, ValueIn2, ValueIn3, ValueIn4, ValueIn5, ValueIn6, ValueIn7, ValueIn8, ValueIn9, ValueIn10, ValueIn11
20880, 0, 0.253768, 0, 0, 0, 0, 0, 0, 0, 0, 0, 0
20890, 0, 0.251411, 0, 0, 0, 0, 0, 0, 0, 0, 0, 0
20901, 0, 0.24683, 0, 0, 0, 0, 0, 0, 0, 0, 0, 0
20911, 0, 0.24683, 0, 0, 0, 0, 0, 0, 0, 0, 0, 0
20920, 0, 0.251411, 0, 0, 0, 0, 0, 0, 0, 0, 0, 0
20930, 0, 0.253768, 0, 0, 0, 0, 0, 0, 0, 0, 0, 0
20940, 0, 0.251411, 0, 0, 0, 0, 0, 0, 0, 0, 0, 0
20951, 0, 0.253768, 0, 0, 0, 0, 0, 0, 0, 0, 0, 0
20960, 0, 0.253768, 0, 0, 0, 0, 0, 0, 0, 0, 0, 0
20970, 0, 0.242421, 0, 0, 0, 0, 0, 0, 0, 0, 0, 0
20980, 0, 0.244605, 0, 0, 0, 0, 0, 0, 0, 0, 0, 0
20990, 0, 0.26368, 0, 0, 0, 0, 0, 0, 0, 0, 0, 0
21000, 0, 0.261127, 0, 0, 0, 0, 0, 0, 0, 0, 0, 0
21010, 0, 0.26368, 0, 0, 0, 0, 0, 0, 0, 0, 0, 0
21020, 0, 0.253768, 0, 0, 0, 0, 0, 0, 0, 0, 0, 0
21030, 0, 0.251411, 0, 0, 0, 0, 0, 0, 0, 0, 0, 0
21040, 0, 0.253768, 0, 0, 0, 0, 0, 0, 0, 0, 0, 0
21050, 0, 0.261127, 0, 0, 0, 0, 0, 0, 0, 0, 0, 0
21060, 0, 0.26368, 0, 0, 0, 0, 0, 0, 0, 0, 0, 0
21070, 0, 0.26368, 0, 0, 0, 0, 0, 0, 0, 0, 0, 0
21081, 0, 0.26368, 0, 0, 0, 0, 0, 0, 0, 0, 0, 0
21090, 0, 0.277269, 0, 0, 0, 0, 0, 0, 0, 0, 0, 0
21100, 0, 0.251411, 0, 0, 0, 0, 0, 0, 0, 0, 0, 0
21110, 0, 0.261127, 0, 0, 0, 0, 0, 0, 0, 0, 0, 0
21121, 0, 0.26368, 0, 0, 0, 0, 0, 0, 0, 0, 0, 0
21130, 0, 0.261127, 0, 0, 0, 0, 0, 0, 0, 0, 0, 0
21140, 0, 0.26368, 0, 0, 0, 0, 0, 0, 0, 0, 0, 0
21150, 0, 0.253768, 0, 0, 0, 0, 0, 0, 0, 0, 0, 0
21160, 0, 0.251411, 0, 0, 0, 0, 0, 0, 0, 0, 0, 0
21170, 0, 0.253768, 0, 0, 0, 0, 0, 0, 0, 0, 0, 0
21180, 0, 0.26368, 0, 0, 0, 0, 0, 0, 0, 0, 0, 0
21190, 0, 0.251411, 0, 0, 0, 0, 0, 0, 0, 0, 0, 0
21200, 0, 0.253768, 0, 0, 0, 0, 0, 0, 0, 0, 0, 0
21210, 0, 0.251411, 0, 0, 0, 0, 0, 0, 0, 0, 0, 0
21220, 0, 0.253768, 0, 0, 0, 0, 0, 0, 0, 0, 0, 0
21230, 0, 0.26368, 0, 0, 0, 0, 0, 0, 0, 0, 0, 0
21240, 0, 0.26368, 0, 0, 0, 0, 0, 0, 0, 0, 0, 0
21251, 0, 0.258625, 0, 0, 0, 0, 0, 0, 0, 0, 0, 0
21260, 0, 0.24683, 0, 0, 0, 0, 0, 0, 0, 0, 0, 0
21270, 0, 0.251411, 0, 0, 0, 0, 0, 0, 0, 0, 0, 0
21280, 0, 0.253768, 0, 0, 0, 0, 0, 0, 0, 0, 0, 0
21291, 0, 0.261127, 0, 0, 0, 0, 0, 0, 0, 0, 0, 0
21300, 0, 0.26368, 0, 0, 0, 0, 0, 0, 0, 0, 0, 0
21310, 0, 0.251411, 0, 0, 0, 0, 0, 0, 0, 0, 0, 0
21320, 0, 0.251411, 0, 0, 0, 0, 0, 0, 0, 0, 0, 0
21330, 0, 0.253768, 0, 0, 0, 0, 0, 0, 0, 0, 0, 0
21340, 0, 0.251411, 0, 0, 0, 0, 0, 0, 0, 0, 0, 0
21350, 0, 0.251411, 0, 0, 0, 0, 0, 0, 0, 0, 0, 0
21360, 0, 0.253768, 0, 0, 0, 0, 0, 0, 0, 0, 0, 0
21370, 0, 0.261127, 0, 0, 0, 0, 0, 0, 0, 0, 0, 0
21381, 0, 0.251411, 0, 0, 0, 0, 0, 0, 0, 0, 0, 0
21390, 0, 0.253768, 0, 0, 0, 0, 0, 0, 0, 0, 0, 0
21400, 0, 0.251411, 0, 0, 0, 0, 0, 0, 0, 0, 0, 0
21410, 0, 0.253768, 0, 0, 0, 0, 0, 0, 0, 0, 0, 0
21421, 0, 0.26368, 0, 0, 0, 0, 0, 0, 0, 0, 0, 0
21430, 0, 0.261127, 0, 0, 0, 0, 0, 0, 0, 0, 0, 0
21440, 0, 0.256173, 0, 0, 0, 0, 0, 0, 0, 0, 0, 0
21450, 0, 0.251411, 0, 0, 0, 0, 0, 0, 0, 0, 0, 0
21460, 0, 0.26368, 0, 0, 0, 0, 0, 0, 0, 0, 0, 0
21470, 0, 0.26368, 0, 0, 0, 0, 0, 0, 0, 0, 0, 0
21480, 0, 0.266286, 0, 0, 0, 0, 0, 0, 0, 0, 0, 0
21490, 0, 0.26368, 0, 0, 0, 0, 0, 0, 0, 0, 0, 0
21500, 0, 0.274435, 0, 0, 0, 0, 0, 0, 0, 0, 0, 0
21510, 0, 0.26368, 0, 0, 0, 0, 0, 0, 0, 0, 0, 0
21520, 0, 0.26368, 0, 0, 0, 0, 0, 0, 0, 0, 0, 0
21530, 0, 0.251411, 0, 0, 0, 0, 0, 0, 0, 0, 0, 0
21540, 0, 0.253768, 0, 0, 0, 0, 0, 0, 0, 0, 0, 0
21551, 0, 0.253768, 0, 0, 0, 0, 0, 0, 0, 0, 0, 0
21560, 0, 0.261127, 0, 0, 0, 0, 0, 0, 0, 0, 0, 0
21570, 0, 0.26368, 0, 0, 0, 0, 0, 0, 0, 0, 0, 0
21580, 0, 0.26368, 0, 0, 0, 0, 0, 0, 0, 0, 0, 0
21591, 0, 0.261127, 0, 0, 0, 0, 0, 0, 0, 0, 0, 0
21600, 0, 0.256173, 0, 0, 0, 0, 0, 0, 0, 0, 0, 0
21610, 0, 0.256173, 0, 0, 0, 0, 0, 0, 0, 0, 0, 0
21620, 0, 0.251411, 0, 0, 0, 0, 0, 0, 0, 0, 0, 0
21630, 0, 0.253768, 0, 0, 0, 0, 0, 0, 0, 0, 0, 0
21640, 0, 0.251411, 0, 0, 0, 0, 0, 0, 0, 0, 0, 0
21650, 0, 0.253768, 0, 0, 0, 0, 0, 0, 0, 0, 0, 0
21660, 0, 0.26368, 0, 0, 0, 0, 0, 0, 0, 0, 0, 0
21670, 0, 0.251411, 0, 0, 0, 0, 0, 0, 0, 0, 0, 0
21680, 0, 0.253768, 0, 0, 0, 0, 0, 0, 0, 0, 0, 0
21690, 0, 0.26368, 0, 0, 0, 0, 0, 0, 0, 0, 0, 0
21700, 0, 0.261127, 0, 0, 0, 0, 0, 0, 0, 0, 0, 0
21710, 0, 0.26368, 0, 0, 0, 0, 0, 0, 0, 0, 0, 0
21721, 0, 0.261127, 0, 0, 0, 0, 0, 0, 0, 0, 0, 0
21730, 0, 0.251411, 0, 0, 0, 0, 0, 0, 0, 0, 0, 0
21740, 0, 0.253768, 0, 0, 0, 0, 0, 0, 0, 0, 0, 0
21750, 0, 0.261127, 0, 0, 0, 0, 0, 0, 0, 0, 0, 0
21761, 0, 0.26368, 0, 0, 0, 0, 0, 0, 0, 0, 0, 0
21770, 0, 0.26368, 0, 0, 0, 0, 0, 0, 0, 0, 0, 0
21780, 0, 0.251411, 0, 0, 0, 0, 0, 0, 0, 0, 0, 0
21790, 0, 0.249098, 0, 0, 0, 0, 0, 0, 0, 0, 0, 0
21800, 0, 0.251411, 0, 0, 0, 0, 0, 0, 0, 0, 0, 0
21810, 0, 0.261127, 0, 0, 0, 0, 0, 0, 0, 0, 0, 0
21820, 0, 0.261127, 0, 0, 0, 0, 0, 0, 0, 0, 0, 0
21830, 0, 0.251411, 0, 0, 0, 0, 0, 0, 0, 0, 0, 0
21840, 0, 0.253768, 0, 0, 0, 0, 0, 0, 0, 0, 0, 0
21850, 0, 0.253768, 0, 0, 0, 0, 0, 0, 0, 0, 0, 0
21860, 0, 0.253768, 0, 0, 0, 0, 0, 0, 0, 0, 0, 0
21870, 0, 0.253768, 0, 0, 0, 0, 0, 0, 0, 0, 0, 0
21880, 0, 0.251411, 0, 0, 0, 0, 0, 0, 0, 0, 0, 0
21891, 0, 0.26368, 0, 0, 0, 0, 0, 0, 0, 0, 0, 0
21900, 0, 0.26368, 0, 0, 0, 0, 0, 0, 0, 0, 0, 0
21910, 0, 0.242421, 0, 0, 0, 0, 0, 0, 0, 0, 0, 0
21920, 0, 0.242421, 0, 0, 0, 0, 0, 0, 0, 0, 0, 0
21931, 0, 0.251411, 0, 0, 0, 0, 0, 0, 0, 0, 0, 0
21940, 0, 0.251411, 0, 0, 0, 0, 0, 0, 0, 0, 0, 0
21950, 0, 0.24683, 0, 0, 0, 0, 0, 0, 0, 0, 0, 0
21960, 0, 0.232086, 0, 0, 0, 0, 0, 0, 0, 0, 0, 0
21970, 0, 0.261127, 0, 0, 0, 0, 0, 0, 0, 0, 0, 0
21980, 0, 0.26368, 0, 0, 0, 0, 0, 0, 0, 0, 0, 0
21990, 0, 0.251411, 0, 0, 0, 0, 0, 0, 0, 0, 0, 0
22000, 0, 0.253768, 0, 0, 0, 0, 0, 0, 0, 0, 0, 0
22010, 0, 0.26368, 0, 0, 0, 0, 0, 0, 0, 0, 0, 0
22021, 0, 0.261127, 0, 0, 0, 0, 0, 0, 0, 0, 0, 0
22030, 0, 0.253768, 0, 0, 0, 0, 0, 0, 0, 0, 0, 0
22040, 0, 0.253768, 0, 0, 0, 0, 0, 0, 0, 0, 0, 0
22050, 0, 0.251411, 0, 0, 0, 0, 0, 0, 0, 0, 0, 0
22061, 0, 0.253768, 0, 0, 0, 0, 0, 0, 0, 0, 0, 0
22070, 0, 0.261127, 0, 0, 0, 0, 0, 0, 0, 0, 0, 0
22080, 0, 0.251411, 0, 0, 0, 0, 0, 0, 0, 0, 0, 0
22090, 0, 0.251411, 0, 0, 0, 0, 0, 0, 0, 0, 0, 0
22100, 0, 0.261127, 0, 0, 0, 0, 0, 0, 0, 0, 0, 0
22110, 0, 0.26368, 0, 0, 0, 0, 0, 0, 0, 0, 0, 0
22120, 0, 0.24683, 0, 0, 0, 0, 0, 0, 0, 0, 0, 0
22130, 0, 0.251411, 0, 0, 0, 0, 0, 0, 0, 0, 0, 0
22140, 0, 0.24683, 0, 0, 0, 0, 0, 0, 0, 0, 0, 0
22151, 0, 0.261127, -0.375003, 0, 0, 0, 0, 0, -0.138873, 0, 0, 0
22160, 0, 0.26368, -0.354965, 0, 0, 0, 0, 0, -0.111323, 0, 0, 0
22170, 0, 0.26368, -0.338534, 0, 0, 0, 0, 0, -0.0912847, 0, 0, 0
22180, 0, 0.26368, -0.32506, 0, 0, 0, 0, 0, -0.0748535, 0, 0, 0
22191, 0, 0.26368, -0.314012, 0, 0, 0, 0, 0, -0.0613798, 0, 0, 0
22200, 0, 0.253768, -0.303168, 0, 0, 0, 0, 0, -0.0602432, 0, 0, 0
22210, 0, 0.26368, -0.29606, 0, 0, 0, 0, 0, -0.0394877, 0, 0, 0
22220, 0, 0.26368, -0.290232, 0, 0, 0, 0, 0, -0.0323799, 0, 0, 0
22231, 0, 0.26368, -0.285452, 0, 0, 0, 0, 0, -0.0265515, 0, 0, 0
22240, 0, 0.251411, -0.279325, 0, 0, 0, 0, 0, -0.0340416, 0, 0, 0
22250, 0, 0.253768, -0.274725, 0, 0, 0, 0, 0, -0.0255565, 0, 0, 0
22260, 0, 0.251411, -0.270528, 0, 0, 0, 0, 0, -0.023314, 0, 0, 0
22270, 0, 0.253768, -0.267511, 0, 0, 0, 0, 0, -0.0167598, 0, 0, 0
22280, 0, 0.26368, -0.266822, 0, 0, 0, 0, 0, -0.0038313, 0, 0, 0
22290, 0, 0.261127, -0.265797, 0, 0, 0, 0, 0, -0.00569469, 0, 0, 0
22300, 0, 0.256173, -0.264064, 0, 0, 0, 0, 0, -0.009624, 0, 0, 0
22310, 0, 0.24683, -0.260962, 0, 0, 0, 0, 0, -0.0172342, 0, 0, 0
22321, 0, 0.261127, -0.260992, 0, 0, 0, 0, 0, 0.000164837, 0, 0, 0
22330, 0, 0.271662, -0.262912, 0, 0, 0, 0, 0, 0.0106697, 0, 0, 0
22340, 0, 0.251411, -0.260842, 0, 0, 0, 0, 0, -0.0115018, 0, 0, 0
22350, 0, 0.253768, -0.259569, 0, 0, 0, 0, 0, -0.00707379, 0, 0, 0
22361, 0, 0.26368, -0.260309, 0, 0, 0, 0, 0, 0.0041112, 0, 0, 0
22370, 0, 0.251411, -0.258707, 0, 0, 0, 0, 0, -0.0088982, 0, 0, 0
22380, 0, 0.253768, -0.257818, 0, 0, 0, 0, 0, -0.00493887, 0, 0, 0
22390, 0, 0.253768, -0.257089, 0, 0, 0, 0, 0, -0.00404987, 0, 0, 0
22401, 0, 0.26368, -0.258276, 0, 0, 0, 0, 0, 0.00659081, 0, 0, 0
22410, 0, 0.26368, -0.259248, 0, 0, 0, 0, 0, 0.00540447, 0, 0, 0
22420, 0, 0.26368, -0.260046, 0, 0, 0, 0, 0, 0.00443166, 0, 0, 0
22430, 0, 0.253768, -0.258916, 0, 0, 0, 0, 0, -0.00627774, 0, 0, 0
22440, 0, 0.253768, -0.25799, 0, 0, 0, 0, 0, -0.00514776, 0, 0, 0
22450, 0, 0.26368, -0.259014, 0, 0, 0, 0, 0, 0.00569054, 0, 0, 0
22460, 0, 0.26368, -0.259854, 0, 0, 0, 0, 0, 0.00466624, 0, 0, 0
22470, 0, 0.251411, -0.258334, 0, 0, 0, 0, 0, -0.00844306, 0, 0, 0
22480, 0, 0.274435, -0.261232, 0, 0, 0, 0, 0, 0.0161013, 0, 0, 0
22491, 0, 0.268946, -0.262621, 0, 0, 0, 0, 0, 0.00771344, 0, 0, 0
22500, 0, 0.26368, -0.262811, 0, 0, 0, 0, 0, 0.00105938, 0, 0, 0
22510, 0, 0.26368, -0.262968, 0, 0, 0, 0, 0, 0.000868708, 0, 0, 0
22520, 0, 0.26368, -0.263096, 0, 0, 0, 0, 0, 0.000712335, 0, 0, 0
22531, 0, 0.251411, -0.260993, 0, 0, 0, 0, 0, -0.0116853, 0, 0, 0
22540, 0, 0.253768, -0.259692, 0, 0, 0, 0, 0, -0.00722423, 0, 0, 0
22550, 0, 0.274435, -0.262346, 0, 0, 0, 0, 0, 0.0147431, 0, 0, 0
22560, 0, 0.251411, -0.260378, 0, 0, 0, 0, 0, -0.0109353, 0, 0, 0
22571, 0, 0.253768, -0.259188, 0, 0, 0, 0, 0, -0.00660926, 0, 0, 0
22580, 0, 0.251411, -0.257788, 0, 0, 0, 0, 0, -0.00777724, 0, 0, 0
22590, 0, 0.253768, -0.257064, 0, 0, 0, 0, 0, -0.00401968, 0, 0, 0
22600, 0, 0.253768, -0.256471, 0, 0, 0, 0, 0, -0.00329614, 0, 0, 0
22610, 0, 0.251411, -0.25556, 0, 0, 0, 0, 0, -0.00506049, 0, 0, 0
22621, 0, 0.253768, -0.255238, 0, 0, 0, 0, 0, -0.00179195, 0, 0, 0
22630, 0, 0.244605, -0.253324, 0, 0, 0, 0, 0, -0.0106331, 0, 0, 0
22640, 0, 0.242421, -0.251361, 0, 0, 0, 0, 0, -0.010903, 0, 0, 0
22650, 0, 0.238173, -0.248987, 0, 0, 0, 0, 0, -0.0131879, 0, 0, 0
22661, 0, 0.24683, -0.248599, 0, 0, 0, 0, 0, -0.00215727, 0, 0, 0
22670, 0, 0.26368, -0.251314, 0, 0, 0, 0, 0, 0.015081, 0, 0, 0
22680, 0, 0.266286, -0.254009, 0, 0, 0, 0, 0, 0.0149721, 0, 0, 0
22690, 0, 0.251411, -0.253541, 0, 0, 0, 0, 0, -0.00259796, 0, 0, 0
22701, 0, 0.253768, -0.253582, 0, 0, 0, 0, 0, 0.000227332, 0, 0, 0
22710, 0, 0.26368, -0.2554, 0, 0, 0, 0, 0, 0.0100981, 0, 0, 0
22720, 0, 0.251411, -0.254682, 0, 0, 0, 0, 0, -0.00398892, 0, 0, 0
22730, 0, 0.251411, -0.254093, 0, 0, 0, 0, 0, -0.00327092, 0, 0, 0
22740, 0, 0.26368, -0.255819, 0, 0, 0, 0, 0, 0.00958723, 0, 0, 0
22750, 0, 0.251411, -0.255025, 0, 0, 0, 0, 0, -0.00440785, 0, 0, 0
22760, 0, 0.253768, -0.254799, 0, 0, 0, 0, 0, -0.00125676, 0, 0, 0
22770, 0, 0.26368, -0.256398, 0, 0, 0, 0, 0, 0.00888118, 0, 0, 0
22780, 0, 0.261127, -0.257249, 0, 0, 0, 0, 0, 0.00472954, 0, 0, 0
22791, 0, 0.26368, -0.258406, 0, 0, 0, 0, 0, 0.00643125, 0, 0, 0
22800, 0, 0.242421, -0.255529, 0, 0, 0, 0, 0, -0.0159856, 0, 0, 0
22810, 0, 0.244605, -0.253563, 0, 0, 0, 0, 0, -0.0109243, 0, 0, 0
22820, 0, 0.253768, -0.2536, 0, 0, 0, 0, 0, 0.000205725, 0, 0, 0
22831, 0, 0.26368, -0.255414, 0, 0, 0, 0, 0, 0.0100804, 0, 0, 0
22840, 0, 0.26368, -0.256902, 0, 0, 0, 0, 0, 0.00826591, 0, 0, 0
22850, 0, 0.253768, -0.256338, 0, 0, 0, 0, 0, -0.00313365, 0, 0, 0
22860, 0, 0.26368, -0.25766, 0, 0, 0, 0, 0, 0.00734213, 0, 0, 0
22871, 0, 0.26368, -0.258743, 0, 0, 0, 0, 0, 0.00602055, 0, 0, 0
22880, 0, 0.251411, -0.257423, 0, 0, 0, 0, 0, -0.00733253, 0, 0, 0
22890, 0, 0.253768, -0.256765, 0, 0, 0, 0, 0, -0.00365502, 0, 0, 0
22900, 0, 0.26368, -0.25801, 0, 0, 0, 0, 0, 0.00691462, 0, 0, 0
22910, 0, 0.251411, -0.256822, 0, 0, 0, 0, 0, -0.0065994, 0, 0, 0
22920, 0, 0.253768, -0.256272, 0, 0, 0, 0, 0, -0.00305384, 0, 0, 0
22930, 0, 0.251411, -0.255397, 0, 0, 0, 0, 0, -0.0048618, 0, 0, 0
22940, 0, 0.261127, -0.256429, 0, 0, 0, 0, 0, 0.00572968, 0, 0, 0
22950, 0, 0.26368, -0.257734, 0, 0, 0, 0, 0, 0.00725135, 0, 0, 0
22961, 0, 0.251411, -0.256596, 0, 0, 0, 0, 0, -0.00632328, 0, 0, 0
22970, 0, 0.253768, -0.256087, 0, 0, 0, 0, 0, -0.00282744, 0, 0, 0
22980, 0, 0.26368, -0.257454, 0, 0, 0, 0, 0, 0.00759321, 0, 0, 0
22990, 0, 0.253768, -0.25679, 0, 0, 0, 0, 0, -0.00368527, 0, 0, 0
23001, 0, 0.24683, -0.254997, 0, 0, 0, 0, 0, -0.00996013, 0, 0, 0
23010, 0, 0.256173, -0.255209, 0, 0, 0, 0, 0, 0.00117522, 0, 0, 0
23020, 0, 0.261127, -0.256274, 0, 0, 0, 0, 0, 0.00591806, 0, 0, 0
23030, 0, 0.26368, -0.257607, 0, 0, 0, 0, 0, 0.00740582, 0, 0, 0
23041, 0, 0.261127, -0.258241, 0, 0, 0, 0, 0, 0.00351974, 0, 0, 0
23050, 0, 0.26368, -0.25922, 0, 0, 0, 0, 0, 0.00543919, 0, 0, 0
23060, 0, 0.253768, -0.258239, 0, 0, 0, 0, 0, -0.00545159, 0, 0, 0
23070, 0, 0.253768, -0.257434, 0, 0, 0, 0, 0, -0.00447032, 0, 0, 0
23080, 0, 0.253768, -0.256774, 0, 0, 0, 0, 0, -0.00366566, 0, 0, 0
23090, 0, 0.253768, -0.256233, 0, 0, 0, 0, 0, -0.00300583, 0, 0, 0
23100, 0, 0.26368, -0.257574, 0, 0, 0, 0, 0, 0.00744694, 0, 0, 0
23110, 0, 0.26368, -0.258673, 0, 0, 0, 0, 0, 0.0061065, 0, 0, 0
23120, 0, 0.251411, -0.257366, 0, 0, 0, 0, 0, -0.00726205, 0, 0, 0
23131, 0, 0.261127, -0.258043, 0, 0, 0, 0, 0, 0.00376147, 0, 0, 0
23140, 0, 0.26368, -0.259057, 0, 0, 0, 0, 0, 0.00563741, 0, 0, 0
23150, 0, 0.261127, -0.25943, 0, 0, 0, 0, 0, 0.00206965, 0, 0, 0
23160, 0, 0.271662, -0.261632, 0, 0, 0, 0, 0, 0.0122317, 0, 0, 0
23171, 0, 0.24683, -0.258967, 0, 0, 0, 0, 0, -0.0148015, 0, 0, 0
23180, 0, 0.261127, -0.259356, 0, 0, 0, 0, 0, 0.00215968, 0, 0, 0
23190, 0, 0.26368, -0.260134, 0, 0, 0, 0, 0, 0.00432396, 0, 0, 0
23200, 0, 0.261127, -0.260313, 0, 0, 0, 0, 0, 0.000992626, 0, 0, 0
23211, 0, 0.253768, -0.259135, 0, 0, 0, 0, 0, -0.00654474, 0, 0, 0
23220, 0, 0.253768, -0.258169, 0, 0, 0, 0, 0, -0.00536668, 0, 0, 0
23230, 0, 0.261127, -0.258701, 0, 0, 0, 0, 0, 0.00295803, 0, 0, 0
23240, 0, 0.266286, -0.260067, 0, 0, 0, 0, 0, 0.00758427, 0, 0, 0
23250, 0, 0.253768, -0.258933, 0, 0, 0, 0, 0, -0.00629827, 0, 0, 0
23261, 0, 0.251411, -0.257579, 0, 0, 0, 0, 0, -0.00752226, 0, 0, 0
23270, 0, 0.251411, -0.256469, 0, 0, 0, 0, 0, -0.00616825, 0, 0, 0
23280, 0, 0.261127, -0.257307, 0, 0, 0, 0, 0, 0.0046584, 0, 0, 0
23290, 0, 0.253768, -0.25667, 0, 0, 0, 0, 0, -0.00353882, 0, 0, 0
23301, 0, 0.253768, -0.256148, 0, 0, 0, 0, 0, -0.00290182, 0, 0, 0
23310, 0, 0.253768, -0.25572, 0, 0, 0, 0, 0, -0.00237951, 0, 0, 0
23320, 0, 0.253768, -0.255368, 0, 0, 0, 0, 0, -0.00195119, 0, 0, 0
23330, 0, 0.256173, -0.255513, 0, 0, 0, 0, 0, 0.000804365, 0, 0, 0
23341, 0, 0.261127, -0.256524, 0, 0, 0, 0, 0, 0.00561395, 0, 0, 0
23350, 0, 0.256173, -0.25646, 0, 0, 0, 0, 0, -0.000350922, 0, 0, 0
23360, 0, 0.256173, -0.256409, 0, 0, 0, 0, 0, -0.000287741, 0, 0, 0
23370, 0, 0.251411, -0.255509, 0, 0, 0, 0, 0, -0.00499794, 0, 0, 0
23380, 0, 0.253768, -0.255196, 0, 0, 0, 0, 0, -0.00174063, 0, 0, 0
23390, 0, 0.251411, -0.254514, 0, 0, 0, 0, 0, -0.00378498, 0, 0, 0
23400, 0, 0.253768, -0.25438, 0, 0, 0, 0, 0, -0.000746012, 0, 0, 0
23410, 0, 0.253768, -0.25427, 0, 0, 0, 0, 0, -0.000611722, 0, 0, 0
23420, 0, 0.251411, -0.253755, 0, 0, 0, 0, 0, -0.00285926, 0, 0, 0
23431, 0, 0.253768, -0.253758, 0, 0, 0, 0, 0, 1.30534e-05, 0, 0, 0
23440, 0, 0.251411, -0.253335, 0, 0, 0, 0, 0, -0.00234696, 0, 0, 0
23450, 0, 0.261127, -0.254738, 0, 0, 0, 0, 0, 0.00779185, 0, 0, 0
23460, 0, 0.26368, -0.256347, 0, 0, 0, 0, 0, 0.00894234, 0, 0, 0
23471, 0, 0.251411, -0.255459, 0, 0, 0, 0, 0, -0.00493667, 0, 0, 0
23480, 0, 0.251411, -0.25473, 0, 0, 0, 0, 0, -0.00404808, 0, 0, 0
23490, 0, 0.253768, -0.254557, 0, 0, 0, 0, 0, -0.000961751, 0, 0, 0
23500, 0, 0.261127, -0.25574, 0, 0, 0, 0, 0, 0.00657007, 0, 0, 0
23511, 0, 0.26368, -0.257169, 0, 0, 0, 0, 0, 0.00794047, 0, 0, 0
23520, 0, 0.258625, -0.257431, 0, 0, 0, 0, 0, 0.0014562, 0, 0, 0
23530, 0, 0.261127, -0.258096, 0, 0, 0, 0, 0, 0.00369605, 0, 0, 0
23540, 0, 0.26368, -0.259101, 0, 0, 0, 0, 0, 0.00558379, 0, 0, 0
23550, 0, 0.261127, -0.259466, 0, 0, 0, 0, 0, 0.00202569, 0, 0, 0
23560, 0, 0.251411, -0.258016, 0, 0, 0, 0, 0, -0.0080553, 0, 0, 0
23570, 0, 0.253768, -0.257251, 0, 0, 0, 0, 0, -0.0042477, 0, 0, 0
23580, 0, 0.251411, -0.2562, 0, 0, 0, 0, 0, -0.00584078, 0, 0, 0
23590, 0, 0.253768, -0.255762, 0, 0, 0, 0, 0, -0.00243178, 0, 0, 0
23601, 0, 0.26368, -0.257188, 0, 0, 0, 0, 0, 0.00791764, 0, 0, 0
23610, 0, 0.26368, -0.258356, 0, 0, 0, 0, 0, 0.00649247, 0, 0, 0
23620, 0, 0.26368, -0.259315, 0, 0, 0, 0, 0, 0.00532383, 0, 0, 0
23630, 0, 0.251411, -0.257892, 0, 0, 0, 0, 0, -0.00790384, 0, 0, 0
23641, 0, 0.26368, -0.258934, 0, 0, 0, 0, 0, 0.00578824, 0, 0, 0
23650, 0, 0.26368, -0.259788, 0, 0, 0, 0, 0, 0.00474635, 0, 0, 0
23660, 0, 0.261127, -0.260029, 0, 0, 0, 0, 0, 0.00133899, 0, 0, 0
23670, 0, 0.26368, -0.260686, 0, 0, 0, 0, 0, 0.00365099, 0, 0, 0
23681, 0, 0.266286, -0.261694, 0, 0, 0, 0, 0, 0.0055995, 0, 0, 0
23690, 0, 0.26368, -0.262052, 0, 0, 0, 0, 0, 0.00198591, 0, 0, 0
23700, 0, 0.253768, -0.260561, 0, 0, 0, 0, 0, -0.00828326, 0, 0, 0
23710, 0, 0.24683, -0.258089, 0, 0, 0, 0, 0, -0.0137305, 0, 0, 0
23720, 0, 0.26368, -0.259096, 0, 0, 0, 0, 0, 0.00559092, 0, 0, 0
23731, 0, 0.26368, -0.259921, 0, 0, 0, 0, 0, 0.00458455, 0, 0, 0
23740, 0, 0.251411, -0.258389, 0, 0, 0, 0, 0, -0.00851005, 0, 0, 0
23750, 0, 0.256173, -0.25799, 0, 0, 0, 0, 0, -0.00221625, 0, 0, 0
23760, 0, 0.26368, -0.259014, 0, 0, 0, 0, 0, 0.00569007, 0, 0, 0
23771, 0, 0.251411, -0.257646, 0, 0, 0, 0, 0, -0.00760353, 0, 0, 0
23780, 0, 0.253768, -0.256948, 0, 0, 0, 0, 0, -0.00387722, 0, 0, 0
23790, 0, 0.253768, -0.256375, 0, 0, 0, 0, 0, -0.00317931, 0, 0, 0
23800, 0, 0.251411, -0.255482, 0, 0, 0, 0, 0, -0.00496471, 0, 0, 0
23811, 0, 0.253768, -0.255173, 0, 0, 0, 0, 0, -0.0017134, 0, 0, 0
23820, 0, 0.261127, -0.256245, 0, 0, 0, 0, 0, 0.00595373, 0, 0, 0
23830, 0, 0.26368, -0.257583, 0, 0, 0, 0, 0, 0.00743508, 0, 0, 0
23840, 0, 0.26368, -0.258681, 0, 0, 0, 0, 0, 0.00609678, 0, 0, 0
23851, 0, 0.26368, -0.259581, 0, 0, 0, 0, 0, 0.00499937, 0, 0, 0
23860, 0, 0.26368, -0.260318, 0, 0, 0, 0, 0, 0.00409949, 0, 0, 0
23870, 0, 0.256173, -0.259572, 0, 0, 0, 0, 0, -0.0041458, 0, 0, 0
23880, 0, 0.249098, -0.257687, 0, 0, 0, 0, 0, -0.0104738, 0, 0, 0
23890, 0, 0.253768, -0.256982, 0, 0, 0, 0, 0, -0.00391859, 0, 0, 0
23901, 0, 0.261127, -0.257728, 0, 0, 0, 0, 0, 0.00414544, 0, 0, 0
23910, 0, 0.26368, -0.258799, 0, 0, 0, 0, 0, 0.00595227, 0, 0, 0
23920, 0, 0.26368, -0.259678, 0, 0, 0, 0, 0, 0.00488088, 0, 0, 0
23930, 0, 0.251411, -0.25819, 0, 0, 0, 0, 0, -0.00826707, 0, 0, 0
23941, 0, 0.253768, -0.257394, 0, 0, 0, 0, 0, -0.00442135, 0, 0, 0
23950, 0, 0.26368, -0.258525, 0, 0, 0, 0, 0, 0.0062862, 0, 0, 0
23960, 0, 0.251411, -0.257245, 0, 0, 0, 0, 0, -0.00711468, 0, 0, 0
23970, 0, 0.253768, -0.256619, 0, 0, 0, 0, 0, -0.00347638, 0, 0, 0
23981, 0, 0.258625, -0.25698, 0, 0, 0, 0, 0, 0.00200611, 0, 0, 0
23990, 0, 0.251411, -0.255978, 0, 0, 0, 0, 0, -0.0055694, 0, 0, 0
24000, 0, 0.253768, -0.25558, 0, 0, 0, 0, 0, -0.00220925, 0, 0, 0
24010, 0, 0.251411, -0.254829, 0, 0, 0, 0, 0, -0.00416926, 0, 0, 0
24020, 0, 0.253768, -0.254638, 0, 0, 0, 0, 0, -0.00106114, 0, 0, 0
24030, 0, 0.253768, -0.254482, 0, 0, 0, 0, 0, -0.000870138, 0, 0, 0
24040, 0, 0.251411, -0.253929, 0, 0, 0, 0, 0, -0.00307119, 0, 0, 0
24050, 0, 0.24683, -0.252651, 0, 0, 0, 0, 0, -0.00709893, 0, 0, 0
24060, 0, 0.24683, -0.251603, 0, 0, 0, 0, 0, -0.00582112, 0, 0, 0
24071, 0, 0.26368, -0.253777, 0, 0, 0, 0, 0, 0.0120766, 0, 0, 0
24080, 0, 0.26368, -0.25556, 0, 0, 0, 0, 0, 0.00990281, 0, 0, 0
24090, 0, 0.251411, -0.254813, 0, 0, 0, 0, 0, -0.00414908, 0, 0, 0
24100, 0, 0.253768, -0.254625, 0, 0, 0, 0, 0, -0.00104457, 0, 0, 0
24111, 0, 0.253768, -0.254471, 0, 0, 0, 0, 0, -0.000856549, 0, 0, 0
24120, 0, 0.261127, -0.255669, 0, 0, 0, 0, 0, 0.00665632, 0, 0, 0
24130, 0, 0.26368, -0.257111, 0, 0, 0, 0, 0, 0.00801119, 0, 0, 0
24140, 0, 0.253768, -0.256509, 0, 0, 0, 0, 0, -0.00334254, 0, 0, 0
24151, 0, 0.251411, -0.255592, 0, 0, 0, 0, 0, -0.00509855, 0, 0, 0
24160, 0, 0.253768, -0.255263, 0, 0, 0, 0, 0, -0.00182316, 0, 0, 0
24170, 0, 0.251411, -0.25457, 0, 0, 0, 0, 0, -0.00385264, 0, 0, 0
24180, 0, 0.26368, -0.25621, 0, 0, 0, 0, 0, 0.00911021, 0, 0, 0
24190, 0, 0.26368, -0.257554, 0, 0, 0, 0, 0, 0.00747037, 0, 0, 0
24200, 0, 0.26368, -0.258657, 0, 0, 0, 0, 0, 0.00612569, 0, 0, 0
24210, 0, 0.26368, -0.259561, 0, 0, 0, 0, 0, 0.00502306, 0, 0, 0
24220, 0, 0.238173, -0.255711, 0, 0, 0, 0, 0, -0.0213878, 0, 0, 0
24230, 0, 0.251411, -0.254937, 0, 0, 0, 0, 0, -0.00430065, 0, 0, 0
24241, 0, 0.253768, -0.254727, 0, 0, 0, 0, 0, -0.00116888, 0, 0, 0
24250, 0, 0.266286, -0.256807, 0, 0, 0, 0, 0, 0.0115589, 0, 0, 0
24260, 0, 0.261127, -0.257585, 0, 0, 0, 0, 0, 0.00431961, 0, 0, 0
24270, 0, 0.26368, -0.258682, 0, 0, 0, 0, 0, 0.00609508, 0, 0, 0
24281, 0, 0.261127, -0.259122, 0, 0, 0, 0, 0, 0.00244495, 0, 0, 0
24290, 0, 0.26368, -0.259943, 0, 0, 0, 0, 0, 0.00455788, 0, 0, 0
24300, 0, 0.253768, -0.258831, 0, 0, 0, 0, 0, -0.00617427, 0, 0, 0
24310, 0, 0.251411, -0.257496, 0, 0, 0, 0, 0, -0.00742057, 0, 0, 0
24321, 0, 0.253768, -0.256825, 0, 0, 0, 0, 0, -0.0037272, 0, 0, 0
24330, 0, 0.251411, -0.25585, 0, 0, 0, 0, 0, -0.00541395, 0, 0, 0
24340, 0, 0.251411, -0.255051, 0, 0, 0, 0, 0, -0.00443944, 0, 0, 0
24350, 0, 0.253768, -0.25482, 0, 0, 0, 0, 0, -0.00128269, 0, 0, 0
24360, 0, 0.251411, -0.254206, 0, 0, 0, 0, 0, -0.00340948, 0, 0, 0
24370, 0, 0.253768, -0.254128, 0, 0, 0, 0, 0, -0.000438094, 0, 0, 0
24380, 0, 0.261127, -0.255387, 0, 0, 0, 0, 0, 0.00699946, 0, 0, 0
24390, 0, 0.261127, -0.256421, 0, 0, 0, 0, 0, 0.00573957, 0, 0, 0
24400, 0, 0.256173, -0.256376, 0, 0, 0, 0, 0, -0.000247926, 0, 0, 0
24411, 0, 0.24683, -0.254658, 0, 0, 0, 0, 0, -0.00954585, 0, 0, 0
24420, 0, 0.261127, -0.255822, 0, 0, 0, 0, 0, 0.00646931, 0, 0, 0
24430, 0, 0.26368, -0.257237, 0, 0, 0, 0, 0, 0.00785786, 0, 0, 0
24440, 0, 0.253768, -0.256612, 0, 0, 0, 0, 0, -0.00346828, 0, 0, 0
24451, 0, 0.253768, -0.2561, 0, 0, 0, 0, 0, -0.00284398, 0, 0, 0
24460, 0, 0.256173, -0.256113, 0, 0, 0, 0, 0, 7.22706e-05, 0, 0, 0
24470, 0, 0.251411, -0.255267, 0, 0, 0, 0, 0, -0.00470275, 0, 0, 0
24480, 0, 0.253768, -0.254997, 0, 0, 0, 0, 0, -0.00149858, 0, 0, 0
24491, 0, 0.251411, -0.254352, 0, 0, 0, 0, 0, -0.0035865, 0, 0, 0
24500, 0, 0.251411, -0.253822, 0, 0, 0, 0, 0, -0.00294092, 0, 0, 0
24510, 0, 0.253768, -0.253813, 0, 0, 0, 0, 0, -5.38826e-05, 0, 0, 0
24520, 0, 0.251411, -0.25338, 0, 0, 0, 0, 0, -0.00240186, 0, 0, 0
24530, 0, 0.253768, -0.25345, 0, 0, 0, 0, 0, 0.000388145, 0, 0, 0
24541, 0, 0.253768, -0.253507, 0, 0, 0, 0, 0, 0.000318289, 0, 0, 0
24550, 0, 0.251411, -0.25313, 0, 0, 0, 0, 0, -0.00209665, 0, 0, 0
24560, 0, 0.253768, -0.253245, 0, 0, 0, 0, 0, 0.000638396, 0, 0, 0
24570, 0, 0.24683, -0.25209, 0, 0, 0, 0, 0, -0.00641473, 0, 0, 0
24581, 0, 0.251411, -0.251968, 0, 0, 0, 0, 0, -0.000679523, 0, 0, 0
24590, 0, 0.253768, -0.252292, 0, 0, 0, 0, 0, 0.00180045, 0, 0, 0
24600, 0, 0.274435, -0.256278, 0, 0, 0, 0, 0, 0.0221434, 0, 0, 0
24610, 0, 0.253768, -0.255826, 0, 0, 0, 0, 0, -0.00250942, 0, 0, 0
24621, 0, 0.253768, -0.255456, 0, 0, 0, 0, 0, -0.00205773, 0, 0, 0
24630, 0, 0.251411, -0.254728, 0, 0, 0, 0, 0, -0.00404501, 0, 0, 0
24640, 0, 0.253768, -0.254555, 0, 0, 0, 0, 0, -0.000959247, 0, 0, 0
24650, 0, 0.26368, -0.256197, 0, 0, 0, 0, 0, 0.00912514, 0, 0, 0
24660, 0, 0.256173, -0.256193, 0, 0, 0, 0, 0, -2.47657e-05, 0, 0, 0
24670, 0, 0.26368, -0.257541, 0, 0, 0, 0, 0, 0.00748709, 0, 0, 0
24680, 0, 0.251411, -0.256437, 0, 0, 0, 0, 0, -0.00612995, 0, 0, 0
24690, 0, 0.266286, -0.25821, 0, 0, 0, 0, 0, 0.00984851, 0, 0, 0
24700, 0, 0.26368, -0.259195, 0, 0, 0, 0, 0, 0.0054701, 0, 0, 0
24711, 0, 0.251411, -0.257793, 0, 0, 0, 0, 0, -0.00778389, 0, 0, 0
24720, 0, 0.253768, -0.257069, 0, 0, 0, 0, 0, -0.00402513, 0, 0, 0
24730, 0, 0.261127, -0.257799, 0, 0, 0, 0, 0, 0.00405809, 0, 0, 0
24740, 0, 0.251411, -0.256649, 0, 0, 0, 0, 0, -0.00638872, 0, 0, 0
24751, 0, 0.244605, -0.254481, 0, 0, 0, 0, 0, -0.0120447, 0, 0, 0
24760, 0, 0.236107, -0.251174, 0, 0, 0, 0, 0, -0.0183739, 0, 0, 0
24770, 0, 0.261127, -0.252966, 0, 0, 0, 0, 0, 0.00995299, 0, 0, 0
24780, 0, 0.26368, -0.254894, 0, 0, 0, 0, 0, 0.0107145, 0, 0, 0
24791, 0, 0.26368, -0.256476, 0, 0, 0, 0, 0, 0.00878587, 0, 0, 0
24800, 0, 0.26368, -0.257772, 0, 0, 0, 0, 0, 0.00720441, 0, 0, 0
24810, 0, 0.244605, -0.255402, 0, 0, 0, 0, 0, -0.0131678, 0, 0, 0
24820, 0, 0.261127, -0.256433, 0, 0, 0, 0, 0, 0.00572482, 0, 0, 0
24830, 0, 0.26368, -0.257737, 0, 0, 0, 0, 0, 0.00724736, 0, 0, 0
24840, 0, 0.253768, -0.257023, 0, 0, 0, 0, 0, -0.00396889, 0, 0, 0
24850, 0, 0.274435, -0.260157, 0, 0, 0, 0, 0, 0.0174125, 0, 0, 0
24860, 0, 0.271662, -0.262228, 0, 0, 0, 0, 0, 0.0115045, 0, 0, 0
24870, 0, 0.251411, -0.260281, 0, 0, 0, 0, 0, -0.0108172, 0, 0, 0
24881, 0, 0.251411, -0.258684, 0, 0, 0, 0, 0, -0.00887012, 0, 0, 0
24890, 0, 0.253768, -0.257799, 0, 0, 0, 0, 0, -0.00491583, 0, 0, 0
24900, 0, 0.261127, -0.258398, 0, 0, 0, 0, 0, 0.00332773, 0, 0, 0
24910, 0, 0.271662, -0.260786, 0, 0, 0, 0, 0, 0.0132633, 0, 0, 0
24921, 0, 0.24683, -0.258274, 0, 0, 0, 0, 0, -0.0139556, 0, 0, 0
24930, 0, 0.251411, -0.257038, 0, 0, 0, 0, 0, -0.00686303, 0, 0, 0
24940, 0, 0.253768, -0.25645, 0, 0, 0, 0, 0, -0.00327003, 0, 0, 0
24950, 0, 0.251411, -0.255543, 0, 0, 0, 0, 0, -0.0050391, 0, 0, 0
24961, 0, 0.26368, -0.257007, 0, 0, 0, 0, 0, 0.00813732, 0, 0, 0
24970, 0, 0.26368, -0.258209, 0, 0, 0, 0, 0, 0.00667259, 0, 0, 0
24980, 0, 0.26368, -0.259193, 0, 0, 0, 0, 0, 0.00547153, 0, 0, 0
24990, 0, 0.26368, -0.260001, 0, 0, 0, 0, 0, 0.00448665, 0, 0, 0
25000, 0, 0.253768, -0.258879, 0, 0, 0, 0, 0, -0.00623265, 0, 0, 0
25010, 0, 0.26368, -0.259743, 0, 0, 0, 0, 0, 0.00480095, 0, 0, 0
25020, 0, 0.26368, -0.260452, 0, 0, 0, 0, 0, 0.00393677, 0, 0, 0
25030, 0, 0.26368, -0.261033, 0, 0, 0, 0, 0, 0.00322816, 0, 0, 0
25040, 0, 0.26368, -0.261509, 0, 0, 0, 0, 0, 0.0026471, 0, 0, 0
25051, 0, 0.26368, -0.2619, 0, 0, 0, 0, 0, 0.00217062, 0, 0, 0
25060, 0, 0.251411, -0.260012, 0, 0, 0, 0, 0, -0.0104895, 0, 0, 0
25070, 0, 0.253768, -0.258888, 0, 0, 0, 0, 0, -0.00624371, 0, 0, 0
25080, 0, 0.253768, -0.257967, 0, 0, 0, 0, 0, -0.00511983, 0, 0, 0
25091, 0, 0.26368, -0.258995, 0, 0, 0, 0, 0, 0.00571346, 0, 0, 0
25100, 0, 0.253768, -0.258054, 0, 0, 0, 0, 0, -0.00522667, 0, 0, 0
25110, 0, 0.256173, -0.257716, 0, 0, 0, 0, 0, -0.00188154, 0, 0, 0
25120, 0, 0.261127, -0.25833, 0, 0, 0, 0, 0, 0.0034115, 0, 0, 0
25131, 0, 0.26368, -0.259293, 0, 0, 0, 0, 0, 0.00535044, 0, 0, 0
25140, 0, 0.261127, -0.259623, 0, 0, 0, 0, 0, 0.00183433, 0, 0, 0
25150, 0, 0.26368, -0.260353, 0, 0, 0, 0, 0, 0.00405717, 0, 0, 0
25160, 0, 0.26368, -0.260952, 0, 0, 0, 0, 0, 0.00332689, 0, 0, 0
25170, 0, 0.261127, -0.260984, 0, 0, 0, 0, 0, 0.000175029, 0, 0, 0
25180, 0, 0.26368, -0.261469, 0, 0, 0, 0, 0, 0.00269654, 0, 0, 0
25190, 0, 0.26368, -0.261867, 0, 0, 0, 0, 0, 0.00221115, 0, 0, 0
25200, 0, 0.26368, -0.262193, 0, 0, 0, 0, 0, 0.00181314, 0, 0, 0
25210, 0, 0.26368, -0.262461, 0, 0, 0, 0, 0, 0.00148678, 0, 0, 0
25221, 0, 0.251411, -0.260472, 0, 0, 0, 0, 0, -0.0110502, 0, 0, 0
25230, 0, 0.251411, -0.258841, 0, 0, 0, 0, 0, -0.00906119, 0, 0, 0
25240, 0, 0.253768, -0.257928, 0, 0, 0, 0, 0, -0.0050725, 0, 0, 0
25250, 0, 0.251411, -0.256755, 0, 0, 0, 0, 0, -0.00651711, 0, 0, 0
25261, 0, 0.253768, -0.256217, 0, 0, 0, 0, 0, -0.00298637, 0, 0, 0
25270, 0, 0.24683, -0.254528, 0, 0, 0, 0, 0, -0.00938703, 0, 0, 0
25280, 0, 0.251411, -0.253966, 0, 0, 0, 0, 0, -0.00311682, 0, 0, 0
25290, 0, 0.253768, -0.253931, 0, 0, 0, 0, 0, -0.000198126, 0, 0, 0
25300, 0, 0.258625, -0.254776, 0, 0, 0, 0, 0, 0.00469428, 0, 0, 0
25310, 0, 0.26368, -0.256379, 0, 0, 0, 0, 0, 0.00890428, 0, 0, 0
25320, 0, 0.26368, -0.257693, 0, 0, 0, 0, 0, 0.00730151, 0, 0, 0
25330, 0, 0.253768, -0.256986, 0, 0, 0, 0, 0, -0.00392449, 0, 0, 0
25340, 0, 0.253768, -0.256407, 0, 0, 0, 0, 0, -0.00321808, 0, 0, 0
25351, 0, 0.26368, -0.257716, 0, 0, 0, 0, 0, 0.0072729, 0, 0, 0
25360, 0, 0.26368, -0.25879, 0, 0, 0, 0, 0, 0.00596377, 0, 0, 0
25370, 0, 0.253768, -0.257886, 0, 0, 0, 0, 0, -0.00502142, 0, 0, 0
25380, 0, 0.251411, -0.25672, 0, 0, 0, 0, 0, -0.00647524, 0, 0, 0
25391, 0, 0.26368, -0.257973, 0, 0, 0, 0, 0, 0.00695968, 0, 0, 0
25400, 0, 0.261127, -0.258541, 0, 0, 0, 0, 0, 0.00315392, 0, 0, 0
25410, 0, 0.251411, -0.257257, 0, 0, 0, 0, 0, -0.00713015, 0, 0, 0
25420, 0, 0.253768, -0.256629, 0, 0, 0, 0, 0, -0.00348905, 0, 0, 0
25431, 0, 0.253768, -0.256114, 0, 0, 0, 0, 0, -0.00286102, 0, 0, 0
25440, 0, 0.26368, -0.257476, 0, 0, 0, 0, 0, 0.00756568, 0, 0, 0
25450, 0, 0.253768, -0.256809, 0, 0, 0, 0, 0, -0.00370786, 0, 0, 0
25460, 0, 0.253768, -0.256261, 0, 0, 0, 0, 0, -0.00304043, 0, 0, 0
25470, 0, 0.261127, -0.257137, 0, 0, 0, 0, 0, 0.00486556, 0, 0, 0
25480, 0, 0.26368, -0.258315, 0, 0, 0, 0, 0, 0.00654277, 0, 0, 0
25490, 0, 0.251411, -0.257072, 0, 0, 0, 0, 0, -0.0069043, 0, 0, 0
25500, 0, 0.253768, -0.256478, 0, 0, 0, 0, 0, -0.00330386, 0, 0, 0
25510, 0, 0.26368, -0.257774, 0, 0, 0, 0, 0, 0.00720257, 0, 0, 0
25521, 0, 0.251411, -0.256629, 0, 0, 0, 0, 0, -0.00636327, 0, 0, 0
25530, 0, 0.253768, -0.256114, 0, 0, 0, 0, 0, -0.00286022, 0, 0, 0
25540, 0, 0.253768, -0.255692, 0, 0, 0, 0, 0, -0.00234538, 0, 0, 0
25550, 0, 0.242421, -0.253303, 0, 0, 0, 0, 0, -0.0132707, 0, 0, 0
25561, 0, 0.244605, -0.251737, 0, 0, 0, 0, 0, -0.00869812, 0, 0, 0
25570, 0, 0.261127, -0.253427, 0, 0, 0, 0, 0, 0.00938991, 0, 0, 0
25580, 0, 0.251411, -0.253064, 0, 0, 0, 0, 0, -0.00201663, 0, 0, 0
25590, 0, 0.253768, -0.253191, 0, 0, 0, 0, 0, 0.00070402, 0, 0, 0
25601, 0, 0.242421, -0.251252, 0, 0, 0, 0, 0, -0.0107702, 0, 0, 0
25610, 0, 0.244605, -0.250056, 0, 0, 0, 0, 0, -0.00664772, 0, 0, 0
25620, 0, 0.24683, -0.249475, 0, 0, 0, 0, 0, -0.00322567, 0, 0, 0
25630, 0, 0.261127, -0.251573, 0, 0, 0, 0, 0, 0.0116519, 0, 0, 0
25640, 0, 0.266286, -0.254221, 0, 0, 0, 0, 0, 0.0147132, 0, 0, 0
25650, 0, 0.261127, -0.255464, 0, 0, 0, 0, 0, 0.00690615, 0, 0, 0
25660, 0, 0.26368, -0.256943, 0, 0, 0, 0, 0, 0.00821605, 0, 0, 0
25670, 0, 0.26368, -0.258156, 0, 0, 0, 0, 0, 0.00673717, 0, 0, 0
25680, 0, 0.26368, -0.25915, 0, 0, 0, 0, 0, 0.00552449, 0, 0, 0
25691, 0, 0.26368, -0.259965, 0, 0, 0, 0, 0, 0.00453007, 0, 0, 0
25700, 0, 0.26368, -0.260634, 0, 0, 0, 0, 0, 0.00371465, 0, 0, 0
25710, 0, 0.266286, -0.261651, 0, 0, 0, 0, 0, 0.00565168, 0, 0, 0
25720, 0, 0.26368, -0.262017, 0, 0, 0, 0, 0, 0.0020287, 0, 0, 0
25731, 0, 0.251411, -0.260107, 0, 0, 0, 0, 0, -0.0106058, 0, 0, 0
25740, 0, 0.26368, -0.260751, 0, 0, 0, 0, 0, 0.00357258, 0, 0, 0
25750, 0, 0.26368, -0.261278, 0, 0, 0, 0, 0, 0.00292951, 0, 0, 0
25760, 0, 0.261127, -0.261251, 0, 0, 0, 0, 0, -0.00015083, 0, 0, 0
25771, 0, 0.26368, -0.261688, 0, 0, 0, 0, 0, 0.00242934, 0, 0, 0
25780, 0, 0.26368, -0.262047, 0, 0, 0, 0, 0, 0.00199205, 0, 0, 0
25790, 0, 0.242421, -0.258514, 0, 0, 0, 0, 0, -0.0196258, 0, 0, 0
25800, 0, 0.238173, -0.254853, 0, 0, 0, 0, 0, -0.0203407, 0, 0, 0
25810, 0, 0.277269, -0.258888, 0, 0, 0, 0, 0, 0.0224161, 0, 0, 0
25821, 0, 0.251411, -0.257542, 0, 0, 0, 0, 0, -0.00747687, 0, 0, 0
25830, 0, 0.253768, -0.256863, 0, 0, 0, 0, 0, -0.00377336, 0, 0, 0
25840, 0, 0.251411, -0.255881, 0, 0, 0, 0, 0, -0.00545183, 0, 0, 0
25850, 0, 0.253768, -0.255501, 0, 0, 0, 0, 0, -0.00211284, 0, 0, 0
25861, 0, 0.26368, -0.256973, 0, 0, 0, 0, 0, 0.00817919, 0, 0, 0
25870, 0, 0.261127, -0.257721, 0, 0, 0, 0, 0, 0.00415391, 0, 0, 0
25880, 0, 0.26368, -0.258794, 0, 0, 0, 0, 0, 0.00595921, 0, 0, 0
25890, 0, 0.26368, -0.259673, 0, 0, 0, 0, 0, 0.00488657, 0, 0, 0
25901, 0, 0.253768, -0.25861, 0, 0, 0, 0, 0, -0.00590473, 0, 0, 0
25910, 0, 0.253768, -0.257739, 0, 0, 0, 0, 0, -0.00484189, 0, 0, 0
25920, 0, 0.251411, -0.2566, 0, 0, 0, 0, 0, -0.00632802, 0, 0, 0
25930, 0, 0.253768, -0.25609, 0, 0, 0, 0, 0, -0.00283131, 0, 0, 0
25940, 0, 0.253768, -0.255672, 0, 0, 0, 0, 0, -0.00232166, 0, 0, 0
25950, 0, 0.253768, -0.255329, 0, 0, 0, 0, 0, -0.00190377, 0, 0, 0
25960, 0, 0.253768, -0.255048, 0, 0, 0, 0, 0, -0.00156111, 0, 0, 0
25970, 0, 0.256173, -0.255251, 0, 0, 0, 0, 0, 0.00112423, 0, 0, 0
25980, 0, 0.26368, -0.256768, 0, 0, 0, 0, 0, 0.00842926, 0, 0, 0
25991, 0, 0.266286, -0.258481, 0, 0, 0, 0, 0, 0.00951767, 0, 0, 0
26000, 0, 0.251411, -0.257209, 0, 0, 0, 0, 0, -0.00707057, 0, 0, 0
26010, 0, 0.251411, -0.256165, 0, 0, 0, 0, 0, -0.00579786, 0, 0, 0
26020, 0, 0.253768, -0.255734, 0, 0, 0, 0, 0, -0.00239658, 0, 0, 0
26031, 0, 0.251411, -0.254955, 0, 0, 0, 0, 0, -0.00432286, 0, 0, 0
26040, 0, 0.253768, -0.254742, 0, 0, 0, 0, 0, -0.00118709, 0, 0, 0
26050, 0, 0.253768, -0.254567, 0, 0, 0, 0, 0, -0.000973403, 0, 0, 0
26060, 0, 0.261127, -0.255747, 0, 0, 0, 0, 0, 0.0065605, 0, 0, 0
26071, 0, 0.26368, -0.257175, 0, 0, 0, 0, 0, 0.00793263, 0, 0, 0
26080, 0, 0.253768, -0.256562, 0, 0, 0, 0, 0, -0.00340697, 0, 0, 0
26090, 0, 0.251411, -0.255635, 0, 0, 0, 0, 0, -0.00515139, 0, 0, 0
26100, 0, 0.253768, -0.255299, 0, 0, 0, 0, 0, -0.00186649, 0, 0, 0
26110, 0, 0.261127, -0.256348, 0, 0, 0, 0, 0, 0.00582817, 0, 0, 0
26120, 0, 0.26368, -0.257668, 0, 0, 0, 0, 0, 0.00733212, 0, 0, 0
26130, 0, 0.271662, -0.260187, 0, 0, 0, 0, 0, 0.0139939, 0, 0, 0
26140, 0, 0.26368, -0.260815, 0, 0, 0, 0, 0, 0.00349346, 0, 0, 0
26150, 0, 0.249098, -0.258706, 0, 0, 0, 0, 0, -0.011717, 0, 0, 0
26161, 0, 0.268946, -0.260549, 0, 0, 0, 0, 0, 0.0102393, 0, 0, 0
26170, 0, 0.261127, -0.260653, 0, 0, 0, 0, 0, 0.000577599, 0, 0, 0
26180, 0, 0.26368, -0.261198, 0, 0, 0, 0, 0, 0.00302663, 0, 0, 0
26190, 0, 0.261127, -0.261185, 0, 0, 0, 0, 0, -7.11679e-05, 0, 0, 0
26201, 0, 0.26368, -0.261634, 0, 0, 0, 0, 0, 0.00249466, 0, 0, 0
26210, 0, 0.253768, -0.260219, 0, 0, 0, 0, 0, -0.00786608, 0, 0, 0
26220, 0, 0.251411, -0.258633, 0, 0, 0, 0, 0, -0.00880784, 0, 0, 0
26230, 0, 0.253768, -0.257757, 0, 0, 0, 0, 0, -0.00486475, 0, 0, 0
26241, 0, 0.253768, -0.257039, 0, 0, 0, 0, 0, -0.0039891, 0, 0, 0
26250, 0, 0.242421, -0.254408, 0, 0, 0, 0, 0, -0.0146186, 0, 0, 0
26260, 0, 0.244605, -0.252643, 0, 0, 0, 0, 0, -0.0098034, 0, 0, 0
26270, 0, 0.251411, -0.252422, 0, 0, 0, 0, 0, -0.00123277, 0, 0, 0
26280, 0, 0.253768, -0.252664, 0, 0, 0, 0, 0, 0.0013468, 0, 0, 0
26290, 0, 0.253768, -0.252863, 0, 0, 0, 0, 0, 0.00110438, 0, 0, 0
26300, 0, 0.251411, -0.252601, 0, 0, 0, 0, 0, -0.00145206, 0, 0, 0
26310, 0, 0.253768, -0.252811, 0, 0, 0, 0, 0, 0.00116697, 0, 0, 0
26320, 0, 0.256173, -0.253416, 0, 0, 0, 0, 0, 0.00336125, 0, 0, 0
26331, 0, 0.251411, -0.253055, 0, 0, 0, 0, 0, -0.00200576, 0, 0, 0
26340, 0, 0.253768, -0.253184, 0, 0, 0, 0, 0, 0.000712931, 0, 0, 0
26350, 0, 0.261127, -0.254614, 0, 0, 0, 0, 0, 0.0079433, 0, 0, 0
26360, 0, 0.253768, -0.254461, 0, 0, 0, 0, 0, -0.000845194, 0, 0, 0
26371, 0, 0.253768, -0.254337, 0, 0, 0, 0, 0, -0.000693053, 0, 0, 0
26380, 0, 0.251411, -0.25381, 0, 0, 0, 0, 0, -0.00292596, 0, 0, 0
26390, 0, 0.253768, -0.253803, 0, 0, 0, 0, 0, -4.16338e-05, 0, 0, 0
26400, 0, 0.26368, -0.25558, 0, 0, 0, 0, 0, 0.00987756, 0, 0, 0
26411, 0, 0.26368, -0.257038, 0, 0, 0, 0, 0, 0.00809962, 0, 0, 0
26420, 0, 0.26368, -0.258234, 0, 0, 0, 0, 0, 0.00664169, 0, 0, 0
26430, 0, 0.251411, -0.257006, 0, 0, 0, 0, 0, -0.00682318, 0, 0, 0
26440, 0, 0.253768, -0.256423, 0, 0, 0, 0, 0, -0.00323734, 0, 0, 0
26450, 0, 0.253768, -0.255945, 0, 0, 0, 0, 0, -0.00265461, 0, 0, 0
26461, 0, 0.261127, -0.256878, 0, 0, 0, 0, 0, 0.00518191, 0, 0, 0
26470, 0, 0.26368, -0.258102, 0, 0, 0, 0, 0, 0.00680217, 0, 0, 0
26480, 0, 0.253768, -0.257322, 0, 0, 0, 0, 0, -0.00433394, 0, 0, 0
26490, 0, 0.251411, -0.256258, 0, 0, 0, 0, 0, -0.0059115, 0, 0, 0
26501, 0, 0.24683, -0.254561, 0, 0, 0, 0, 0, -0.00942798, 0, 0, 0
26510, 0, 0.256173, -0.254851, 0, 0, 0, 0, 0, 0.00161159, 0, 0, 0
26520, 0, 0.253768, -0.254656, 0, 0, 0, 0, 0, -0.00108284, 0, 0, 0
26530, 0, 0.253768, -0.254496, 0, 0, 0, 0, 0, -0.00088793, 0, 0, 0
26541, 0, 0.251411, -0.253941, 0, 0, 0, 0, 0, -0.00308576, 0, 0, 0
26550, 0, 0.251411, -0.253486, 0, 0, 0, 0, 0, -0.00253034, 0, 0, 0
26560, 0, 0.253768, -0.253536, 0, 0, 0, 0, 0, 0.000282794, 0, 0, 0
26570, 0, 0.251411, -0.253154, 0, 0, 0, 0, 0, -0.00212577, 0, 0, 0
26580, 0, 0.253768, -0.253264, 0, 0, 0, 0, 0, 0.000614524, 0, 0, 0
26590, 0, 0.253768, -0.253355, 0, 0, 0, 0, 0, 0.000503898, 0, 0, 0
26600, 0, 0.251411, -0.253005, 0, 0, 0, 0, 0, -0.00194445, 0, 0, 0
26610, 0, 0.253768, -0.253143, 0, 0, 0, 0, 0, 0.000763208, 0, 0, 0
26620, 0, 0.251411, -0.252831, 0, 0, 0, 0, 0, -0.00173184, 0, 0, 0
26631, 0, 0.261127, -0.254324, 0, 0, 0, 0, 0, 0.00829625, 0, 0, 0
26640, 0, 0.26368, -0.256008, 0, 0, 0, 0, 0, 0.00935593, 0, 0, 0
26650, 0, 0.256173, -0.256038, 0, 0, 0, 0, 0, 0.000164479, 0, 0, 0
26660, 0, 0.253768, -0.255629, 0, 0, 0, 0, 0, -0.00226945, 0, 0, 0
26671, 0, 0.24683, -0.254045, 0, 0, 0, 0, 0, -0.00879915, 0, 0, 0
26680, 0, 0.251411, -0.253571, 0, 0, 0, 0, 0, -0.00263476, 0, 0, 0
26690, 0, 0.256173, -0.254039, 0, 0, 0, 0, 0, 0.00260147, 0, 0, 0
26700, 0, 0.26368, -0.255775, 0, 0, 0, 0, 0, 0.0096406, 0, 0, 0
26711, 0, 0.253768, -0.255414, 0, 0, 0, 0, 0, -0.00200641, 0, 0, 0
26720, 0, 0.249098, -0.254277, 0, 0, 0, 0, 0, -0.00631522, 0, 0, 0
26730, 0, 0.274435, -0.257905, 0, 0, 0, 0, 0, 0.0201585, 0, 0, 0
26740, 0, 0.274435, -0.260881, 0, 0, 0, 0, 0, 0.0165299, 0, 0, 0
26750, 0, 0.26368, -0.261385, 0, 0, 0, 0, 0, 0.00279927, 0, 0, 0
26760, 0, 0.251411, -0.259589, 0, 0, 0, 0, 0, -0.00997397, 0, 0, 0
26770, 0, 0.253768, -0.258542, 0, 0, 0, 0, 0, -0.00582099, 0, 0, 0
26780, 0, 0.261127, -0.259007, 0, 0, 0, 0, 0, 0.0025855, 0, 0, 0
26790, 0, 0.251411, -0.25764, 0, 0, 0, 0, 0, -0.00759625, 0, 0, 0
26801, 0, 0.253768, -0.256943, 0, 0, 0, 0, 0, -0.00387126, 0, 0, 0
26810, 0, 0.26368, -0.258155, 0, 0, 0, 0, 0, 0.00673729, 0, 0, 0
26820, 0, 0.261127, -0.25869, 0, 0, 0, 0, 0, 0.00297156, 0, 0, 0
26830, 0, 0.271662, -0.261025, 0, 0, 0, 0, 0, 0.0129713, 0, 0, 0
26841, 0, 0.251411, -0.259295, 0, 0, 0, 0, 0, -0.00961453, 0, 0, 0
26850, 0, 0.24683, -0.257051, 0, 0, 0, 0, 0, -0.0124644, 0, 0, 0
26860, 0, 0.258625, -0.257334, 0, 0, 0, 0, 0, 0.0015741, 0, 0, 0
26870, 0, 0.261127, -0.258017, 0, 0, 0, 0, 0, 0.00379273, 0, 0, 0
26881, 0, 0.26368, -0.259036, 0, 0, 0, 0, 0, 0.00566307, 0, 0, 0
26890, 0, 0.251411, -0.257664, 0, 0, 0, 0, 0, -0.00762567, 0, 0, 0
26900, 0, 0.253768, -0.256963, 0, 0, 0, 0, 0, -0.00389537, 0, 0, 0
26910, 0, 0.26368, -0.258172, 0, 0, 0, 0, 0, 0.0067175, 0, 0, 0
26920, 0, 0.26368, -0.259163, 0, 0, 0, 0, 0, 0.00550836, 0, 0, 0
26930, 0, 0.26368, -0.259976, 0, 0, 0, 0, 0, 0.00451687, 0, 0, 0
26940, 0, 0.253768, -0.258859, 0, 0, 0, 0, 0, -0.00620788, 0, 0, 0
26950, 0, 0.261127, -0.259267, 0, 0, 0, 0, 0, 0.00226822, 0, 0, 0
26960, 0, 0.26368, -0.260061, 0, 0, 0, 0, 0, 0.00441295, 0, 0, 0
26971, 0, 0.26368, -0.260713, 0, 0, 0, 0, 0, 0.00361863, 0, 0, 0
26980, 0, 0.251411, -0.259038, 0, 0, 0, 0, 0, -0.00930211, 0, 0, 0
26990, 0, 0.253768, -0.25809, 0, 0, 0, 0, 0, -0.00527006, 0, 0, 0
27000, 0, 0.261127, -0.258637, 0, 0, 0, 0, 0, 0.00303724, 0, 0, 0
27011, 0, 0.26368, -0.259544, 0, 0, 0, 0, 0, 0.00504357, 0, 0, 0
27020, 0, 0.24683, -0.257256, 0, 0, 0, 0, 0, -0.0127142, 0, 0, 0
27030, 0, 0.242421, -0.254586, 0, 0, 0, 0, 0, -0.014835, 0, 0, 0
27040, 0, 0.244605, -0.252789, 0, 0, 0, 0, 0, -0.00998081, 0, 0, 0
27051, 0, 0.251411, -0.252541, 0, 0, 0, 0, 0, -0.00137827, 0, 0, 0
27060, 0, 0.251411, -0.252337, 0, 0, 0, 0, 0, -0.00113019, 0, 0, 0
27070, 0, 0.253768, -0.252595, 0, 0, 0, 0, 0, 0.0014309, 0, 0, 0
27080, 0, 0.261127, -0.254131, 0, 0, 0, 0, 0, 0.00853205, 0, 0, 0
27090, 0, 0.26368, -0.25585, 0, 0, 0, 0, 0, 0.00954929, 0, 0, 0
27101, 0, 0.26368, -0.257259, 0, 0, 0, 0, 0, 0.00783041, 0, 0, 0
27110, 0, 0.251411, -0.256206, 0, 0, 0, 0, 0, -0.00584844, 0, 0, 0
27120, 0, 0.253768, -0.255768, 0, 0, 0, 0, 0, -0.00243807, 0, 0, 0
27130, 0, 0.253768, -0.255408, 0, 0, 0, 0, 0, -0.00199923, 0, 0, 0
27141, 0, 0.251411, -0.254688, 0, 0, 0, 0, 0, -0.00399703, 0, 0, 0
27150, 0, 0.253768, -0.254523, 0, 0, 0, 0, 0, -0.000919908, 0, 0, 0
27160, 0, 0.261127, -0.255711, 0, 0, 0, 0, 0, 0.00660437, 0, 0, 0
27170, 0, 0.26368, -0.257146, 0, 0, 0, 0, 0, 0.0079686, 0, 0, 0
27181, 0, 0.26368, -0.258322, 0, 0, 0, 0, 0, 0.00653425, 0, 0, 0
27190, 0, 0.261127, -0.258827, 0, 0, 0, 0, 0, 0.00280505, 0, 0, 0
27200, 0, 0.256173, -0.258349, 0, 0, 0, 0, 0, -0.00265422, 0, 0, 0
27210, 0, 0.253768, -0.257525, 0, 0, 0, 0, 0, -0.0045808, 0, 0, 0
27220, 0, 0.26368, -0.258633, 0, 0, 0, 0, 0, 0.00615546, 0, 0, 0
27230, 0, 0.266286, -0.26001, 0, 0, 0, 0, 0, 0.00765315, 0, 0, 0
27240, 0, 0.251411, -0.258462, 0, 0, 0, 0, 0, -0.00859946, 0, 0, 0
27250, 0, 0.253768, -0.257617, 0, 0, 0, 0, 0, -0.0046939, 0, 0, 0
27260, 0, 0.26368, -0.258709, 0, 0, 0, 0, 0, 0.00606272, 0, 0, 0
27271, 0, 0.251411, -0.257395, 0, 0, 0, 0, 0, -0.00729796, 0, 0, 0
27280, 0, 0.253768, -0.256742, 0, 0, 0, 0, 0, -0.00362667, 0, 0, 0
27290, 0, 0.26368, -0.257991, 0, 0, 0, 0, 0, 0.00693783, 0, 0, 0
27300, 0, 0.26368, -0.259015, 0, 0, 0, 0, 0, 0.00568902, 0, 0, 0
27311, 0, 0.26368, -0.259855, 0, 0, 0, 0, 0, 0.00466499, 0, 0, 0
27320, 0, 0.26368, -0.260543, 0, 0, 0, 0, 0, 0.00382528, 0, 0, 0
27330, 0, 0.253768, -0.259324, 0, 0, 0, 0, 0, -0.00677499, 0, 0, 0
27340, 0, 0.253768, -0.258324, 0, 0, 0, 0, 0, -0.00555548, 0, 0, 0
27351, 0, 0.271662, -0.260725, 0, 0, 0, 0, 0, 0.0133378, 0, 0, 0
27360, 0, 0.261127, -0.260797, 0, 0, 0, 0, 0, 0.000402391, 0, 0, 0
27370, 0, 0.24683, -0.258283, 0, 0, 0, 0, 0, -0.0139669, 0, 0, 0
27380, 0, 0.26368, -0.259255, 0, 0, 0, 0, 0, 0.00539702, 0, 0, 0
27390, 0, 0.266286, -0.26052, 0, 0, 0, 0, 0, 0.00703123, 0, 0, 0
27400, 0, 0.261127, -0.260629, 0, 0, 0, 0, 0, 0.000606924, 0, 0, 0
27410, 0, 0.26368, -0.261179, 0, 0, 0, 0, 0, 0.00305068, 0, 0, 0
27420, 0, 0.26368, -0.261629, 0, 0, 0, 0, 0, 0.00250155, 0, 0, 0
27430, 0, 0.251411, -0.25979, 0, 0, 0, 0, 0, -0.0102181, 0, 0, 0
27441, 0, 0.253768, -0.258706, 0, 0, 0, 0, 0, -0.0060212, 0, 0, 0
27450, 0, 0.26368, -0.259601, 0, 0, 0, 0, 0, 0.00497434, 0, 0, 0
27460, 0, 0.251411, -0.258127, 0, 0, 0, 0, 0, -0.00819042, 0, 0, 0
27470, 0, 0.253768, -0.257342, 0, 0, 0, 0, 0, -0.00435847, 0, 0, 0
27481, 0, 0.261127, -0.258024, 0, 0, 0, 0, 0, 0.00378475, 0, 0, 0
27490, 0, 0.251411, -0.256833, 0, 0, 0, 0, 0, -0.00661287, 0, 0, 0
27500, 0, 0.253768, -0.256282, 0, 0, 0, 0, 0, -0.0030649, 0, 0, 0
27510, 0, 0.26368, -0.257613, 0, 0, 0, 0, 0, 0.00739849, 0, 0, 0
27521, 0, 0.26368, -0.258705, 0, 0, 0, 0, 0, 0.00606677, 0, 0, 0
27530, 0, 0.261127, -0.259141, 0, 0, 0, 0, 0, 0.00242174, 0, 0, 0
27540, 0, 0.251411, -0.25775, 0, 0, 0, 0, 0, -0.00773054, 0, 0, 0
27550, 0, 0.24683, -0.255784, 0, 0, 0, 0, 0, -0.0109196, 0, 0, 0
27560, 0, 0.261127, -0.256746, 0, 0, 0, 0, 0, 0.00534284, 0, 0, 0
27570, 0, 0.251411, -0.255786, 0, 0, 0, 0, 0, -0.00533524, 0, 0, 0
27580, 0, 0.253768, -0.255422, 0, 0, 0, 0, 0, -0.00201723, 0, 0, 0
27590, 0, 0.261127, -0.256449, 0, 0, 0, 0, 0, 0.00570458, 0, 0, 0
27600, 0, 0.26368, -0.257751, 0, 0, 0, 0, 0, 0.00723076, 0, 0, 0
27611, 0, 0.26368, -0.258818, 0, 0, 0, 0, 0, 0.00592923, 0, 0, 0
27620, 0, 0.261127, -0.259234, 0, 0, 0, 0, 0, 0.00230896, 0, 0, 0
27630, 0, 0.266286, -0.260503, 0, 0, 0, 0, 0, 0.00705203, 0, 0, 0
27640, 0, 0.253768, -0.259291, 0, 0, 0, 0, 0, -0.00673473, 0, 0, 0
27651, 0, 0.251411, -0.257872, 0, 0, 0, 0, 0, -0.00788015, 0, 0, 0
27660, 0, 0.253768, -0.257134, 0, 0, 0, 0, 0, -0.00410405, 0, 0, 0
27670, 0, 0.261127, -0.257852, 0, 0, 0, 0, 0, 0.00399339, 0, 0, 0
27680, 0, 0.26368, -0.258901, 0, 0, 0, 0, 0, 0.00582761, 0, 0, 0
27691, 0, 0.26368, -0.259762, 0, 0, 0, 0, 0, 0.00477862, 0, 0, 0
27700, 0, 0.26368, -0.260467, 0, 0, 0, 0, 0, 0.00391847, 0, 0, 0
27710, 0, 0.24683, -0.258012, 0, 0, 0, 0, 0, -0.0136368, 0, 0, 0
27720, 0, 0.24683, -0.256, 0, 0, 0, 0, 0, -0.0111822, 0, 0, 0
27730, 0, 0.251411, -0.255174, 0, 0, 0, 0, 0, -0.00458884, 0, 0, 0
27741, 0, 0.253768, -0.254921, 0, 0, 0, 0, 0, -0.00140518, 0, 0, 0
27750, 0, 0.251411, -0.254289, 0, 0, 0, 0, 0, -0.00350991, 0, 0, 0
27760, 0, 0.244605, -0.252546, 0, 0, 0, 0, 0, -0.00968413, 0, 0, 0
27770, 0, 0.244605, -0.251116, 0, 0, 0, 0, 0, -0.00794099, 0, 0, 0
27781, 0, 0.253768, -0.251594, 0, 0, 0, 0, 0, 0.00265205, 0, 0, 0
27790, 0, 0.253768, -0.251985, 0, 0, 0, 0, 0, 0.00217468, 0, 0, 0
27800, 0, 0.253768, -0.252306, 0, 0, 0, 0, 0, 0.00178322, 0, 0, 0
27810, 0, 0.251411, -0.252145, 0, 0, 0, 0, 0, -0.000895411, 0, 0, 0
27821, 0, 0.253768, -0.252437, 0, 0, 0, 0, 0, 0.00162342, 0, 0, 0
27830, 0, 0.251411, -0.252252, 0, 0, 0, 0, 0, -0.00102645, 0, 0, 0
27840, 0, 0.253768, -0.252525, 0, 0, 0, 0, 0, 0.00151598, 0, 0, 0
27850, 0, 0.253768, -0.252749, 0, 0, 0, 0, 0, 0.00124311, 0, 0, 0
27860, 0, 0.251411, -0.252508, 0, 0, 0, 0, 0, -0.0013383, 0, 0, 0
27870, 0, 0.251411, -0.252311, 0, 0, 0, 0, 0, -0.00109741, 0, 0, 0
27880, 0, 0.26368, -0.254357, 0, 0, 0, 0, 0, 0.0113695, 0, 0, 0
27890, 0, 0.253768, -0.254251, 0, 0, 0, 0, 0, -0.000588715, 0, 0, 0
27900, 0, 0.24683, -0.252915, 0, 0, 0, 0, 0, -0.00742094, 0, 0, 0
27911, 0, 0.271662, -0.25629, 0, 0, 0, 0, 0, 0.0187463, 0, 0, 0
27920, 0, 0.253768, -0.255836, 0, 0, 0, 0, 0, -0.00252131, 0, 0, 0
27930, 0, 0.253768, -0.255464, 0, 0, 0, 0, 0, -0.00206748, 0, 0, 0
27940, 0, 0.253768, -0.255159, 0, 0, 0, 0, 0, -0.00169533, 0, 0, 0
27951, 0, 0.253768, -0.254908, 0, 0, 0, 0, 0, -0.00139019, 0, 0, 0
27960, 0, 0.253768, -0.254703, 0, 0, 0, 0, 0, -0.00113997, 0, 0, 0
27970, 0, 0.249098, -0.253694, 0, 0, 0, 0, 0, -0.00560473, 0, 0, 0
27980, 0, 0.253768, -0.253708, 0, 0, 0, 0, 0, 7.40588e-05, 0, 0, 0
27991, 0, 0.26368, -0.255503, 0, 0, 0, 0, 0, 0.00997245, 0, 0, 0
28000, 0, 0.251411, -0.254766, 0, 0, 0, 0, 0, -0.00409198, 0, 0, 0
28010, 0, 0.253768, -0.254587, 0, 0, 0, 0, 0, -0.000997752, 0, 0, 0
28020, 0, 0.251411, -0.254015, 0, 0, 0, 0, 0, -0.00317582, 0, 0, 0
28030, 0, 0.253768, -0.253971, 0, 0, 0, 0, 0, -0.000246525, 0, 0, 0
28040, 0, 0.244605, -0.252285, 0, 0, 0, 0, 0, -0.00936581, 0, 0, 0
28050, 0, 0.251411, -0.252127, 0, 0, 0, 0, 0, -0.000873953, 0, 0, 0
28060, 0, 0.24683, -0.251174, 0, 0, 0, 0, 0, -0.0052972, 0, 0, 0
28070, 0, 0.244605, -0.249991, 0, 0, 0, 0, 0, -0.00656916, 0, 0, 0
28081, 0, 0.251411, -0.250247, 0, 0, 0, 0, 0, 0.00141929, 0, 0, 0
28090, 0, 0.253768, -0.250881, 0, 0, 0, 0, 0, 0.00352147, 0, 0, 0
28100, 0, 0.242421, -0.249358, 0, 0, 0, 0, 0, -0.00845993, 0, 0, 0
28110, 0, 0.26368, -0.251936, 0, 0, 0, 0, 0, 0.0143221, 0, 0, 0
28121, 0, 0.26368, -0.25405, 0, 0, 0, 0, 0, 0.0117441, 0, 0, 0
28130, 0, 0.251411, -0.253575, 0, 0, 0, 0, 0, -0.0026392, 0, 0, 0
28140, 0, 0.253768, -0.25361, 0, 0, 0, 0, 0, 0.000193506, 0, 0, 0
28150, 0, 0.253768, -0.253638, 0, 0, 0, 0, 0, 0.000158668, 0, 0, 0
28161, 0, 0.251411, -0.253237, 0, 0, 0, 0, 0, -0.00222754, 0, 0, 0
28170, 0, 0.253768, -0.253333, 0, 0, 0, 0, 0, 0.000531077, 0, 0, 0
28180, 0, 0.251411, -0.252987, 0, 0, 0, 0, 0, -0.00192219, 0, 0, 0
28190, 0, 0.251411, -0.252703, 0, 0, 0, 0, 0, -0.00157619, 0, 0, 0
28200, 0, 0.253768, -0.252895, 0, 0, 0, 0, 0, 0.00106519, 0, 0, 0
28210, 0, 0.251411, -0.252628, 0, 0, 0, 0, 0, -0.00148422, 0, 0, 0
28220, 0, 0.253768, -0.252833, 0, 0, 0, 0, 0, 0.00114059, 0, 0, 0
28230, 0, 0.253768, -0.253001, 0, 0, 0, 0, 0, 0.000935286, 0, 0, 0
28240, 0, 0.251411, -0.252715, 0, 0, 0, 0, 0, -0.00159073, 0, 0, 0
28251, 0, 0.24683, -0.251656, 0, 0, 0, 0, 0, -0.00588493, 0, 0, 0
28260, 0, 0.26368, -0.25382, 0, 0, 0, 0, 0, 0.0120243, 0, 0, 0
28270, 0, 0.26368, -0.255595, 0, 0, 0, 0, 0, 0.00985992, 0, 0, 0
28280, 0, 0.26368, -0.25705, 0, 0, 0, 0, 0, 0.00808513, 0, 0, 0
28291, 0, 0.251411, -0.256035, 0, 0, 0, 0, 0, -0.00563958, 0, 0, 0
28300, 0, 0.253768, -0.255627, 0, 0, 0, 0, 0, -0.00226679, 0, 0, 0
28310, 0, 0.253768, -0.255293, 0, 0, 0, 0, 0, -0.00185877, 0, 0, 0
28320, 0, 0.261127, -0.256343, 0, 0, 0, 0, 0, 0.00583452, 0, 0, 0
28331, 0, 0.26368, -0.257663, 0, 0, 0, 0, 0, 0.00733733, 0, 0, 0
28340, 0, 0.253768, -0.256962, 0, 0, 0, 0, 0, -0.0038951, 0, 0, 0
28350, 0, 0.242421, -0.254345, 0, 0, 0, 0, 0, -0.0145415, 0, 0, 0
28360, 0, 0.244605, -0.252592, 0, 0, 0, 0, 0, -0.00974016, 0, 0, 0
28370, 0, 0.261127, -0.254128, 0, 0, 0, 0, 0, 0.00853544, 0, 0, 0
28381, 0, 0.251411, -0.253639, 0, 0, 0, 0, 0, -0.00271729, 0, 0, 0
28390, 0, 0.253768, -0.253662, 0, 0, 0, 0, 0, 0.000129491, 0, 0, 0
28400, 0, 0.251411, -0.253257, 0, 0, 0, 0, 0, -0.00225148, 0, 0, 0
28410, 0, 0.238173, -0.250542, 0, 0, 0, 0, 0, -0.0150836, 0, 0, 0
28421, 0, 0.266286, -0.253376, 0, 0, 0, 0, 0, 0.0157439, 0, 0, 0
28430, 0, 0.26368, -0.255231, 0, 0, 0, 0, 0, 0.0103043, 0, 0, 0
28440, 0, 0.266286, -0.25722, 0, 0, 0, 0, 0, 0.0110552, 0, 0, 0
